observed_at,country,source,product,category,value,sentiment,purchase_intent,seller_count,ad_intensity,incumbent_share,is_demo
2026-05-01,US,search,Waterless skincare,Beauty,28.49,0.46,0.7,12,0.18,0.14,1
2026-05-01,US,reddit,Waterless skincare,Beauty,20.15,0.55,0.74,12,0.18,0.14,1
2026-05-01,US,youtube,Waterless skincare,Beauty,39.8,0.47,0.71,12,0.18,0.14,1
2026-05-01,US,marketplace,Waterless skincare,Beauty,23.5,0.49,0.72,12,0.18,0.14,1
2026-05-01,US,news,Waterless skincare,Beauty,14.35,0.48,0.73,12,0.18,0.14,1
2026-05-01,US,search,Smart hydration bottle,Electronics,32.99,0.44,0.69,12,0.18,0.14,1
2026-05-01,US,reddit,Smart hydration bottle,Electronics,25.65,0.42,0.71,12,0.18,0.14,1
2026-05-01,US,youtube,Smart hydration bottle,Electronics,45.48,0.46,0.65,12,0.18,0.14,1
2026-05-01,US,marketplace,Smart hydration bottle,Electronics,31.39,0.46,0.64,12,0.18,0.14,1
2026-05-01,US,news,Smart hydration bottle,Electronics,17.01,0.52,0.69,12,0.18,0.14,1
2026-05-01,US,search,Walking pad,Fitness,32.01,0.39,0.55,12,0.18,0.14,1
2026-05-01,US,reddit,Walking pad,Fitness,24.54,0.35,0.56,12,0.18,0.14,1
2026-05-01,US,youtube,Walking pad,Fitness,43.34,0.38,0.59,12,0.18,0.14,1
2026-05-01,US,marketplace,Walking pad,Fitness,27.92,0.39,0.5,12,0.18,0.14,1
2026-05-01,US,news,Walking pad,Fitness,16.23,0.34,0.51,12,0.18,0.14,1
2026-05-01,US,search,Millet snacks,Food,26.62,0.39,0.74,12,0.18,0.14,1
2026-05-01,US,reddit,Millet snacks,Food,21.13,0.42,0.75,12,0.18,0.14,1
2026-05-01,US,youtube,Millet snacks,Food,35.81,0.41,0.8,12,0.18,0.14,1
2026-05-01,US,marketplace,Millet snacks,Food,25.4,0.45,0.73,12,0.18,0.14,1
2026-05-01,US,news,Millet snacks,Food,15.7,0.4,0.75,12,0.18,0.14,1
2026-05-01,US,search,Portable blender,Home,29.01,0.31,0.49,12,0.18,0.14,1
2026-05-01,US,reddit,Portable blender,Home,20.89,0.34,0.51,12,0.18,0.14,1
2026-05-01,US,youtube,Portable blender,Home,35.26,0.24,0.46,12,0.18,0.14,1
2026-05-01,US,marketplace,Portable blender,Home,23.64,0.26,0.52,12,0.18,0.14,1
2026-05-01,US,news,Portable blender,Home,15.72,0.27,0.5,12,0.18,0.14,1
2026-05-01,GB,search,Waterless skincare,Beauty,29.1,0.57,0.72,12,0.18,0.14,1
2026-05-01,GB,reddit,Waterless skincare,Beauty,21.42,0.49,0.73,12,0.18,0.14,1
2026-05-01,GB,youtube,Waterless skincare,Beauty,38.54,0.53,0.76,12,0.18,0.14,1
2026-05-01,GB,marketplace,Waterless skincare,Beauty,26.2,0.49,0.77,12,0.18,0.14,1
2026-05-01,GB,news,Waterless skincare,Beauty,16.26,0.47,0.67,12,0.18,0.14,1
2026-05-01,GB,search,Smart hydration bottle,Electronics,25.79,0.49,0.71,12,0.18,0.14,1
2026-05-01,GB,reddit,Smart hydration bottle,Electronics,20.24,0.42,0.67,12,0.18,0.14,1
2026-05-01,GB,youtube,Smart hydration bottle,Electronics,39.39,0.48,0.73,12,0.18,0.14,1
2026-05-01,GB,marketplace,Smart hydration bottle,Electronics,25.8,0.42,0.7,12,0.18,0.14,1
2026-05-01,GB,news,Smart hydration bottle,Electronics,15.39,0.48,0.66,12,0.18,0.14,1
2026-05-01,GB,search,Walking pad,Fitness,31.84,0.32,0.54,12,0.18,0.14,1
2026-05-01,GB,reddit,Walking pad,Fitness,23.26,0.42,0.59,12,0.18,0.14,1
2026-05-01,GB,youtube,Walking pad,Fitness,40.75,0.37,0.52,12,0.18,0.14,1
2026-05-01,GB,marketplace,Walking pad,Fitness,29.72,0.41,0.53,12,0.18,0.14,1
2026-05-01,GB,news,Walking pad,Fitness,17.5,0.38,0.52,12,0.18,0.14,1
2026-05-01,GB,search,Millet snacks,Food,28.24,0.44,0.79,12,0.18,0.14,1
2026-05-01,GB,reddit,Millet snacks,Food,20.52,0.38,0.74,12,0.18,0.14,1
2026-05-01,GB,youtube,Millet snacks,Food,34.3,0.49,0.8,12,0.18,0.14,1
2026-05-01,GB,marketplace,Millet snacks,Food,25.65,0.42,0.72,12,0.18,0.14,1
2026-05-01,GB,news,Millet snacks,Food,15.77,0.49,0.72,12,0.18,0.14,1
2026-05-01,GB,search,Portable blender,Home,27.0,0.24,0.51,12,0.18,0.14,1
2026-05-01,GB,reddit,Portable blender,Home,21.05,0.25,0.48,12,0.18,0.14,1
2026-05-01,GB,youtube,Portable blender,Home,36.78,0.27,0.52,12,0.18,0.14,1
2026-05-01,GB,marketplace,Portable blender,Home,24.09,0.26,0.48,12,0.18,0.14,1
2026-05-01,GB,news,Portable blender,Home,15.36,0.26,0.46,12,0.18,0.14,1
2026-05-01,EU,search,Waterless skincare,Beauty,33.49,0.54,0.71,12,0.18,0.14,1
2026-05-01,EU,reddit,Waterless skincare,Beauty,23.55,0.47,0.69,12,0.18,0.14,1
2026-05-01,EU,youtube,Waterless skincare,Beauty,41.32,0.53,0.69,12,0.18,0.14,1
2026-05-01,EU,marketplace,Waterless skincare,Beauty,27.08,0.47,0.73,12,0.18,0.14,1
2026-05-01,EU,news,Waterless skincare,Beauty,16.57,0.57,0.76,12,0.18,0.14,1
2026-05-01,EU,search,Smart hydration bottle,Electronics,25.38,0.44,0.7,12,0.18,0.14,1
2026-05-01,EU,reddit,Smart hydration bottle,Electronics,19.44,0.43,0.72,12,0.18,0.14,1
2026-05-01,EU,youtube,Smart hydration bottle,Electronics,36.81,0.47,0.71,12,0.18,0.14,1
2026-05-01,EU,marketplace,Smart hydration bottle,Electronics,25.35,0.44,0.64,12,0.18,0.14,1
2026-05-01,EU,news,Smart hydration bottle,Electronics,14.71,0.47,0.68,12,0.18,0.14,1
2026-05-01,EU,search,Walking pad,Fitness,27.87,0.39,0.6,12,0.18,0.14,1
2026-05-01,EU,reddit,Walking pad,Fitness,19.11,0.36,0.53,12,0.18,0.14,1
2026-05-01,EU,youtube,Walking pad,Fitness,38.3,0.34,0.52,12,0.18,0.14,1
2026-05-01,EU,marketplace,Walking pad,Fitness,24.13,0.36,0.53,12,0.18,0.14,1
2026-05-01,EU,news,Walking pad,Fitness,14.33,0.42,0.54,12,0.18,0.14,1
2026-05-01,EU,search,Millet snacks,Food,28.37,0.45,0.72,12,0.18,0.14,1
2026-05-01,EU,reddit,Millet snacks,Food,21.67,0.48,0.81,12,0.18,0.14,1
2026-05-01,EU,youtube,Millet snacks,Food,38.63,0.48,0.73,12,0.18,0.14,1
2026-05-01,EU,marketplace,Millet snacks,Food,24.25,0.4,0.75,12,0.18,0.14,1
2026-05-01,EU,news,Millet snacks,Food,13.93,0.42,0.81,12,0.18,0.14,1
2026-05-01,EU,search,Portable blender,Home,28.2,0.33,0.48,12,0.18,0.14,1
2026-05-01,EU,reddit,Portable blender,Home,21.63,0.35,0.53,12,0.18,0.14,1
2026-05-01,EU,youtube,Portable blender,Home,39.67,0.32,0.45,12,0.18,0.14,1
2026-05-01,EU,marketplace,Portable blender,Home,25.5,0.35,0.49,12,0.18,0.14,1
2026-05-01,EU,news,Portable blender,Home,16.13,0.32,0.44,12,0.18,0.14,1
2026-05-01,IN,search,Waterless skincare,Beauty,32.23,0.52,0.76,12,0.18,0.14,1
2026-05-01,IN,reddit,Waterless skincare,Beauty,22.75,0.58,0.68,12,0.18,0.14,1
2026-05-01,IN,youtube,Waterless skincare,Beauty,41.11,0.53,0.74,12,0.18,0.14,1
2026-05-01,IN,marketplace,Waterless skincare,Beauty,27.61,0.47,0.76,12,0.18,0.14,1
2026-05-01,IN,news,Waterless skincare,Beauty,16.9,0.53,0.73,12,0.18,0.14,1
2026-05-01,IN,search,Smart hydration bottle,Electronics,27.27,0.49,0.68,12,0.18,0.14,1
2026-05-01,IN,reddit,Smart hydration bottle,Electronics,21.94,0.44,0.7,12,0.18,0.14,1
2026-05-01,IN,youtube,Smart hydration bottle,Electronics,35.87,0.46,0.7,12,0.18,0.14,1
2026-05-01,IN,marketplace,Smart hydration bottle,Electronics,24.13,0.45,0.71,12,0.18,0.14,1
2026-05-01,IN,news,Smart hydration bottle,Electronics,14.26,0.47,0.73,12,0.18,0.14,1
2026-05-01,IN,search,Walking pad,Fitness,29.19,0.32,0.52,12,0.18,0.14,1
2026-05-01,IN,reddit,Walking pad,Fitness,19.8,0.42,0.59,12,0.18,0.14,1
2026-05-01,IN,youtube,Walking pad,Fitness,38.81,0.35,0.52,12,0.18,0.14,1
2026-05-01,IN,marketplace,Walking pad,Fitness,25.72,0.39,0.56,12,0.18,0.14,1
2026-05-01,IN,news,Walking pad,Fitness,16.04,0.39,0.5,12,0.18,0.14,1
2026-05-01,IN,search,Millet snacks,Food,36.74,0.41,0.78,12,0.18,0.14,1
2026-05-01,IN,reddit,Millet snacks,Food,28.01,0.4,0.72,12,0.18,0.14,1
2026-05-01,IN,youtube,Millet snacks,Food,44.88,0.45,0.74,12,0.18,0.14,1
2026-05-01,IN,marketplace,Millet snacks,Food,32.13,0.47,0.73,12,0.18,0.14,1
2026-05-01,IN,news,Millet snacks,Food,19.71,0.41,0.76,12,0.18,0.14,1
2026-05-01,IN,search,Portable blender,Home,28.65,0.34,0.44,12,0.18,0.14,1
2026-05-01,IN,reddit,Portable blender,Home,20.12,0.27,0.43,12,0.18,0.14,1
2026-05-01,IN,youtube,Portable blender,Home,37.99,0.31,0.46,12,0.18,0.14,1
2026-05-01,IN,marketplace,Portable blender,Home,25.23,0.3,0.47,12,0.18,0.14,1
2026-05-01,IN,news,Portable blender,Home,13.89,0.24,0.52,12,0.18,0.14,1
2026-05-02,US,search,Waterless skincare,Beauty,30.0,0.53,0.75,12,0.18,0.14,1
2026-05-02,US,reddit,Waterless skincare,Beauty,21.54,0.48,0.68,12,0.18,0.14,1
2026-05-02,US,youtube,Waterless skincare,Beauty,37.3,0.57,0.75,12,0.18,0.14,1
2026-05-02,US,marketplace,Waterless skincare,Beauty,26.84,0.57,0.69,12,0.18,0.14,1
2026-05-02,US,news,Waterless skincare,Beauty,15.07,0.47,0.75,12,0.18,0.14,1
2026-05-02,US,search,Smart hydration bottle,Electronics,35.07,0.46,0.69,12,0.18,0.14,1
2026-05-02,US,reddit,Smart hydration bottle,Electronics,23.75,0.53,0.72,12,0.18,0.14,1
2026-05-02,US,youtube,Smart hydration bottle,Electronics,47.92,0.51,0.72,12,0.18,0.14,1
2026-05-02,US,marketplace,Smart hydration bottle,Electronics,27.96,0.5,0.66,12,0.18,0.14,1
2026-05-02,US,news,Smart hydration bottle,Electronics,19.41,0.51,0.72,12,0.18,0.14,1
2026-05-02,US,search,Walking pad,Fitness,32.45,0.34,0.58,12,0.18,0.14,1
2026-05-02,US,reddit,Walking pad,Fitness,22.04,0.41,0.59,12,0.18,0.14,1
2026-05-02,US,youtube,Walking pad,Fitness,40.35,0.4,0.55,12,0.18,0.14,1
2026-05-02,US,marketplace,Walking pad,Fitness,27.22,0.4,0.52,12,0.18,0.14,1
2026-05-02,US,news,Walking pad,Fitness,15.96,0.33,0.53,12,0.18,0.14,1
2026-05-02,US,search,Millet snacks,Food,29.48,0.5,0.74,12,0.18,0.14,1
2026-05-02,US,reddit,Millet snacks,Food,21.46,0.43,0.81,12,0.18,0.14,1
2026-05-02,US,youtube,Millet snacks,Food,38.06,0.49,0.72,12,0.18,0.14,1
2026-05-02,US,marketplace,Millet snacks,Food,26.91,0.4,0.81,12,0.18,0.14,1
2026-05-02,US,news,Millet snacks,Food,14.92,0.39,0.75,12,0.18,0.14,1
2026-05-02,US,search,Portable blender,Home,28.36,0.27,0.49,12,0.18,0.14,1
2026-05-02,US,reddit,Portable blender,Home,20.64,0.28,0.49,12,0.18,0.14,1
2026-05-02,US,youtube,Portable blender,Home,35.82,0.32,0.43,12,0.18,0.14,1
2026-05-02,US,marketplace,Portable blender,Home,26.21,0.3,0.5,12,0.18,0.14,1
2026-05-02,US,news,Portable blender,Home,15.63,0.32,0.47,12,0.18,0.14,1
2026-05-02,GB,search,Waterless skincare,Beauty,28.19,0.54,0.7,12,0.18,0.14,1
2026-05-02,GB,reddit,Waterless skincare,Beauty,21.91,0.56,0.74,12,0.18,0.14,1
2026-05-02,GB,youtube,Waterless skincare,Beauty,39.36,0.5,0.71,12,0.18,0.14,1
2026-05-02,GB,marketplace,Waterless skincare,Beauty,26.63,0.5,0.68,12,0.18,0.14,1
2026-05-02,GB,news,Waterless skincare,Beauty,16.31,0.57,0.74,12,0.18,0.14,1
2026-05-02,GB,search,Smart hydration bottle,Electronics,29.26,0.49,0.66,12,0.18,0.14,1
2026-05-02,GB,reddit,Smart hydration bottle,Electronics,20.91,0.42,0.66,12,0.18,0.14,1
2026-05-02,GB,youtube,Smart hydration bottle,Electronics,37.02,0.48,0.7,12,0.18,0.14,1
2026-05-02,GB,marketplace,Smart hydration bottle,Electronics,24.8,0.47,0.65,12,0.18,0.14,1
2026-05-02,GB,news,Smart hydration bottle,Electronics,15.17,0.52,0.71,12,0.18,0.14,1
2026-05-02,GB,search,Walking pad,Fitness,30.17,0.32,0.55,12,0.18,0.14,1
2026-05-02,GB,reddit,Walking pad,Fitness,24.17,0.35,0.58,12,0.18,0.14,1
2026-05-02,GB,youtube,Walking pad,Fitness,44.21,0.39,0.52,12,0.18,0.14,1
2026-05-02,GB,marketplace,Walking pad,Fitness,27.27,0.31,0.52,12,0.18,0.14,1
2026-05-02,GB,news,Walking pad,Fitness,17.34,0.41,0.51,12,0.18,0.14,1
2026-05-02,GB,search,Millet snacks,Food,27.3,0.45,0.73,12,0.18,0.14,1
2026-05-02,GB,reddit,Millet snacks,Food,21.29,0.44,0.73,12,0.18,0.14,1
2026-05-02,GB,youtube,Millet snacks,Food,38.12,0.38,0.79,12,0.18,0.14,1
2026-05-02,GB,marketplace,Millet snacks,Food,25.81,0.39,0.75,12,0.18,0.14,1
2026-05-02,GB,news,Millet snacks,Food,14.51,0.49,0.76,12,0.18,0.14,1
2026-05-02,GB,search,Portable blender,Home,25.66,0.26,0.51,12,0.18,0.14,1
2026-05-02,GB,reddit,Portable blender,Home,20.41,0.33,0.5,12,0.18,0.14,1
2026-05-02,GB,youtube,Portable blender,Home,39.49,0.31,0.53,12,0.18,0.14,1
2026-05-02,GB,marketplace,Portable blender,Home,26.0,0.31,0.5,12,0.18,0.14,1
2026-05-02,GB,news,Portable blender,Home,15.07,0.33,0.48,12,0.18,0.14,1
2026-05-02,EU,search,Waterless skincare,Beauty,33.58,0.55,0.72,12,0.18,0.14,1
2026-05-02,EU,reddit,Waterless skincare,Beauty,23.05,0.49,0.73,12,0.18,0.14,1
2026-05-02,EU,youtube,Waterless skincare,Beauty,44.54,0.52,0.73,12,0.18,0.14,1
2026-05-02,EU,marketplace,Waterless skincare,Beauty,27.73,0.47,0.7,12,0.18,0.14,1
2026-05-02,EU,news,Waterless skincare,Beauty,16.94,0.5,0.72,12,0.18,0.14,1
2026-05-02,EU,search,Smart hydration bottle,Electronics,26.02,0.44,0.7,12,0.18,0.14,1
2026-05-02,EU,reddit,Smart hydration bottle,Electronics,21.15,0.42,0.67,12,0.18,0.14,1
2026-05-02,EU,youtube,Smart hydration bottle,Electronics,37.21,0.46,0.65,12,0.18,0.14,1
2026-05-02,EU,marketplace,Smart hydration bottle,Electronics,24.39,0.52,0.69,12,0.18,0.14,1
2026-05-02,EU,news,Smart hydration bottle,Electronics,15.48,0.52,0.71,12,0.18,0.14,1
2026-05-02,EU,search,Walking pad,Fitness,26.9,0.31,0.54,12,0.18,0.14,1
2026-05-02,EU,reddit,Walking pad,Fitness,21.25,0.41,0.6,12,0.18,0.14,1
2026-05-02,EU,youtube,Walking pad,Fitness,36.51,0.4,0.55,12,0.18,0.14,1
2026-05-02,EU,marketplace,Walking pad,Fitness,24.98,0.33,0.52,12,0.18,0.14,1
2026-05-02,EU,news,Walking pad,Fitness,14.91,0.31,0.53,12,0.18,0.14,1
2026-05-02,EU,search,Millet snacks,Food,28.07,0.43,0.73,12,0.18,0.14,1
2026-05-02,EU,reddit,Millet snacks,Food,20.45,0.39,0.77,12,0.18,0.14,1
2026-05-02,EU,youtube,Millet snacks,Food,34.52,0.43,0.77,12,0.18,0.14,1
2026-05-02,EU,marketplace,Millet snacks,Food,23.02,0.46,0.72,12,0.18,0.14,1
2026-05-02,EU,news,Millet snacks,Food,14.98,0.39,0.75,12,0.18,0.14,1
2026-05-02,EU,search,Portable blender,Home,28.32,0.27,0.51,12,0.18,0.14,1
2026-05-02,EU,reddit,Portable blender,Home,21.76,0.33,0.51,12,0.18,0.14,1
2026-05-02,EU,youtube,Portable blender,Home,38.46,0.24,0.43,12,0.18,0.14,1
2026-05-02,EU,marketplace,Portable blender,Home,26.71,0.35,0.46,12,0.18,0.14,1
2026-05-02,EU,news,Portable blender,Home,16.57,0.33,0.5,12,0.18,0.14,1
2026-05-02,IN,search,Waterless skincare,Beauty,33.51,0.57,0.69,12,0.18,0.14,1
2026-05-02,IN,reddit,Waterless skincare,Beauty,22.64,0.48,0.68,12,0.18,0.14,1
2026-05-02,IN,youtube,Waterless skincare,Beauty,44.72,0.53,0.69,12,0.18,0.14,1
2026-05-02,IN,marketplace,Waterless skincare,Beauty,29.94,0.55,0.69,12,0.18,0.14,1
2026-05-02,IN,news,Waterless skincare,Beauty,18.07,0.55,0.68,12,0.18,0.14,1
2026-05-02,IN,search,Smart hydration bottle,Electronics,29.25,0.53,0.64,12,0.18,0.14,1
2026-05-02,IN,reddit,Smart hydration bottle,Electronics,19.6,0.45,0.7,12,0.18,0.14,1
2026-05-02,IN,youtube,Smart hydration bottle,Electronics,40.22,0.46,0.7,12,0.18,0.14,1
2026-05-02,IN,marketplace,Smart hydration bottle,Electronics,23.7,0.5,0.69,12,0.18,0.14,1
2026-05-02,IN,news,Smart hydration bottle,Electronics,14.54,0.51,0.72,12,0.18,0.14,1
2026-05-02,IN,search,Walking pad,Fitness,28.05,0.32,0.6,12,0.18,0.14,1
2026-05-02,IN,reddit,Walking pad,Fitness,21.57,0.35,0.54,12,0.18,0.14,1
2026-05-02,IN,youtube,Walking pad,Fitness,36.66,0.37,0.53,12,0.18,0.14,1
2026-05-02,IN,marketplace,Walking pad,Fitness,26.11,0.41,0.51,12,0.18,0.14,1
2026-05-02,IN,news,Walking pad,Fitness,16.19,0.38,0.58,12,0.18,0.14,1
2026-05-02,IN,search,Millet snacks,Food,36.73,0.43,0.78,12,0.18,0.14,1
2026-05-02,IN,reddit,Millet snacks,Food,28.51,0.41,0.79,12,0.18,0.14,1
2026-05-02,IN,youtube,Millet snacks,Food,48.44,0.44,0.75,12,0.18,0.14,1
2026-05-02,IN,marketplace,Millet snacks,Food,33.16,0.41,0.8,12,0.18,0.14,1
2026-05-02,IN,news,Millet snacks,Food,20.54,0.39,0.8,12,0.18,0.14,1
2026-05-02,IN,search,Portable blender,Home,26.46,0.29,0.49,12,0.18,0.14,1
2026-05-02,IN,reddit,Portable blender,Home,20.23,0.24,0.52,12,0.18,0.14,1
2026-05-02,IN,youtube,Portable blender,Home,35.4,0.26,0.51,12,0.18,0.14,1
2026-05-02,IN,marketplace,Portable blender,Home,24.15,0.34,0.5,12,0.18,0.14,1
2026-05-02,IN,news,Portable blender,Home,14.62,0.24,0.52,12,0.18,0.14,1
2026-05-03,US,search,Waterless skincare,Beauty,27.16,0.55,0.72,12,0.18,0.14,1
2026-05-03,US,reddit,Waterless skincare,Beauty,22.41,0.54,0.73,12,0.18,0.14,1
2026-05-03,US,youtube,Waterless skincare,Beauty,38.88,0.56,0.68,12,0.18,0.14,1
2026-05-03,US,marketplace,Waterless skincare,Beauty,24.94,0.54,0.7,12,0.18,0.14,1
2026-05-03,US,news,Waterless skincare,Beauty,16.04,0.52,0.72,12,0.18,0.14,1
2026-05-03,US,search,Smart hydration bottle,Electronics,33.42,0.5,0.66,12,0.18,0.14,1
2026-05-03,US,reddit,Smart hydration bottle,Electronics,26.05,0.45,0.66,12,0.18,0.14,1
2026-05-03,US,youtube,Smart hydration bottle,Electronics,43.17,0.44,0.64,12,0.18,0.14,1
2026-05-03,US,marketplace,Smart hydration bottle,Electronics,30.55,0.51,0.65,12,0.18,0.14,1
2026-05-03,US,news,Smart hydration bottle,Electronics,17.84,0.47,0.7,12,0.18,0.14,1
2026-05-03,US,search,Walking pad,Fitness,33.6,0.37,0.53,12,0.19,0.14,1
2026-05-03,US,reddit,Walking pad,Fitness,22.3,0.33,0.52,12,0.19,0.14,1
2026-05-03,US,youtube,Walking pad,Fitness,40.61,0.31,0.55,12,0.19,0.14,1
2026-05-03,US,marketplace,Walking pad,Fitness,27.45,0.42,0.56,12,0.19,0.14,1
2026-05-03,US,news,Walking pad,Fitness,17.8,0.32,0.59,12,0.19,0.14,1
2026-05-03,US,search,Millet snacks,Food,28.41,0.48,0.77,12,0.18,0.14,1
2026-05-03,US,reddit,Millet snacks,Food,21.25,0.43,0.73,12,0.18,0.14,1
2026-05-03,US,youtube,Millet snacks,Food,36.0,0.49,0.76,12,0.18,0.14,1
2026-05-03,US,marketplace,Millet snacks,Food,26.76,0.43,0.72,12,0.18,0.14,1
2026-05-03,US,news,Millet snacks,Food,15.93,0.39,0.72,12,0.18,0.14,1
2026-05-03,US,search,Portable blender,Home,28.05,0.27,0.53,12,0.19,0.14,1
2026-05-03,US,reddit,Portable blender,Home,19.74,0.33,0.49,12,0.19,0.14,1
2026-05-03,US,youtube,Portable blender,Home,39.06,0.26,0.48,12,0.19,0.14,1
2026-05-03,US,marketplace,Portable blender,Home,24.85,0.29,0.52,12,0.19,0.14,1
2026-05-03,US,news,Portable blender,Home,16.34,0.27,0.49,12,0.19,0.14,1
2026-05-03,GB,search,Waterless skincare,Beauty,30.93,0.55,0.76,12,0.18,0.14,1
2026-05-03,GB,reddit,Waterless skincare,Beauty,21.91,0.49,0.74,12,0.18,0.14,1
2026-05-03,GB,youtube,Waterless skincare,Beauty,39.14,0.48,0.68,12,0.18,0.14,1
2026-05-03,GB,marketplace,Waterless skincare,Beauty,25.5,0.51,0.73,12,0.18,0.14,1
2026-05-03,GB,news,Waterless skincare,Beauty,16.26,0.49,0.74,12,0.18,0.14,1
2026-05-03,GB,search,Smart hydration bottle,Electronics,28.9,0.47,0.7,12,0.18,0.14,1
2026-05-03,GB,reddit,Smart hydration bottle,Electronics,22.33,0.51,0.69,12,0.18,0.14,1
2026-05-03,GB,youtube,Smart hydration bottle,Electronics,38.79,0.53,0.67,12,0.18,0.14,1
2026-05-03,GB,marketplace,Smart hydration bottle,Electronics,25.45,0.49,0.72,12,0.18,0.14,1
2026-05-03,GB,news,Smart hydration bottle,Electronics,16.16,0.42,0.65,12,0.18,0.14,1
2026-05-03,GB,search,Walking pad,Fitness,31.18,0.4,0.56,12,0.19,0.14,1
2026-05-03,GB,reddit,Walking pad,Fitness,23.32,0.32,0.57,12,0.19,0.14,1
2026-05-03,GB,youtube,Walking pad,Fitness,44.46,0.42,0.55,12,0.19,0.14,1
2026-05-03,GB,marketplace,Walking pad,Fitness,28.81,0.32,0.5,12,0.19,0.14,1
2026-05-03,GB,news,Walking pad,Fitness,17.45,0.35,0.53,12,0.19,0.14,1
2026-05-03,GB,search,Millet snacks,Food,26.42,0.49,0.79,12,0.18,0.14,1
2026-05-03,GB,reddit,Millet snacks,Food,21.24,0.49,0.81,12,0.18,0.14,1
2026-05-03,GB,youtube,Millet snacks,Food,38.74,0.41,0.71,12,0.18,0.14,1
2026-05-03,GB,marketplace,Millet snacks,Food,26.12,0.44,0.78,12,0.18,0.14,1
2026-05-03,GB,news,Millet snacks,Food,16.31,0.4,0.77,12,0.18,0.14,1
2026-05-03,GB,search,Portable blender,Home,28.23,0.29,0.44,12,0.19,0.14,1
2026-05-03,GB,reddit,Portable blender,Home,20.34,0.27,0.5,12,0.19,0.14,1
2026-05-03,GB,youtube,Portable blender,Home,39.28,0.27,0.5,12,0.19,0.14,1
2026-05-03,GB,marketplace,Portable blender,Home,24.2,0.35,0.51,12,0.19,0.14,1
2026-05-03,GB,news,Portable blender,Home,15.34,0.29,0.46,12,0.19,0.14,1
2026-05-03,EU,search,Waterless skincare,Beauty,31.5,0.58,0.71,12,0.18,0.14,1
2026-05-03,EU,reddit,Waterless skincare,Beauty,24.27,0.58,0.74,12,0.18,0.14,1
2026-05-03,EU,youtube,Waterless skincare,Beauty,43.86,0.51,0.69,12,0.18,0.14,1
2026-05-03,EU,marketplace,Waterless skincare,Beauty,28.5,0.55,0.73,12,0.18,0.14,1
2026-05-03,EU,news,Waterless skincare,Beauty,18.41,0.48,0.72,12,0.18,0.14,1
2026-05-03,EU,search,Smart hydration bottle,Electronics,29.47,0.47,0.7,12,0.18,0.14,1
2026-05-03,EU,reddit,Smart hydration bottle,Electronics,19.75,0.53,0.69,12,0.18,0.14,1
2026-05-03,EU,youtube,Smart hydration bottle,Electronics,36.16,0.43,0.69,12,0.18,0.14,1
2026-05-03,EU,marketplace,Smart hydration bottle,Electronics,25.21,0.43,0.73,12,0.18,0.14,1
2026-05-03,EU,news,Smart hydration bottle,Electronics,16.18,0.47,0.64,12,0.18,0.14,1
2026-05-03,EU,search,Walking pad,Fitness,29.0,0.37,0.57,12,0.19,0.14,1
2026-05-03,EU,reddit,Walking pad,Fitness,20.81,0.34,0.58,12,0.19,0.14,1
2026-05-03,EU,youtube,Walking pad,Fitness,39.92,0.34,0.56,12,0.19,0.14,1
2026-05-03,EU,marketplace,Walking pad,Fitness,24.53,0.42,0.55,12,0.19,0.14,1
2026-05-03,EU,news,Walking pad,Fitness,16.05,0.41,0.53,12,0.19,0.14,1
2026-05-03,EU,search,Millet snacks,Food,28.9,0.43,0.8,12,0.18,0.14,1
2026-05-03,EU,reddit,Millet snacks,Food,20.85,0.48,0.74,12,0.18,0.14,1
2026-05-03,EU,youtube,Millet snacks,Food,36.43,0.45,0.81,12,0.18,0.14,1
2026-05-03,EU,marketplace,Millet snacks,Food,24.96,0.4,0.76,12,0.18,0.14,1
2026-05-03,EU,news,Millet snacks,Food,14.94,0.45,0.76,12,0.18,0.14,1
2026-05-03,EU,search,Portable blender,Home,29.67,0.27,0.45,12,0.19,0.14,1
2026-05-03,EU,reddit,Portable blender,Home,23.01,0.3,0.45,12,0.19,0.14,1
2026-05-03,EU,youtube,Portable blender,Home,41.86,0.24,0.5,12,0.19,0.14,1
2026-05-03,EU,marketplace,Portable blender,Home,27.65,0.33,0.47,12,0.19,0.14,1
2026-05-03,EU,news,Portable blender,Home,16.8,0.33,0.53,12,0.19,0.14,1
2026-05-03,IN,search,Waterless skincare,Beauty,32.84,0.46,0.72,12,0.18,0.14,1
2026-05-03,IN,reddit,Waterless skincare,Beauty,24.96,0.56,0.76,12,0.18,0.14,1
2026-05-03,IN,youtube,Waterless skincare,Beauty,43.99,0.52,0.72,12,0.18,0.14,1
2026-05-03,IN,marketplace,Waterless skincare,Beauty,30.5,0.51,0.74,12,0.18,0.14,1
2026-05-03,IN,news,Waterless skincare,Beauty,17.2,0.52,0.77,12,0.18,0.14,1
2026-05-03,IN,search,Smart hydration bottle,Electronics,27.77,0.5,0.69,12,0.18,0.14,1
2026-05-03,IN,reddit,Smart hydration bottle,Electronics,22.36,0.52,0.72,12,0.18,0.14,1
2026-05-03,IN,youtube,Smart hydration bottle,Electronics,37.71,0.45,0.7,12,0.18,0.14,1
2026-05-03,IN,marketplace,Smart hydration bottle,Electronics,26.5,0.52,0.63,12,0.18,0.14,1
2026-05-03,IN,news,Smart hydration bottle,Electronics,14.68,0.49,0.72,12,0.18,0.14,1
2026-05-03,IN,search,Walking pad,Fitness,29.97,0.4,0.54,12,0.19,0.14,1
2026-05-03,IN,reddit,Walking pad,Fitness,19.83,0.38,0.59,12,0.19,0.14,1
2026-05-03,IN,youtube,Walking pad,Fitness,37.52,0.39,0.59,12,0.19,0.14,1
2026-05-03,IN,marketplace,Walking pad,Fitness,23.61,0.4,0.53,12,0.19,0.14,1
2026-05-03,IN,news,Walking pad,Fitness,15.14,0.32,0.55,12,0.19,0.14,1
2026-05-03,IN,search,Millet snacks,Food,36.53,0.47,0.73,12,0.18,0.14,1
2026-05-03,IN,reddit,Millet snacks,Food,25.54,0.48,0.77,12,0.18,0.14,1
2026-05-03,IN,youtube,Millet snacks,Food,47.09,0.49,0.72,12,0.18,0.14,1
2026-05-03,IN,marketplace,Millet snacks,Food,32.4,0.41,0.74,12,0.18,0.14,1
2026-05-03,IN,news,Millet snacks,Food,18.54,0.48,0.8,12,0.18,0.14,1
2026-05-03,IN,search,Portable blender,Home,28.45,0.25,0.47,12,0.19,0.14,1
2026-05-03,IN,reddit,Portable blender,Home,20.37,0.31,0.49,12,0.19,0.14,1
2026-05-03,IN,youtube,Portable blender,Home,37.08,0.27,0.51,12,0.19,0.14,1
2026-05-03,IN,marketplace,Portable blender,Home,23.93,0.28,0.48,12,0.19,0.14,1
2026-05-03,IN,news,Portable blender,Home,14.71,0.3,0.49,12,0.19,0.14,1
2026-05-04,US,search,Waterless skincare,Beauty,31.29,0.5,0.77,12,0.19,0.14,1
2026-05-04,US,reddit,Waterless skincare,Beauty,22.44,0.49,0.73,12,0.19,0.14,1
2026-05-04,US,youtube,Waterless skincare,Beauty,40.54,0.55,0.67,12,0.19,0.14,1
2026-05-04,US,marketplace,Waterless skincare,Beauty,26.73,0.52,0.76,12,0.19,0.14,1
2026-05-04,US,news,Waterless skincare,Beauty,15.62,0.56,0.73,12,0.19,0.14,1
2026-05-04,US,search,Smart hydration bottle,Electronics,33.54,0.49,0.69,12,0.19,0.14,1
2026-05-04,US,reddit,Smart hydration bottle,Electronics,26.33,0.5,0.7,12,0.19,0.14,1
2026-05-04,US,youtube,Smart hydration bottle,Electronics,48.43,0.49,0.72,12,0.19,0.14,1
2026-05-04,US,marketplace,Smart hydration bottle,Electronics,31.46,0.45,0.67,12,0.19,0.14,1
2026-05-04,US,news,Smart hydration bottle,Electronics,19.05,0.5,0.64,12,0.19,0.14,1
2026-05-04,US,search,Walking pad,Fitness,30.97,0.4,0.52,12,0.19,0.14,1
2026-05-04,US,reddit,Walking pad,Fitness,22.68,0.37,0.6,12,0.19,0.14,1
2026-05-04,US,youtube,Walking pad,Fitness,43.23,0.42,0.58,12,0.19,0.14,1
2026-05-04,US,marketplace,Walking pad,Fitness,27.72,0.41,0.55,12,0.19,0.14,1
2026-05-04,US,news,Walking pad,Fitness,18.29,0.4,0.53,12,0.19,0.14,1
2026-05-04,US,search,Millet snacks,Food,27.28,0.49,0.72,12,0.19,0.14,1
2026-05-04,US,reddit,Millet snacks,Food,23.04,0.48,0.78,12,0.19,0.14,1
2026-05-04,US,youtube,Millet snacks,Food,41.55,0.5,0.79,12,0.19,0.14,1
2026-05-04,US,marketplace,Millet snacks,Food,25.47,0.47,0.71,12,0.19,0.14,1
2026-05-04,US,news,Millet snacks,Food,15.94,0.43,0.78,12,0.19,0.14,1
2026-05-04,US,search,Portable blender,Home,28.79,0.31,0.51,12,0.19,0.14,1
2026-05-04,US,reddit,Portable blender,Home,22.38,0.25,0.45,12,0.19,0.14,1
2026-05-04,US,youtube,Portable blender,Home,35.43,0.34,0.49,12,0.19,0.14,1
2026-05-04,US,marketplace,Portable blender,Home,26.77,0.26,0.44,12,0.19,0.14,1
2026-05-04,US,news,Portable blender,Home,16.16,0.34,0.46,12,0.19,0.14,1
2026-05-04,GB,search,Waterless skincare,Beauty,30.51,0.48,0.76,12,0.19,0.14,1
2026-05-04,GB,reddit,Waterless skincare,Beauty,22.55,0.52,0.68,12,0.19,0.14,1
2026-05-04,GB,youtube,Waterless skincare,Beauty,43.99,0.48,0.72,12,0.19,0.14,1
2026-05-04,GB,marketplace,Waterless skincare,Beauty,28.48,0.55,0.76,12,0.19,0.14,1
2026-05-04,GB,news,Waterless skincare,Beauty,16.81,0.55,0.69,12,0.19,0.14,1
2026-05-04,GB,search,Smart hydration bottle,Electronics,28.16,0.43,0.68,12,0.19,0.14,1
2026-05-04,GB,reddit,Smart hydration bottle,Electronics,21.1,0.53,0.63,12,0.19,0.14,1
2026-05-04,GB,youtube,Smart hydration bottle,Electronics,37.77,0.47,0.73,12,0.19,0.14,1
2026-05-04,GB,marketplace,Smart hydration bottle,Electronics,26.92,0.43,0.7,12,0.19,0.14,1
2026-05-04,GB,news,Smart hydration bottle,Electronics,15.77,0.53,0.67,12,0.19,0.14,1
2026-05-04,GB,search,Walking pad,Fitness,31.97,0.33,0.51,12,0.19,0.14,1
2026-05-04,GB,reddit,Walking pad,Fitness,25.51,0.36,0.57,12,0.19,0.14,1
2026-05-04,GB,youtube,Walking pad,Fitness,44.66,0.38,0.5,12,0.19,0.14,1
2026-05-04,GB,marketplace,Walking pad,Fitness,30.36,0.34,0.51,12,0.19,0.14,1
2026-05-04,GB,news,Walking pad,Fitness,18.0,0.32,0.58,12,0.19,0.14,1
2026-05-04,GB,search,Millet snacks,Food,27.23,0.4,0.8,12,0.19,0.14,1
2026-05-04,GB,reddit,Millet snacks,Food,20.79,0.4,0.8,12,0.19,0.14,1
2026-05-04,GB,youtube,Millet snacks,Food,35.67,0.48,0.72,12,0.19,0.14,1
2026-05-04,GB,marketplace,Millet snacks,Food,24.24,0.41,0.73,12,0.19,0.14,1
2026-05-04,GB,news,Millet snacks,Food,15.97,0.38,0.71,12,0.19,0.14,1
2026-05-04,GB,search,Portable blender,Home,29.15,0.26,0.46,12,0.19,0.14,1
2026-05-04,GB,reddit,Portable blender,Home,20.05,0.24,0.5,12,0.19,0.14,1
2026-05-04,GB,youtube,Portable blender,Home,37.96,0.32,0.48,12,0.19,0.14,1
2026-05-04,GB,marketplace,Portable blender,Home,26.19,0.3,0.44,12,0.19,0.14,1
2026-05-04,GB,news,Portable blender,Home,15.42,0.35,0.43,12,0.19,0.14,1
2026-05-04,EU,search,Waterless skincare,Beauty,34.07,0.56,0.72,12,0.19,0.14,1
2026-05-04,EU,reddit,Waterless skincare,Beauty,24.44,0.58,0.68,12,0.19,0.14,1
2026-05-04,EU,youtube,Waterless skincare,Beauty,44.11,0.51,0.74,12,0.19,0.14,1
2026-05-04,EU,marketplace,Waterless skincare,Beauty,29.46,0.57,0.68,12,0.19,0.14,1
2026-05-04,EU,news,Waterless skincare,Beauty,16.97,0.53,0.68,12,0.19,0.14,1
2026-05-04,EU,search,Smart hydration bottle,Electronics,27.3,0.49,0.68,12,0.19,0.14,1
2026-05-04,EU,reddit,Smart hydration bottle,Electronics,20.63,0.53,0.68,12,0.19,0.14,1
2026-05-04,EU,youtube,Smart hydration bottle,Electronics,37.81,0.49,0.64,12,0.19,0.14,1
2026-05-04,EU,marketplace,Smart hydration bottle,Electronics,26.09,0.52,0.7,12,0.19,0.14,1
2026-05-04,EU,news,Smart hydration bottle,Electronics,16.09,0.5,0.65,12,0.19,0.14,1
2026-05-04,EU,search,Walking pad,Fitness,27.86,0.33,0.53,12,0.19,0.14,1
2026-05-04,EU,reddit,Walking pad,Fitness,20.9,0.36,0.51,12,0.19,0.14,1
2026-05-04,EU,youtube,Walking pad,Fitness,37.48,0.39,0.54,12,0.19,0.14,1
2026-05-04,EU,marketplace,Walking pad,Fitness,24.02,0.42,0.51,12,0.19,0.14,1
2026-05-04,EU,news,Walking pad,Fitness,16.14,0.32,0.51,12,0.19,0.14,1
2026-05-04,EU,search,Millet snacks,Food,29.09,0.48,0.77,12,0.19,0.14,1
2026-05-04,EU,reddit,Millet snacks,Food,21.36,0.45,0.74,12,0.19,0.14,1
2026-05-04,EU,youtube,Millet snacks,Food,35.99,0.42,0.78,12,0.19,0.14,1
2026-05-04,EU,marketplace,Millet snacks,Food,26.22,0.48,0.78,12,0.19,0.14,1
2026-05-04,EU,news,Millet snacks,Food,16.49,0.45,0.75,12,0.19,0.14,1
2026-05-04,EU,search,Portable blender,Home,30.52,0.26,0.5,12,0.19,0.14,1
2026-05-04,EU,reddit,Portable blender,Home,21.77,0.25,0.51,12,0.19,0.14,1
2026-05-04,EU,youtube,Portable blender,Home,40.0,0.33,0.49,12,0.19,0.14,1
2026-05-04,EU,marketplace,Portable blender,Home,28.34,0.34,0.53,12,0.19,0.14,1
2026-05-04,EU,news,Portable blender,Home,17.35,0.31,0.49,12,0.19,0.14,1
2026-05-04,IN,search,Waterless skincare,Beauty,31.14,0.57,0.75,12,0.19,0.14,1
2026-05-04,IN,reddit,Waterless skincare,Beauty,24.2,0.48,0.74,12,0.19,0.14,1
2026-05-04,IN,youtube,Waterless skincare,Beauty,43.83,0.5,0.67,12,0.19,0.14,1
2026-05-04,IN,marketplace,Waterless skincare,Beauty,31.57,0.53,0.71,12,0.19,0.14,1
2026-05-04,IN,news,Waterless skincare,Beauty,17.43,0.54,0.67,12,0.19,0.14,1
2026-05-04,IN,search,Smart hydration bottle,Electronics,29.8,0.44,0.67,12,0.19,0.14,1
2026-05-04,IN,reddit,Smart hydration bottle,Electronics,21.13,0.46,0.7,12,0.19,0.14,1
2026-05-04,IN,youtube,Smart hydration bottle,Electronics,40.4,0.48,0.64,12,0.19,0.14,1
2026-05-04,IN,marketplace,Smart hydration bottle,Electronics,24.31,0.43,0.69,12,0.19,0.14,1
2026-05-04,IN,news,Smart hydration bottle,Electronics,16.23,0.45,0.7,12,0.19,0.14,1
2026-05-04,IN,search,Walking pad,Fitness,28.31,0.36,0.53,12,0.19,0.14,1
2026-05-04,IN,reddit,Walking pad,Fitness,22.03,0.32,0.54,12,0.19,0.14,1
2026-05-04,IN,youtube,Walking pad,Fitness,37.13,0.39,0.55,12,0.19,0.14,1
2026-05-04,IN,marketplace,Walking pad,Fitness,26.12,0.31,0.54,12,0.19,0.14,1
2026-05-04,IN,news,Walking pad,Fitness,15.82,0.31,0.53,12,0.19,0.14,1
2026-05-04,IN,search,Millet snacks,Food,35.2,0.4,0.74,12,0.19,0.14,1
2026-05-04,IN,reddit,Millet snacks,Food,26.85,0.38,0.78,12,0.19,0.14,1
2026-05-04,IN,youtube,Millet snacks,Food,47.28,0.42,0.78,12,0.19,0.14,1
2026-05-04,IN,marketplace,Millet snacks,Food,33.02,0.48,0.79,12,0.19,0.14,1
2026-05-04,IN,news,Millet snacks,Food,18.97,0.48,0.71,12,0.19,0.14,1
2026-05-04,IN,search,Portable blender,Home,26.18,0.35,0.52,12,0.19,0.14,1
2026-05-04,IN,reddit,Portable blender,Home,21.28,0.3,0.5,12,0.19,0.14,1
2026-05-04,IN,youtube,Portable blender,Home,37.46,0.25,0.43,12,0.19,0.14,1
2026-05-04,IN,marketplace,Portable blender,Home,24.65,0.33,0.49,12,0.19,0.14,1
2026-05-04,IN,news,Portable blender,Home,16.16,0.35,0.44,12,0.19,0.14,1
2026-05-05,US,search,Waterless skincare,Beauty,31.12,0.49,0.73,12,0.19,0.14,1
2026-05-05,US,reddit,Waterless skincare,Beauty,22.34,0.51,0.7,12,0.19,0.14,1
2026-05-05,US,youtube,Waterless skincare,Beauty,39.18,0.5,0.69,12,0.19,0.14,1
2026-05-05,US,marketplace,Waterless skincare,Beauty,26.76,0.47,0.72,12,0.19,0.14,1
2026-05-05,US,news,Waterless skincare,Beauty,17.26,0.5,0.74,12,0.19,0.14,1
2026-05-05,US,search,Smart hydration bottle,Electronics,36.26,0.51,0.65,12,0.19,0.14,1
2026-05-05,US,reddit,Smart hydration bottle,Electronics,24.75,0.44,0.69,12,0.19,0.14,1
2026-05-05,US,youtube,Smart hydration bottle,Electronics,48.57,0.49,0.65,12,0.19,0.14,1
2026-05-05,US,marketplace,Smart hydration bottle,Electronics,32.44,0.47,0.71,12,0.19,0.14,1
2026-05-05,US,news,Smart hydration bottle,Electronics,19.79,0.47,0.72,12,0.19,0.14,1
2026-05-05,US,search,Walking pad,Fitness,32.55,0.38,0.56,12,0.2,0.15,1
2026-05-05,US,reddit,Walking pad,Fitness,25.42,0.38,0.52,12,0.2,0.15,1
2026-05-05,US,youtube,Walking pad,Fitness,40.91,0.36,0.53,12,0.2,0.15,1
2026-05-05,US,marketplace,Walking pad,Fitness,28.11,0.31,0.55,12,0.2,0.15,1
2026-05-05,US,news,Walking pad,Fitness,17.27,0.36,0.51,12,0.2,0.15,1
2026-05-05,US,search,Millet snacks,Food,30.56,0.39,0.8,12,0.19,0.14,1
2026-05-05,US,reddit,Millet snacks,Food,23.0,0.45,0.76,12,0.19,0.14,1
2026-05-05,US,youtube,Millet snacks,Food,39.22,0.45,0.79,12,0.19,0.14,1
2026-05-05,US,marketplace,Millet snacks,Food,27.74,0.43,0.79,12,0.19,0.14,1
2026-05-05,US,news,Millet snacks,Food,16.41,0.42,0.76,12,0.19,0.14,1
2026-05-05,US,search,Portable blender,Home,27.02,0.24,0.44,12,0.2,0.15,1
2026-05-05,US,reddit,Portable blender,Home,22.49,0.28,0.5,12,0.2,0.15,1
2026-05-05,US,youtube,Portable blender,Home,38.37,0.26,0.45,12,0.2,0.15,1
2026-05-05,US,marketplace,Portable blender,Home,25.34,0.29,0.48,12,0.2,0.15,1
2026-05-05,US,news,Portable blender,Home,14.88,0.28,0.46,12,0.2,0.15,1
2026-05-05,GB,search,Waterless skincare,Beauty,30.95,0.5,0.73,12,0.19,0.14,1
2026-05-05,GB,reddit,Waterless skincare,Beauty,24.46,0.54,0.68,12,0.19,0.14,1
2026-05-05,GB,youtube,Waterless skincare,Beauty,39.92,0.54,0.7,12,0.19,0.14,1
2026-05-05,GB,marketplace,Waterless skincare,Beauty,29.1,0.54,0.76,12,0.19,0.14,1
2026-05-05,GB,news,Waterless skincare,Beauty,18.14,0.5,0.73,12,0.19,0.14,1
2026-05-05,GB,search,Smart hydration bottle,Electronics,27.43,0.46,0.73,12,0.19,0.14,1
2026-05-05,GB,reddit,Smart hydration bottle,Electronics,22.26,0.46,0.69,12,0.19,0.14,1
2026-05-05,GB,youtube,Smart hydration bottle,Electronics,41.38,0.45,0.67,12,0.19,0.14,1
2026-05-05,GB,marketplace,Smart hydration bottle,Electronics,27.05,0.51,0.7,12,0.19,0.14,1
2026-05-05,GB,news,Smart hydration bottle,Electronics,16.61,0.5,0.7,12,0.19,0.14,1
2026-05-05,GB,search,Walking pad,Fitness,32.93,0.38,0.54,12,0.2,0.15,1
2026-05-05,GB,reddit,Walking pad,Fitness,24.13,0.35,0.52,12,0.2,0.15,1
2026-05-05,GB,youtube,Walking pad,Fitness,42.52,0.42,0.55,12,0.2,0.15,1
2026-05-05,GB,marketplace,Walking pad,Fitness,28.4,0.32,0.51,12,0.2,0.15,1
2026-05-05,GB,news,Walking pad,Fitness,18.92,0.32,0.58,12,0.2,0.15,1
2026-05-05,GB,search,Millet snacks,Food,30.11,0.49,0.71,12,0.19,0.14,1
2026-05-05,GB,reddit,Millet snacks,Food,21.08,0.47,0.72,12,0.19,0.14,1
2026-05-05,GB,youtube,Millet snacks,Food,38.16,0.4,0.79,12,0.19,0.14,1
2026-05-05,GB,marketplace,Millet snacks,Food,26.87,0.48,0.73,12,0.19,0.14,1
2026-05-05,GB,news,Millet snacks,Food,15.68,0.43,0.78,12,0.19,0.14,1
2026-05-05,GB,search,Portable blender,Home,27.27,0.29,0.46,12,0.2,0.15,1
2026-05-05,GB,reddit,Portable blender,Home,21.97,0.29,0.48,12,0.2,0.15,1
2026-05-05,GB,youtube,Portable blender,Home,37.19,0.33,0.48,12,0.2,0.15,1
2026-05-05,GB,marketplace,Portable blender,Home,26.67,0.28,0.52,12,0.2,0.15,1
2026-05-05,GB,news,Portable blender,Home,16.62,0.29,0.46,12,0.2,0.15,1
2026-05-05,EU,search,Waterless skincare,Beauty,32.68,0.52,0.77,12,0.19,0.14,1
2026-05-05,EU,reddit,Waterless skincare,Beauty,26.03,0.56,0.68,12,0.19,0.14,1
2026-05-05,EU,youtube,Waterless skincare,Beauty,43.3,0.54,0.76,12,0.19,0.14,1
2026-05-05,EU,marketplace,Waterless skincare,Beauty,30.14,0.47,0.75,12,0.19,0.14,1
2026-05-05,EU,news,Waterless skincare,Beauty,19.18,0.49,0.75,12,0.19,0.14,1
2026-05-05,EU,search,Smart hydration bottle,Electronics,27.66,0.52,0.64,12,0.19,0.14,1
2026-05-05,EU,reddit,Smart hydration bottle,Electronics,21.24,0.53,0.65,12,0.19,0.14,1
2026-05-05,EU,youtube,Smart hydration bottle,Electronics,38.3,0.46,0.63,12,0.19,0.14,1
2026-05-05,EU,marketplace,Smart hydration bottle,Electronics,24.1,0.48,0.65,12,0.19,0.14,1
2026-05-05,EU,news,Smart hydration bottle,Electronics,16.8,0.46,0.63,12,0.19,0.14,1
2026-05-05,EU,search,Walking pad,Fitness,30.09,0.41,0.56,12,0.2,0.15,1
2026-05-05,EU,reddit,Walking pad,Fitness,22.15,0.32,0.53,12,0.2,0.15,1
2026-05-05,EU,youtube,Walking pad,Fitness,40.07,0.39,0.51,12,0.2,0.15,1
2026-05-05,EU,marketplace,Walking pad,Fitness,26.27,0.36,0.5,12,0.2,0.15,1
2026-05-05,EU,news,Walking pad,Fitness,14.69,0.34,0.58,12,0.2,0.15,1
2026-05-05,EU,search,Millet snacks,Food,28.7,0.47,0.76,12,0.19,0.14,1
2026-05-05,EU,reddit,Millet snacks,Food,20.21,0.41,0.74,12,0.19,0.14,1
2026-05-05,EU,youtube,Millet snacks,Food,36.04,0.43,0.79,12,0.19,0.14,1
2026-05-05,EU,marketplace,Millet snacks,Food,25.5,0.39,0.8,12,0.19,0.14,1
2026-05-05,EU,news,Millet snacks,Food,15.89,0.38,0.76,12,0.19,0.14,1
2026-05-05,EU,search,Portable blender,Home,29.4,0.25,0.47,12,0.2,0.15,1
2026-05-05,EU,reddit,Portable blender,Home,23.25,0.26,0.47,12,0.2,0.15,1
2026-05-05,EU,youtube,Portable blender,Home,42.13,0.25,0.53,12,0.2,0.15,1
2026-05-05,EU,marketplace,Portable blender,Home,25.79,0.3,0.48,12,0.2,0.15,1
2026-05-05,EU,news,Portable blender,Home,17.93,0.3,0.47,12,0.2,0.15,1
2026-05-05,IN,search,Waterless skincare,Beauty,33.69,0.54,0.77,12,0.19,0.14,1
2026-05-05,IN,reddit,Waterless skincare,Beauty,24.5,0.46,0.75,12,0.19,0.14,1
2026-05-05,IN,youtube,Waterless skincare,Beauty,44.68,0.55,0.73,12,0.19,0.14,1
2026-05-05,IN,marketplace,Waterless skincare,Beauty,31.61,0.55,0.7,12,0.19,0.14,1
2026-05-05,IN,news,Waterless skincare,Beauty,17.42,0.53,0.75,12,0.19,0.14,1
2026-05-05,IN,search,Smart hydration bottle,Electronics,27.87,0.51,0.68,12,0.19,0.14,1
2026-05-05,IN,reddit,Smart hydration bottle,Electronics,22.5,0.49,0.71,12,0.19,0.14,1
2026-05-05,IN,youtube,Smart hydration bottle,Electronics,37.01,0.51,0.68,12,0.19,0.14,1
2026-05-05,IN,marketplace,Smart hydration bottle,Electronics,25.52,0.42,0.65,12,0.19,0.14,1
2026-05-05,IN,news,Smart hydration bottle,Electronics,15.03,0.53,0.68,12,0.19,0.14,1
2026-05-05,IN,search,Walking pad,Fitness,30.66,0.37,0.53,12,0.2,0.15,1
2026-05-05,IN,reddit,Walking pad,Fitness,22.28,0.33,0.54,12,0.2,0.15,1
2026-05-05,IN,youtube,Walking pad,Fitness,40.26,0.41,0.53,12,0.2,0.15,1
2026-05-05,IN,marketplace,Walking pad,Fitness,24.46,0.35,0.59,12,0.2,0.15,1
2026-05-05,IN,news,Walking pad,Fitness,16.32,0.41,0.54,12,0.2,0.15,1
2026-05-05,IN,search,Millet snacks,Food,39.62,0.44,0.76,12,0.19,0.14,1
2026-05-05,IN,reddit,Millet snacks,Food,29.52,0.44,0.79,12,0.19,0.14,1
2026-05-05,IN,youtube,Millet snacks,Food,51.75,0.39,0.77,12,0.19,0.14,1
2026-05-05,IN,marketplace,Millet snacks,Food,34.95,0.44,0.74,12,0.19,0.14,1
2026-05-05,IN,news,Millet snacks,Food,19.23,0.46,0.74,12,0.19,0.14,1
2026-05-05,IN,search,Portable blender,Home,28.77,0.29,0.5,12,0.2,0.15,1
2026-05-05,IN,reddit,Portable blender,Home,20.83,0.24,0.52,12,0.2,0.15,1
2026-05-05,IN,youtube,Portable blender,Home,37.5,0.35,0.46,12,0.2,0.15,1
2026-05-05,IN,marketplace,Portable blender,Home,27.24,0.35,0.44,12,0.2,0.15,1
2026-05-05,IN,news,Portable blender,Home,15.9,0.28,0.51,12,0.2,0.15,1
2026-05-06,US,search,Waterless skincare,Beauty,30.84,0.57,0.68,12,0.19,0.14,1
2026-05-06,US,reddit,Waterless skincare,Beauty,22.9,0.55,0.67,12,0.19,0.14,1
2026-05-06,US,youtube,Waterless skincare,Beauty,38.16,0.55,0.71,12,0.19,0.14,1
2026-05-06,US,marketplace,Waterless skincare,Beauty,26.63,0.53,0.73,12,0.19,0.14,1
2026-05-06,US,news,Waterless skincare,Beauty,16.96,0.57,0.71,12,0.19,0.14,1
2026-05-06,US,search,Smart hydration bottle,Electronics,36.45,0.48,0.68,12,0.19,0.14,1
2026-05-06,US,reddit,Smart hydration bottle,Electronics,25.99,0.49,0.65,12,0.19,0.14,1
2026-05-06,US,youtube,Smart hydration bottle,Electronics,44.89,0.5,0.68,12,0.19,0.14,1
2026-05-06,US,marketplace,Smart hydration bottle,Electronics,31.13,0.48,0.66,12,0.19,0.14,1
2026-05-06,US,news,Smart hydration bottle,Electronics,18.68,0.47,0.73,12,0.19,0.14,1
2026-05-06,US,search,Walking pad,Fitness,31.62,0.42,0.55,12,0.2,0.15,1
2026-05-06,US,reddit,Walking pad,Fitness,23.16,0.41,0.55,12,0.2,0.15,1
2026-05-06,US,youtube,Walking pad,Fitness,46.46,0.36,0.51,12,0.2,0.15,1
2026-05-06,US,marketplace,Walking pad,Fitness,30.09,0.41,0.53,12,0.2,0.15,1
2026-05-06,US,news,Walking pad,Fitness,17.55,0.31,0.55,12,0.2,0.15,1
2026-05-06,US,search,Millet snacks,Food,31.18,0.48,0.78,12,0.19,0.14,1
2026-05-06,US,reddit,Millet snacks,Food,23.49,0.46,0.79,12,0.19,0.14,1
2026-05-06,US,youtube,Millet snacks,Food,39.95,0.39,0.73,12,0.19,0.14,1
2026-05-06,US,marketplace,Millet snacks,Food,25.26,0.47,0.71,12,0.19,0.14,1
2026-05-06,US,news,Millet snacks,Food,16.38,0.42,0.79,12,0.19,0.14,1
2026-05-06,US,search,Portable blender,Home,28.88,0.31,0.44,12,0.2,0.15,1
2026-05-06,US,reddit,Portable blender,Home,20.93,0.35,0.5,12,0.2,0.15,1
2026-05-06,US,youtube,Portable blender,Home,38.85,0.33,0.51,12,0.2,0.15,1
2026-05-06,US,marketplace,Portable blender,Home,24.27,0.35,0.49,12,0.2,0.15,1
2026-05-06,US,news,Portable blender,Home,15.66,0.32,0.46,12,0.2,0.15,1
2026-05-06,GB,search,Waterless skincare,Beauty,33.44,0.55,0.73,12,0.19,0.14,1
2026-05-06,GB,reddit,Waterless skincare,Beauty,22.76,0.58,0.71,12,0.19,0.14,1
2026-05-06,GB,youtube,Waterless skincare,Beauty,45.35,0.47,0.68,12,0.19,0.14,1
2026-05-06,GB,marketplace,Waterless skincare,Beauty,27.2,0.48,0.7,12,0.19,0.14,1
2026-05-06,GB,news,Waterless skincare,Beauty,17.98,0.5,0.76,12,0.19,0.14,1
2026-05-06,GB,search,Smart hydration bottle,Electronics,30.85,0.52,0.66,12,0.19,0.14,1
2026-05-06,GB,reddit,Smart hydration bottle,Electronics,22.34,0.48,0.64,12,0.19,0.14,1
2026-05-06,GB,youtube,Smart hydration bottle,Electronics,38.38,0.48,0.68,12,0.19,0.14,1
2026-05-06,GB,marketplace,Smart hydration bottle,Electronics,25.09,0.53,0.65,12,0.19,0.14,1
2026-05-06,GB,news,Smart hydration bottle,Electronics,16.44,0.5,0.69,12,0.19,0.14,1
2026-05-06,GB,search,Walking pad,Fitness,34.75,0.37,0.58,12,0.2,0.15,1
2026-05-06,GB,reddit,Walking pad,Fitness,23.23,0.31,0.56,12,0.2,0.15,1
2026-05-06,GB,youtube,Walking pad,Fitness,45.25,0.39,0.58,12,0.2,0.15,1
2026-05-06,GB,marketplace,Walking pad,Fitness,29.5,0.38,0.55,12,0.2,0.15,1
2026-05-06,GB,news,Walking pad,Fitness,18.56,0.34,0.6,12,0.2,0.15,1
2026-05-06,GB,search,Millet snacks,Food,29.03,0.48,0.78,12,0.19,0.14,1
2026-05-06,GB,reddit,Millet snacks,Food,21.21,0.39,0.72,12,0.19,0.14,1
2026-05-06,GB,youtube,Millet snacks,Food,38.96,0.44,0.73,12,0.19,0.14,1
2026-05-06,GB,marketplace,Millet snacks,Food,26.58,0.42,0.78,12,0.19,0.14,1
2026-05-06,GB,news,Millet snacks,Food,16.53,0.48,0.81,12,0.19,0.14,1
2026-05-06,GB,search,Portable blender,Home,27.1,0.28,0.49,12,0.2,0.15,1
2026-05-06,GB,reddit,Portable blender,Home,20.89,0.29,0.46,12,0.2,0.15,1
2026-05-06,GB,youtube,Portable blender,Home,37.21,0.25,0.46,12,0.2,0.15,1
2026-05-06,GB,marketplace,Portable blender,Home,25.3,0.31,0.45,12,0.2,0.15,1
2026-05-06,GB,news,Portable blender,Home,16.52,0.25,0.46,12,0.2,0.15,1
2026-05-06,EU,search,Waterless skincare,Beauty,34.04,0.5,0.75,12,0.19,0.14,1
2026-05-06,EU,reddit,Waterless skincare,Beauty,25.25,0.52,0.72,12,0.19,0.14,1
2026-05-06,EU,youtube,Waterless skincare,Beauty,44.24,0.46,0.76,12,0.19,0.14,1
2026-05-06,EU,marketplace,Waterless skincare,Beauty,30.33,0.58,0.69,12,0.19,0.14,1
2026-05-06,EU,news,Waterless skincare,Beauty,18.14,0.47,0.72,12,0.19,0.14,1
2026-05-06,EU,search,Smart hydration bottle,Electronics,30.47,0.49,0.68,12,0.19,0.14,1
2026-05-06,EU,reddit,Smart hydration bottle,Electronics,21.8,0.52,0.67,12,0.19,0.14,1
2026-05-06,EU,youtube,Smart hydration bottle,Electronics,41.13,0.5,0.71,12,0.19,0.14,1
2026-05-06,EU,marketplace,Smart hydration bottle,Electronics,25.54,0.46,0.69,12,0.19,0.14,1
2026-05-06,EU,news,Smart hydration bottle,Electronics,15.23,0.48,0.64,12,0.19,0.14,1
2026-05-06,EU,search,Walking pad,Fitness,28.69,0.4,0.53,12,0.2,0.15,1
2026-05-06,EU,reddit,Walking pad,Fitness,22.98,0.39,0.51,12,0.2,0.15,1
2026-05-06,EU,youtube,Walking pad,Fitness,41.29,0.35,0.58,12,0.2,0.15,1
2026-05-06,EU,marketplace,Walking pad,Fitness,25.23,0.42,0.58,12,0.2,0.15,1
2026-05-06,EU,news,Walking pad,Fitness,15.11,0.37,0.55,12,0.2,0.15,1
2026-05-06,EU,search,Millet snacks,Food,27.0,0.4,0.74,12,0.19,0.14,1
2026-05-06,EU,reddit,Millet snacks,Food,21.55,0.43,0.77,12,0.19,0.14,1
2026-05-06,EU,youtube,Millet snacks,Food,39.02,0.42,0.77,12,0.19,0.14,1
2026-05-06,EU,marketplace,Millet snacks,Food,24.73,0.5,0.78,12,0.19,0.14,1
2026-05-06,EU,news,Millet snacks,Food,15.42,0.42,0.79,12,0.19,0.14,1
2026-05-06,EU,search,Portable blender,Home,30.93,0.32,0.46,12,0.2,0.15,1
2026-05-06,EU,reddit,Portable blender,Home,24.12,0.28,0.5,12,0.2,0.15,1
2026-05-06,EU,youtube,Portable blender,Home,44.37,0.31,0.51,12,0.2,0.15,1
2026-05-06,EU,marketplace,Portable blender,Home,28.59,0.32,0.43,12,0.2,0.15,1
2026-05-06,EU,news,Portable blender,Home,16.88,0.35,0.51,12,0.2,0.15,1
2026-05-06,IN,search,Waterless skincare,Beauty,35.61,0.53,0.74,12,0.19,0.14,1
2026-05-06,IN,reddit,Waterless skincare,Beauty,26.01,0.48,0.73,12,0.19,0.14,1
2026-05-06,IN,youtube,Waterless skincare,Beauty,47.06,0.56,0.68,12,0.19,0.14,1
2026-05-06,IN,marketplace,Waterless skincare,Beauty,31.64,0.46,0.76,12,0.19,0.14,1
2026-05-06,IN,news,Waterless skincare,Beauty,17.83,0.46,0.7,12,0.19,0.14,1
2026-05-06,IN,search,Smart hydration bottle,Electronics,28.12,0.5,0.67,12,0.19,0.14,1
2026-05-06,IN,reddit,Smart hydration bottle,Electronics,23.03,0.53,0.72,12,0.19,0.14,1
2026-05-06,IN,youtube,Smart hydration bottle,Electronics,41.23,0.42,0.64,12,0.19,0.14,1
2026-05-06,IN,marketplace,Smart hydration bottle,Electronics,25.52,0.45,0.7,12,0.19,0.14,1
2026-05-06,IN,news,Smart hydration bottle,Electronics,16.32,0.45,0.65,12,0.19,0.14,1
2026-05-06,IN,search,Walking pad,Fitness,30.67,0.35,0.54,12,0.2,0.15,1
2026-05-06,IN,reddit,Walking pad,Fitness,22.58,0.39,0.56,12,0.2,0.15,1
2026-05-06,IN,youtube,Walking pad,Fitness,40.2,0.38,0.52,12,0.2,0.15,1
2026-05-06,IN,marketplace,Walking pad,Fitness,25.17,0.37,0.52,12,0.2,0.15,1
2026-05-06,IN,news,Walking pad,Fitness,17.0,0.34,0.53,12,0.2,0.15,1
2026-05-06,IN,search,Millet snacks,Food,36.06,0.46,0.74,12,0.19,0.14,1
2026-05-06,IN,reddit,Millet snacks,Food,27.6,0.49,0.79,12,0.19,0.14,1
2026-05-06,IN,youtube,Millet snacks,Food,49.14,0.39,0.78,12,0.19,0.14,1
2026-05-06,IN,marketplace,Millet snacks,Food,33.27,0.5,0.79,12,0.19,0.14,1
2026-05-06,IN,news,Millet snacks,Food,21.99,0.48,0.74,12,0.19,0.14,1
2026-05-06,IN,search,Portable blender,Home,27.78,0.32,0.46,12,0.2,0.15,1
2026-05-06,IN,reddit,Portable blender,Home,21.3,0.27,0.48,12,0.2,0.15,1
2026-05-06,IN,youtube,Portable blender,Home,37.04,0.3,0.52,12,0.2,0.15,1
2026-05-06,IN,marketplace,Portable blender,Home,26.48,0.25,0.49,12,0.2,0.15,1
2026-05-06,IN,news,Portable blender,Home,15.94,0.26,0.5,12,0.2,0.15,1
2026-05-07,US,search,Waterless skincare,Beauty,30.59,0.54,0.68,13,0.19,0.14,1
2026-05-07,US,reddit,Waterless skincare,Beauty,22.57,0.55,0.68,13,0.19,0.14,1
2026-05-07,US,youtube,Waterless skincare,Beauty,42.68,0.46,0.73,13,0.19,0.14,1
2026-05-07,US,marketplace,Waterless skincare,Beauty,29.06,0.51,0.76,13,0.19,0.14,1
2026-05-07,US,news,Waterless skincare,Beauty,17.64,0.52,0.69,13,0.19,0.14,1
2026-05-07,US,search,Smart hydration bottle,Electronics,37.86,0.45,0.69,13,0.19,0.14,1
2026-05-07,US,reddit,Smart hydration bottle,Electronics,28.19,0.43,0.69,13,0.19,0.14,1
2026-05-07,US,youtube,Smart hydration bottle,Electronics,48.24,0.5,0.72,13,0.19,0.14,1
2026-05-07,US,marketplace,Smart hydration bottle,Electronics,33.85,0.44,0.72,13,0.19,0.14,1
2026-05-07,US,news,Smart hydration bottle,Electronics,18.67,0.53,0.73,13,0.19,0.14,1
2026-05-07,US,search,Walking pad,Fitness,32.44,0.37,0.59,13,0.2,0.15,1
2026-05-07,US,reddit,Walking pad,Fitness,26.28,0.42,0.59,13,0.2,0.15,1
2026-05-07,US,youtube,Walking pad,Fitness,41.38,0.38,0.51,13,0.2,0.15,1
2026-05-07,US,marketplace,Walking pad,Fitness,31.62,0.34,0.6,13,0.2,0.15,1
2026-05-07,US,news,Walking pad,Fitness,18.21,0.37,0.59,13,0.2,0.15,1
2026-05-07,US,search,Millet snacks,Food,31.35,0.44,0.73,13,0.19,0.14,1
2026-05-07,US,reddit,Millet snacks,Food,21.19,0.4,0.76,13,0.19,0.14,1
2026-05-07,US,youtube,Millet snacks,Food,38.96,0.4,0.78,13,0.19,0.14,1
2026-05-07,US,marketplace,Millet snacks,Food,27.98,0.45,0.79,13,0.19,0.14,1
2026-05-07,US,news,Millet snacks,Food,15.69,0.48,0.8,13,0.19,0.14,1
2026-05-07,US,search,Portable blender,Home,30.24,0.3,0.44,13,0.2,0.15,1
2026-05-07,US,reddit,Portable blender,Home,22.2,0.26,0.44,13,0.2,0.15,1
2026-05-07,US,youtube,Portable blender,Home,38.07,0.26,0.46,13,0.2,0.15,1
2026-05-07,US,marketplace,Portable blender,Home,25.06,0.33,0.53,13,0.2,0.15,1
2026-05-07,US,news,Portable blender,Home,15.46,0.32,0.43,13,0.2,0.15,1
2026-05-07,GB,search,Waterless skincare,Beauty,32.84,0.54,0.68,13,0.19,0.14,1
2026-05-07,GB,reddit,Waterless skincare,Beauty,22.82,0.5,0.71,13,0.19,0.14,1
2026-05-07,GB,youtube,Waterless skincare,Beauty,43.42,0.57,0.74,13,0.19,0.14,1
2026-05-07,GB,marketplace,Waterless skincare,Beauty,28.17,0.47,0.76,13,0.19,0.14,1
2026-05-07,GB,news,Waterless skincare,Beauty,17.18,0.53,0.69,13,0.19,0.14,1
2026-05-07,GB,search,Smart hydration bottle,Electronics,28.05,0.43,0.7,13,0.19,0.14,1
2026-05-07,GB,reddit,Smart hydration bottle,Electronics,22.51,0.46,0.68,13,0.19,0.14,1
2026-05-07,GB,youtube,Smart hydration bottle,Electronics,39.76,0.48,0.7,13,0.19,0.14,1
2026-05-07,GB,marketplace,Smart hydration bottle,Electronics,25.56,0.44,0.71,13,0.19,0.14,1
2026-05-07,GB,news,Smart hydration bottle,Electronics,17.11,0.42,0.67,13,0.19,0.14,1
2026-05-07,GB,search,Walking pad,Fitness,34.43,0.32,0.56,13,0.2,0.15,1
2026-05-07,GB,reddit,Walking pad,Fitness,23.57,0.37,0.55,13,0.2,0.15,1
2026-05-07,GB,youtube,Walking pad,Fitness,45.65,0.32,0.53,13,0.2,0.15,1
2026-05-07,GB,marketplace,Walking pad,Fitness,30.21,0.32,0.52,13,0.2,0.15,1
2026-05-07,GB,news,Walking pad,Fitness,18.63,0.32,0.55,13,0.2,0.15,1
2026-05-07,GB,search,Millet snacks,Food,30.69,0.43,0.76,13,0.19,0.14,1
2026-05-07,GB,reddit,Millet snacks,Food,21.93,0.39,0.76,13,0.19,0.14,1
2026-05-07,GB,youtube,Millet snacks,Food,41.42,0.47,0.75,13,0.19,0.14,1
2026-05-07,GB,marketplace,Millet snacks,Food,27.65,0.47,0.77,13,0.19,0.14,1
2026-05-07,GB,news,Millet snacks,Food,15.15,0.42,0.72,13,0.19,0.14,1
2026-05-07,GB,search,Portable blender,Home,30.81,0.35,0.44,13,0.2,0.15,1
2026-05-07,GB,reddit,Portable blender,Home,22.92,0.24,0.47,13,0.2,0.15,1
2026-05-07,GB,youtube,Portable blender,Home,40.36,0.33,0.53,13,0.2,0.15,1
2026-05-07,GB,marketplace,Portable blender,Home,26.46,0.29,0.53,13,0.2,0.15,1
2026-05-07,GB,news,Portable blender,Home,15.59,0.34,0.52,13,0.2,0.15,1
2026-05-07,EU,search,Waterless skincare,Beauty,33.48,0.54,0.74,13,0.19,0.14,1
2026-05-07,EU,reddit,Waterless skincare,Beauty,25.7,0.54,0.7,13,0.19,0.14,1
2026-05-07,EU,youtube,Waterless skincare,Beauty,43.93,0.52,0.72,13,0.19,0.14,1
2026-05-07,EU,marketplace,Waterless skincare,Beauty,31.65,0.49,0.67,13,0.19,0.14,1
2026-05-07,EU,news,Waterless skincare,Beauty,17.49,0.5,0.74,13,0.19,0.14,1
2026-05-07,EU,search,Smart hydration bottle,Electronics,29.43,0.48,0.71,13,0.19,0.14,1
2026-05-07,EU,reddit,Smart hydration bottle,Electronics,21.16,0.46,0.66,13,0.19,0.14,1
2026-05-07,EU,youtube,Smart hydration bottle,Electronics,41.9,0.5,0.64,13,0.19,0.14,1
2026-05-07,EU,marketplace,Smart hydration bottle,Electronics,27.46,0.47,0.71,13,0.19,0.14,1
2026-05-07,EU,news,Smart hydration bottle,Electronics,16.95,0.42,0.65,13,0.19,0.14,1
2026-05-07,EU,search,Walking pad,Fitness,27.33,0.31,0.56,13,0.2,0.15,1
2026-05-07,EU,reddit,Walking pad,Fitness,22.33,0.31,0.57,13,0.2,0.15,1
2026-05-07,EU,youtube,Walking pad,Fitness,38.55,0.34,0.52,13,0.2,0.15,1
2026-05-07,EU,marketplace,Walking pad,Fitness,27.38,0.31,0.55,13,0.2,0.15,1
2026-05-07,EU,news,Walking pad,Fitness,15.45,0.4,0.57,13,0.2,0.15,1
2026-05-07,EU,search,Millet snacks,Food,28.41,0.45,0.78,13,0.19,0.14,1
2026-05-07,EU,reddit,Millet snacks,Food,21.31,0.42,0.72,13,0.19,0.14,1
2026-05-07,EU,youtube,Millet snacks,Food,40.23,0.41,0.74,13,0.19,0.14,1
2026-05-07,EU,marketplace,Millet snacks,Food,24.62,0.49,0.8,13,0.19,0.14,1
2026-05-07,EU,news,Millet snacks,Food,16.95,0.45,0.75,13,0.19,0.14,1
2026-05-07,EU,search,Portable blender,Home,31.03,0.35,0.52,13,0.2,0.15,1
2026-05-07,EU,reddit,Portable blender,Home,23.85,0.33,0.46,13,0.2,0.15,1
2026-05-07,EU,youtube,Portable blender,Home,41.43,0.25,0.47,13,0.2,0.15,1
2026-05-07,EU,marketplace,Portable blender,Home,28.94,0.29,0.51,13,0.2,0.15,1
2026-05-07,EU,news,Portable blender,Home,16.6,0.32,0.51,13,0.2,0.15,1
2026-05-07,IN,search,Waterless skincare,Beauty,36.72,0.53,0.77,13,0.19,0.14,1
2026-05-07,IN,reddit,Waterless skincare,Beauty,26.24,0.48,0.69,13,0.19,0.14,1
2026-05-07,IN,youtube,Waterless skincare,Beauty,44.9,0.54,0.76,13,0.19,0.14,1
2026-05-07,IN,marketplace,Waterless skincare,Beauty,32.75,0.47,0.74,13,0.19,0.14,1
2026-05-07,IN,news,Waterless skincare,Beauty,18.26,0.49,0.74,13,0.19,0.14,1
2026-05-07,IN,search,Smart hydration bottle,Electronics,30.33,0.52,0.65,13,0.19,0.14,1
2026-05-07,IN,reddit,Smart hydration bottle,Electronics,23.25,0.5,0.69,13,0.19,0.14,1
2026-05-07,IN,youtube,Smart hydration bottle,Electronics,40.25,0.52,0.66,13,0.19,0.14,1
2026-05-07,IN,marketplace,Smart hydration bottle,Electronics,28.64,0.42,0.72,13,0.19,0.14,1
2026-05-07,IN,news,Smart hydration bottle,Electronics,17.51,0.43,0.73,13,0.19,0.14,1
2026-05-07,IN,search,Walking pad,Fitness,29.19,0.34,0.56,13,0.2,0.15,1
2026-05-07,IN,reddit,Walking pad,Fitness,21.05,0.42,0.56,13,0.2,0.15,1
2026-05-07,IN,youtube,Walking pad,Fitness,41.04,0.35,0.55,13,0.2,0.15,1
2026-05-07,IN,marketplace,Walking pad,Fitness,25.83,0.34,0.55,13,0.2,0.15,1
2026-05-07,IN,news,Walking pad,Fitness,16.09,0.32,0.6,13,0.2,0.15,1
2026-05-07,IN,search,Millet snacks,Food,37.84,0.48,0.8,13,0.19,0.14,1
2026-05-07,IN,reddit,Millet snacks,Food,27.99,0.43,0.77,13,0.19,0.14,1
2026-05-07,IN,youtube,Millet snacks,Food,49.3,0.4,0.74,13,0.19,0.14,1
2026-05-07,IN,marketplace,Millet snacks,Food,36.28,0.45,0.75,13,0.19,0.14,1
2026-05-07,IN,news,Millet snacks,Food,19.88,0.42,0.75,13,0.19,0.14,1
2026-05-07,IN,search,Portable blender,Home,30.22,0.29,0.5,13,0.2,0.15,1
2026-05-07,IN,reddit,Portable blender,Home,22.22,0.27,0.51,13,0.2,0.15,1
2026-05-07,IN,youtube,Portable blender,Home,41.53,0.31,0.48,13,0.2,0.15,1
2026-05-07,IN,marketplace,Portable blender,Home,24.78,0.33,0.45,13,0.2,0.15,1
2026-05-07,IN,news,Portable blender,Home,16.37,0.29,0.52,13,0.2,0.15,1
2026-05-08,US,search,Waterless skincare,Beauty,30.98,0.54,0.68,13,0.19,0.15,1
2026-05-08,US,reddit,Waterless skincare,Beauty,21.59,0.56,0.76,13,0.19,0.15,1
2026-05-08,US,youtube,Waterless skincare,Beauty,42.56,0.55,0.71,13,0.19,0.15,1
2026-05-08,US,marketplace,Waterless skincare,Beauty,29.05,0.49,0.74,13,0.19,0.15,1
2026-05-08,US,news,Waterless skincare,Beauty,15.78,0.52,0.71,13,0.19,0.15,1
2026-05-08,US,search,Smart hydration bottle,Electronics,36.51,0.5,0.69,13,0.19,0.15,1
2026-05-08,US,reddit,Smart hydration bottle,Electronics,26.88,0.47,0.63,13,0.19,0.15,1
2026-05-08,US,youtube,Smart hydration bottle,Electronics,48.84,0.42,0.68,13,0.19,0.15,1
2026-05-08,US,marketplace,Smart hydration bottle,Electronics,31.31,0.53,0.63,13,0.19,0.15,1
2026-05-08,US,news,Smart hydration bottle,Electronics,20.62,0.5,0.71,13,0.19,0.15,1
2026-05-08,US,search,Walking pad,Fitness,35.09,0.32,0.51,13,0.21,0.16,1
2026-05-08,US,reddit,Walking pad,Fitness,23.67,0.33,0.55,13,0.21,0.16,1
2026-05-08,US,youtube,Walking pad,Fitness,46.78,0.34,0.54,13,0.21,0.16,1
2026-05-08,US,marketplace,Walking pad,Fitness,29.34,0.36,0.56,13,0.21,0.16,1
2026-05-08,US,news,Walking pad,Fitness,19.51,0.33,0.57,13,0.21,0.16,1
2026-05-08,US,search,Millet snacks,Food,31.63,0.46,0.8,13,0.19,0.15,1
2026-05-08,US,reddit,Millet snacks,Food,23.45,0.39,0.75,13,0.19,0.15,1
2026-05-08,US,youtube,Millet snacks,Food,41.02,0.39,0.71,13,0.19,0.15,1
2026-05-08,US,marketplace,Millet snacks,Food,25.9,0.44,0.75,13,0.19,0.15,1
2026-05-08,US,news,Millet snacks,Food,17.25,0.45,0.8,13,0.19,0.15,1
2026-05-08,US,search,Portable blender,Home,27.47,0.3,0.43,13,0.21,0.16,1
2026-05-08,US,reddit,Portable blender,Home,20.96,0.34,0.52,13,0.21,0.16,1
2026-05-08,US,youtube,Portable blender,Home,39.18,0.24,0.44,13,0.21,0.16,1
2026-05-08,US,marketplace,Portable blender,Home,27.77,0.34,0.49,13,0.21,0.16,1
2026-05-08,US,news,Portable blender,Home,14.97,0.35,0.46,13,0.21,0.16,1
2026-05-08,GB,search,Waterless skincare,Beauty,34.6,0.53,0.75,13,0.19,0.15,1
2026-05-08,GB,reddit,Waterless skincare,Beauty,25.1,0.51,0.68,13,0.19,0.15,1
2026-05-08,GB,youtube,Waterless skincare,Beauty,41.81,0.49,0.75,13,0.19,0.15,1
2026-05-08,GB,marketplace,Waterless skincare,Beauty,28.8,0.57,0.7,13,0.19,0.15,1
2026-05-08,GB,news,Waterless skincare,Beauty,18.52,0.48,0.77,13,0.19,0.15,1
2026-05-08,GB,search,Smart hydration bottle,Electronics,30.81,0.48,0.73,13,0.19,0.15,1
2026-05-08,GB,reddit,Smart hydration bottle,Electronics,21.0,0.47,0.71,13,0.19,0.15,1
2026-05-08,GB,youtube,Smart hydration bottle,Electronics,39.43,0.51,0.73,13,0.19,0.15,1
2026-05-08,GB,marketplace,Smart hydration bottle,Electronics,26.5,0.51,0.63,13,0.19,0.15,1
2026-05-08,GB,news,Smart hydration bottle,Electronics,15.91,0.53,0.68,13,0.19,0.15,1
2026-05-08,GB,search,Walking pad,Fitness,33.07,0.42,0.54,13,0.21,0.16,1
2026-05-08,GB,reddit,Walking pad,Fitness,25.95,0.39,0.51,13,0.21,0.16,1
2026-05-08,GB,youtube,Walking pad,Fitness,46.33,0.4,0.57,13,0.21,0.16,1
2026-05-08,GB,marketplace,Walking pad,Fitness,28.6,0.33,0.57,13,0.21,0.16,1
2026-05-08,GB,news,Walking pad,Fitness,18.91,0.4,0.53,13,0.21,0.16,1
2026-05-08,GB,search,Millet snacks,Food,28.06,0.38,0.74,13,0.19,0.15,1
2026-05-08,GB,reddit,Millet snacks,Food,21.84,0.41,0.72,13,0.19,0.15,1
2026-05-08,GB,youtube,Millet snacks,Food,38.34,0.43,0.77,13,0.19,0.15,1
2026-05-08,GB,marketplace,Millet snacks,Food,26.38,0.38,0.75,13,0.19,0.15,1
2026-05-08,GB,news,Millet snacks,Food,15.4,0.45,0.74,13,0.19,0.15,1
2026-05-08,GB,search,Portable blender,Home,28.55,0.27,0.47,13,0.21,0.16,1
2026-05-08,GB,reddit,Portable blender,Home,20.5,0.34,0.52,13,0.21,0.16,1
2026-05-08,GB,youtube,Portable blender,Home,41.8,0.3,0.45,13,0.21,0.16,1
2026-05-08,GB,marketplace,Portable blender,Home,25.68,0.25,0.46,13,0.21,0.16,1
2026-05-08,GB,news,Portable blender,Home,15.95,0.24,0.47,13,0.21,0.16,1
2026-05-08,EU,search,Waterless skincare,Beauty,34.07,0.52,0.68,13,0.19,0.15,1
2026-05-08,EU,reddit,Waterless skincare,Beauty,24.94,0.49,0.73,13,0.19,0.15,1
2026-05-08,EU,youtube,Waterless skincare,Beauty,47.11,0.48,0.68,13,0.19,0.15,1
2026-05-08,EU,marketplace,Waterless skincare,Beauty,30.15,0.57,0.7,13,0.19,0.15,1
2026-05-08,EU,news,Waterless skincare,Beauty,19.26,0.56,0.7,13,0.19,0.15,1
2026-05-08,EU,search,Smart hydration bottle,Electronics,28.86,0.51,0.72,13,0.19,0.15,1
2026-05-08,EU,reddit,Smart hydration bottle,Electronics,23.63,0.43,0.66,13,0.19,0.15,1
2026-05-08,EU,youtube,Smart hydration bottle,Electronics,42.38,0.44,0.66,13,0.19,0.15,1
2026-05-08,EU,marketplace,Smart hydration bottle,Electronics,28.32,0.53,0.66,13,0.19,0.15,1
2026-05-08,EU,news,Smart hydration bottle,Electronics,16.69,0.47,0.69,13,0.19,0.15,1
2026-05-08,EU,search,Walking pad,Fitness,28.14,0.35,0.58,13,0.21,0.16,1
2026-05-08,EU,reddit,Walking pad,Fitness,21.56,0.32,0.56,13,0.21,0.16,1
2026-05-08,EU,youtube,Walking pad,Fitness,39.91,0.37,0.57,13,0.21,0.16,1
2026-05-08,EU,marketplace,Walking pad,Fitness,26.45,0.42,0.55,13,0.21,0.16,1
2026-05-08,EU,news,Walking pad,Fitness,16.52,0.36,0.53,13,0.21,0.16,1
2026-05-08,EU,search,Millet snacks,Food,30.22,0.48,0.79,13,0.19,0.15,1
2026-05-08,EU,reddit,Millet snacks,Food,21.79,0.44,0.77,13,0.19,0.15,1
2026-05-08,EU,youtube,Millet snacks,Food,38.29,0.46,0.78,13,0.19,0.15,1
2026-05-08,EU,marketplace,Millet snacks,Food,27.55,0.39,0.81,13,0.19,0.15,1
2026-05-08,EU,news,Millet snacks,Food,16.14,0.43,0.76,13,0.19,0.15,1
2026-05-08,EU,search,Portable blender,Home,33.12,0.32,0.48,13,0.21,0.16,1
2026-05-08,EU,reddit,Portable blender,Home,24.41,0.28,0.52,13,0.21,0.16,1
2026-05-08,EU,youtube,Portable blender,Home,42.44,0.31,0.44,13,0.21,0.16,1
2026-05-08,EU,marketplace,Portable blender,Home,29.21,0.31,0.47,13,0.21,0.16,1
2026-05-08,EU,news,Portable blender,Home,17.56,0.24,0.53,13,0.21,0.16,1
2026-05-08,IN,search,Waterless skincare,Beauty,35.96,0.51,0.75,13,0.19,0.15,1
2026-05-08,IN,reddit,Waterless skincare,Beauty,28.03,0.51,0.67,13,0.19,0.15,1
2026-05-08,IN,youtube,Waterless skincare,Beauty,45.77,0.52,0.72,13,0.19,0.15,1
2026-05-08,IN,marketplace,Waterless skincare,Beauty,31.94,0.53,0.71,13,0.19,0.15,1
2026-05-08,IN,news,Waterless skincare,Beauty,19.01,0.55,0.73,13,0.19,0.15,1
2026-05-08,IN,search,Smart hydration bottle,Electronics,30.21,0.46,0.63,13,0.19,0.15,1
2026-05-08,IN,reddit,Smart hydration bottle,Electronics,21.4,0.46,0.73,13,0.19,0.15,1
2026-05-08,IN,youtube,Smart hydration bottle,Electronics,38.59,0.53,0.64,13,0.19,0.15,1
2026-05-08,IN,marketplace,Smart hydration bottle,Electronics,26.47,0.47,0.65,13,0.19,0.15,1
2026-05-08,IN,news,Smart hydration bottle,Electronics,16.58,0.47,0.67,13,0.19,0.15,1
2026-05-08,IN,search,Walking pad,Fitness,30.33,0.35,0.53,13,0.21,0.16,1
2026-05-08,IN,reddit,Walking pad,Fitness,23.1,0.32,0.58,13,0.21,0.16,1
2026-05-08,IN,youtube,Walking pad,Fitness,40.68,0.39,0.52,13,0.21,0.16,1
2026-05-08,IN,marketplace,Walking pad,Fitness,28.37,0.34,0.52,13,0.21,0.16,1
2026-05-08,IN,news,Walking pad,Fitness,15.46,0.37,0.6,13,0.21,0.16,1
2026-05-08,IN,search,Millet snacks,Food,36.93,0.43,0.73,13,0.19,0.15,1
2026-05-08,IN,reddit,Millet snacks,Food,29.34,0.43,0.71,13,0.19,0.15,1
2026-05-08,IN,youtube,Millet snacks,Food,52.62,0.4,0.77,13,0.19,0.15,1
2026-05-08,IN,marketplace,Millet snacks,Food,33.99,0.46,0.73,13,0.19,0.15,1
2026-05-08,IN,news,Millet snacks,Food,21.85,0.48,0.72,13,0.19,0.15,1
2026-05-08,IN,search,Portable blender,Home,27.46,0.34,0.45,13,0.21,0.16,1
2026-05-08,IN,reddit,Portable blender,Home,21.28,0.29,0.46,13,0.21,0.16,1
2026-05-08,IN,youtube,Portable blender,Home,41.25,0.3,0.49,13,0.21,0.16,1
2026-05-08,IN,marketplace,Portable blender,Home,26.53,0.31,0.49,13,0.21,0.16,1
2026-05-08,IN,news,Portable blender,Home,15.65,0.34,0.49,13,0.21,0.16,1
2026-05-09,US,search,Waterless skincare,Beauty,32.47,0.54,0.7,13,0.2,0.15,1
2026-05-09,US,reddit,Waterless skincare,Beauty,23.7,0.47,0.68,13,0.2,0.15,1
2026-05-09,US,youtube,Waterless skincare,Beauty,39.74,0.5,0.69,13,0.2,0.15,1
2026-05-09,US,marketplace,Waterless skincare,Beauty,28.75,0.52,0.71,13,0.2,0.15,1
2026-05-09,US,news,Waterless skincare,Beauty,16.24,0.51,0.69,13,0.2,0.15,1
2026-05-09,US,search,Smart hydration bottle,Electronics,36.93,0.5,0.69,13,0.2,0.15,1
2026-05-09,US,reddit,Smart hydration bottle,Electronics,29.09,0.48,0.68,13,0.2,0.15,1
2026-05-09,US,youtube,Smart hydration bottle,Electronics,46.47,0.45,0.68,13,0.2,0.15,1
2026-05-09,US,marketplace,Smart hydration bottle,Electronics,30.58,0.46,0.63,13,0.2,0.15,1
2026-05-09,US,news,Smart hydration bottle,Electronics,18.92,0.51,0.73,13,0.2,0.15,1
2026-05-09,US,search,Walking pad,Fitness,33.45,0.37,0.57,13,0.21,0.16,1
2026-05-09,US,reddit,Walking pad,Fitness,24.77,0.41,0.55,13,0.21,0.16,1
2026-05-09,US,youtube,Walking pad,Fitness,42.48,0.31,0.58,13,0.21,0.16,1
2026-05-09,US,marketplace,Walking pad,Fitness,29.2,0.34,0.55,13,0.21,0.16,1
2026-05-09,US,news,Walking pad,Fitness,17.53,0.36,0.57,13,0.21,0.16,1
2026-05-09,US,search,Millet snacks,Food,31.55,0.44,0.72,13,0.2,0.15,1
2026-05-09,US,reddit,Millet snacks,Food,21.58,0.47,0.79,13,0.2,0.15,1
2026-05-09,US,youtube,Millet snacks,Food,40.3,0.48,0.71,13,0.2,0.15,1
2026-05-09,US,marketplace,Millet snacks,Food,28.21,0.44,0.81,13,0.2,0.15,1
2026-05-09,US,news,Millet snacks,Food,15.8,0.48,0.79,13,0.2,0.15,1
2026-05-09,US,search,Portable blender,Home,28.46,0.35,0.47,13,0.21,0.16,1
2026-05-09,US,reddit,Portable blender,Home,21.5,0.33,0.47,13,0.21,0.16,1
2026-05-09,US,youtube,Portable blender,Home,42.28,0.33,0.45,13,0.21,0.16,1
2026-05-09,US,marketplace,Portable blender,Home,27.51,0.31,0.47,13,0.21,0.16,1
2026-05-09,US,news,Portable blender,Home,16.59,0.31,0.45,13,0.21,0.16,1
2026-05-09,GB,search,Waterless skincare,Beauty,31.16,0.48,0.69,13,0.2,0.15,1
2026-05-09,GB,reddit,Waterless skincare,Beauty,23.1,0.5,0.7,13,0.2,0.15,1
2026-05-09,GB,youtube,Waterless skincare,Beauty,44.55,0.5,0.74,13,0.2,0.15,1
2026-05-09,GB,marketplace,Waterless skincare,Beauty,28.67,0.49,0.76,13,0.2,0.15,1
2026-05-09,GB,news,Waterless skincare,Beauty,19.28,0.54,0.68,13,0.2,0.15,1
2026-05-09,GB,search,Smart hydration bottle,Electronics,32.09,0.51,0.72,13,0.2,0.15,1
2026-05-09,GB,reddit,Smart hydration bottle,Electronics,24.16,0.52,0.64,13,0.2,0.15,1
2026-05-09,GB,youtube,Smart hydration bottle,Electronics,42.77,0.44,0.7,13,0.2,0.15,1
2026-05-09,GB,marketplace,Smart hydration bottle,Electronics,28.37,0.51,0.7,13,0.2,0.15,1
2026-05-09,GB,news,Smart hydration bottle,Electronics,16.55,0.48,0.66,13,0.2,0.15,1
2026-05-09,GB,search,Walking pad,Fitness,33.58,0.36,0.56,13,0.21,0.16,1
2026-05-09,GB,reddit,Walking pad,Fitness,26.85,0.32,0.55,13,0.21,0.16,1
2026-05-09,GB,youtube,Walking pad,Fitness,44.46,0.42,0.54,13,0.21,0.16,1
2026-05-09,GB,marketplace,Walking pad,Fitness,32.52,0.35,0.5,13,0.21,0.16,1
2026-05-09,GB,news,Walking pad,Fitness,19.41,0.39,0.57,13,0.21,0.16,1
2026-05-09,GB,search,Millet snacks,Food,29.77,0.46,0.75,13,0.2,0.15,1
2026-05-09,GB,reddit,Millet snacks,Food,21.08,0.44,0.73,13,0.2,0.15,1
2026-05-09,GB,youtube,Millet snacks,Food,40.02,0.4,0.74,13,0.2,0.15,1
2026-05-09,GB,marketplace,Millet snacks,Food,28.19,0.42,0.77,13,0.2,0.15,1
2026-05-09,GB,news,Millet snacks,Food,16.62,0.44,0.74,13,0.2,0.15,1
2026-05-09,GB,search,Portable blender,Home,29.94,0.24,0.44,13,0.21,0.16,1
2026-05-09,GB,reddit,Portable blender,Home,22.76,0.29,0.44,13,0.21,0.16,1
2026-05-09,GB,youtube,Portable blender,Home,41.38,0.29,0.43,13,0.21,0.16,1
2026-05-09,GB,marketplace,Portable blender,Home,27.95,0.26,0.5,13,0.21,0.16,1
2026-05-09,GB,news,Portable blender,Home,15.23,0.31,0.45,13,0.21,0.16,1
2026-05-09,EU,search,Waterless skincare,Beauty,36.88,0.49,0.74,13,0.2,0.15,1
2026-05-09,EU,reddit,Waterless skincare,Beauty,25.17,0.5,0.76,13,0.2,0.15,1
2026-05-09,EU,youtube,Waterless skincare,Beauty,44.75,0.51,0.7,13,0.2,0.15,1
2026-05-09,EU,marketplace,Waterless skincare,Beauty,32.17,0.49,0.74,13,0.2,0.15,1
2026-05-09,EU,news,Waterless skincare,Beauty,19.67,0.46,0.72,13,0.2,0.15,1
2026-05-09,EU,search,Smart hydration bottle,Electronics,28.27,0.44,0.7,13,0.2,0.15,1
2026-05-09,EU,reddit,Smart hydration bottle,Electronics,20.82,0.5,0.71,13,0.2,0.15,1
2026-05-09,EU,youtube,Smart hydration bottle,Electronics,42.99,0.47,0.64,13,0.2,0.15,1
2026-05-09,EU,marketplace,Smart hydration bottle,Electronics,25.21,0.46,0.7,13,0.2,0.15,1
2026-05-09,EU,news,Smart hydration bottle,Electronics,15.48,0.45,0.72,13,0.2,0.15,1
2026-05-09,EU,search,Walking pad,Fitness,27.9,0.4,0.58,13,0.21,0.16,1
2026-05-09,EU,reddit,Walking pad,Fitness,20.91,0.43,0.51,13,0.21,0.16,1
2026-05-09,EU,youtube,Walking pad,Fitness,39.85,0.31,0.57,13,0.21,0.16,1
2026-05-09,EU,marketplace,Walking pad,Fitness,26.23,0.39,0.56,13,0.21,0.16,1
2026-05-09,EU,news,Walking pad,Fitness,15.38,0.36,0.57,13,0.21,0.16,1
2026-05-09,EU,search,Millet snacks,Food,31.16,0.39,0.72,13,0.2,0.15,1
2026-05-09,EU,reddit,Millet snacks,Food,23.04,0.45,0.75,13,0.2,0.15,1
2026-05-09,EU,youtube,Millet snacks,Food,42.65,0.42,0.72,13,0.2,0.15,1
2026-05-09,EU,marketplace,Millet snacks,Food,25.87,0.39,0.77,13,0.2,0.15,1
2026-05-09,EU,news,Millet snacks,Food,16.54,0.45,0.79,13,0.2,0.15,1
2026-05-09,EU,search,Portable blender,Home,32.3,0.34,0.5,13,0.21,0.16,1
2026-05-09,EU,reddit,Portable blender,Home,22.94,0.3,0.48,13,0.21,0.16,1
2026-05-09,EU,youtube,Portable blender,Home,43.94,0.27,0.44,13,0.21,0.16,1
2026-05-09,EU,marketplace,Portable blender,Home,29.89,0.35,0.48,13,0.21,0.16,1
2026-05-09,EU,news,Portable blender,Home,16.36,0.29,0.49,13,0.21,0.16,1
2026-05-09,IN,search,Waterless skincare,Beauty,35.57,0.58,0.77,13,0.2,0.15,1
2026-05-09,IN,reddit,Waterless skincare,Beauty,28.19,0.48,0.76,13,0.2,0.15,1
2026-05-09,IN,youtube,Waterless skincare,Beauty,48.29,0.5,0.74,13,0.2,0.15,1
2026-05-09,IN,marketplace,Waterless skincare,Beauty,33.06,0.57,0.75,13,0.2,0.15,1
2026-05-09,IN,news,Waterless skincare,Beauty,18.17,0.47,0.7,13,0.2,0.15,1
2026-05-09,IN,search,Smart hydration bottle,Electronics,28.52,0.42,0.71,13,0.2,0.15,1
2026-05-09,IN,reddit,Smart hydration bottle,Electronics,22.88,0.49,0.68,13,0.2,0.15,1
2026-05-09,IN,youtube,Smart hydration bottle,Electronics,40.66,0.5,0.64,13,0.2,0.15,1
2026-05-09,IN,marketplace,Smart hydration bottle,Electronics,27.57,0.49,0.66,13,0.2,0.15,1
2026-05-09,IN,news,Smart hydration bottle,Electronics,16.32,0.48,0.65,13,0.2,0.15,1
2026-05-09,IN,search,Walking pad,Fitness,31.01,0.37,0.54,13,0.21,0.16,1
2026-05-09,IN,reddit,Walking pad,Fitness,22.71,0.41,0.57,13,0.21,0.16,1
2026-05-09,IN,youtube,Walking pad,Fitness,37.69,0.39,0.57,13,0.21,0.16,1
2026-05-09,IN,marketplace,Walking pad,Fitness,28.05,0.31,0.51,13,0.21,0.16,1
2026-05-09,IN,news,Walking pad,Fitness,16.2,0.36,0.56,13,0.21,0.16,1
2026-05-09,IN,search,Millet snacks,Food,37.65,0.47,0.78,13,0.2,0.15,1
2026-05-09,IN,reddit,Millet snacks,Food,27.47,0.46,0.78,13,0.2,0.15,1
2026-05-09,IN,youtube,Millet snacks,Food,49.77,0.49,0.76,13,0.2,0.15,1
2026-05-09,IN,marketplace,Millet snacks,Food,36.2,0.47,0.73,13,0.2,0.15,1
2026-05-09,IN,news,Millet snacks,Food,20.17,0.47,0.74,13,0.2,0.15,1
2026-05-09,IN,search,Portable blender,Home,30.83,0.33,0.43,13,0.21,0.16,1
2026-05-09,IN,reddit,Portable blender,Home,22.88,0.27,0.44,13,0.21,0.16,1
2026-05-09,IN,youtube,Portable blender,Home,40.66,0.3,0.44,13,0.21,0.16,1
2026-05-09,IN,marketplace,Portable blender,Home,26.16,0.28,0.48,13,0.21,0.16,1
2026-05-09,IN,news,Portable blender,Home,16.24,0.28,0.46,13,0.21,0.16,1
2026-05-10,US,search,Waterless skincare,Beauty,29.62,0.53,0.74,13,0.2,0.15,1
2026-05-10,US,reddit,Waterless skincare,Beauty,22.63,0.52,0.67,13,0.2,0.15,1
2026-05-10,US,youtube,Waterless skincare,Beauty,44.5,0.49,0.72,13,0.2,0.15,1
2026-05-10,US,marketplace,Waterless skincare,Beauty,27.77,0.48,0.76,13,0.2,0.15,1
2026-05-10,US,news,Waterless skincare,Beauty,18.12,0.53,0.76,13,0.2,0.15,1
2026-05-10,US,search,Smart hydration bottle,Electronics,37.75,0.47,0.66,13,0.2,0.15,1
2026-05-10,US,reddit,Smart hydration bottle,Electronics,27.07,0.5,0.66,13,0.2,0.15,1
2026-05-10,US,youtube,Smart hydration bottle,Electronics,46.39,0.46,0.68,13,0.2,0.15,1
2026-05-10,US,marketplace,Smart hydration bottle,Electronics,34.72,0.44,0.71,13,0.2,0.15,1
2026-05-10,US,news,Smart hydration bottle,Electronics,21.44,0.53,0.64,13,0.2,0.15,1
2026-05-10,US,search,Walking pad,Fitness,33.44,0.34,0.58,13,0.22,0.16,1
2026-05-10,US,reddit,Walking pad,Fitness,24.6,0.37,0.5,13,0.22,0.16,1
2026-05-10,US,youtube,Walking pad,Fitness,43.47,0.37,0.53,13,0.22,0.16,1
2026-05-10,US,marketplace,Walking pad,Fitness,30.77,0.36,0.56,13,0.22,0.16,1
2026-05-10,US,news,Walking pad,Fitness,18.47,0.4,0.52,13,0.22,0.16,1
2026-05-10,US,search,Millet snacks,Food,32.34,0.47,0.73,13,0.2,0.15,1
2026-05-10,US,reddit,Millet snacks,Food,21.38,0.43,0.73,13,0.2,0.15,1
2026-05-10,US,youtube,Millet snacks,Food,40.46,0.48,0.8,13,0.2,0.15,1
2026-05-10,US,marketplace,Millet snacks,Food,29.3,0.38,0.78,13,0.2,0.15,1
2026-05-10,US,news,Millet snacks,Food,17.67,0.47,0.72,13,0.2,0.15,1
2026-05-10,US,search,Portable blender,Home,29.54,0.26,0.48,13,0.22,0.16,1
2026-05-10,US,reddit,Portable blender,Home,20.71,0.35,0.5,13,0.22,0.16,1
2026-05-10,US,youtube,Portable blender,Home,37.46,0.35,0.52,13,0.22,0.16,1
2026-05-10,US,marketplace,Portable blender,Home,26.55,0.32,0.47,13,0.22,0.16,1
2026-05-10,US,news,Portable blender,Home,17.26,0.25,0.44,13,0.22,0.16,1
2026-05-10,GB,search,Waterless skincare,Beauty,31.39,0.56,0.68,13,0.2,0.15,1
2026-05-10,GB,reddit,Waterless skincare,Beauty,25.05,0.51,0.77,13,0.2,0.15,1
2026-05-10,GB,youtube,Waterless skincare,Beauty,43.03,0.49,0.7,13,0.2,0.15,1
2026-05-10,GB,marketplace,Waterless skincare,Beauty,31.04,0.54,0.74,13,0.2,0.15,1
2026-05-10,GB,news,Waterless skincare,Beauty,17.74,0.49,0.68,13,0.2,0.15,1
2026-05-10,GB,search,Smart hydration bottle,Electronics,29.1,0.51,0.69,13,0.2,0.15,1
2026-05-10,GB,reddit,Smart hydration bottle,Electronics,21.67,0.43,0.68,13,0.2,0.15,1
2026-05-10,GB,youtube,Smart hydration bottle,Electronics,40.45,0.48,0.73,13,0.2,0.15,1
2026-05-10,GB,marketplace,Smart hydration bottle,Electronics,26.21,0.45,0.66,13,0.2,0.15,1
2026-05-10,GB,news,Smart hydration bottle,Electronics,15.81,0.43,0.7,13,0.2,0.15,1
2026-05-10,GB,search,Walking pad,Fitness,35.74,0.39,0.5,13,0.22,0.16,1
2026-05-10,GB,reddit,Walking pad,Fitness,26.84,0.35,0.51,13,0.22,0.16,1
2026-05-10,GB,youtube,Walking pad,Fitness,44.52,0.35,0.55,13,0.22,0.16,1
2026-05-10,GB,marketplace,Walking pad,Fitness,31.53,0.34,0.6,13,0.22,0.16,1
2026-05-10,GB,news,Walking pad,Fitness,17.57,0.36,0.55,13,0.22,0.16,1
2026-05-10,GB,search,Millet snacks,Food,31.19,0.41,0.76,13,0.2,0.15,1
2026-05-10,GB,reddit,Millet snacks,Food,23.57,0.4,0.71,13,0.2,0.15,1
2026-05-10,GB,youtube,Millet snacks,Food,42.58,0.5,0.72,13,0.2,0.15,1
2026-05-10,GB,marketplace,Millet snacks,Food,28.36,0.42,0.77,13,0.2,0.15,1
2026-05-10,GB,news,Millet snacks,Food,16.92,0.45,0.74,13,0.2,0.15,1
2026-05-10,GB,search,Portable blender,Home,30.6,0.24,0.44,13,0.22,0.16,1
2026-05-10,GB,reddit,Portable blender,Home,23.23,0.29,0.44,13,0.22,0.16,1
2026-05-10,GB,youtube,Portable blender,Home,41.82,0.33,0.46,13,0.22,0.16,1
2026-05-10,GB,marketplace,Portable blender,Home,24.7,0.29,0.45,13,0.22,0.16,1
2026-05-10,GB,news,Portable blender,Home,16.29,0.33,0.47,13,0.22,0.16,1
2026-05-10,EU,search,Waterless skincare,Beauty,32.75,0.54,0.69,13,0.2,0.15,1
2026-05-10,EU,reddit,Waterless skincare,Beauty,25.25,0.48,0.7,13,0.2,0.15,1
2026-05-10,EU,youtube,Waterless skincare,Beauty,49.88,0.46,0.73,13,0.2,0.15,1
2026-05-10,EU,marketplace,Waterless skincare,Beauty,30.43,0.5,0.71,13,0.2,0.15,1
2026-05-10,EU,news,Waterless skincare,Beauty,19.42,0.47,0.7,13,0.2,0.15,1
2026-05-10,EU,search,Smart hydration bottle,Electronics,28.5,0.44,0.72,13,0.2,0.15,1
2026-05-10,EU,reddit,Smart hydration bottle,Electronics,22.6,0.49,0.71,13,0.2,0.15,1
2026-05-10,EU,youtube,Smart hydration bottle,Electronics,42.21,0.53,0.71,13,0.2,0.15,1
2026-05-10,EU,marketplace,Smart hydration bottle,Electronics,26.49,0.48,0.68,13,0.2,0.15,1
2026-05-10,EU,news,Smart hydration bottle,Electronics,17.47,0.48,0.67,13,0.2,0.15,1
2026-05-10,EU,search,Walking pad,Fitness,28.23,0.35,0.52,13,0.22,0.16,1
2026-05-10,EU,reddit,Walking pad,Fitness,23.4,0.4,0.51,13,0.22,0.16,1
2026-05-10,EU,youtube,Walking pad,Fitness,42.65,0.37,0.58,13,0.22,0.16,1
2026-05-10,EU,marketplace,Walking pad,Fitness,28.46,0.42,0.51,13,0.22,0.16,1
2026-05-10,EU,news,Walking pad,Fitness,16.61,0.34,0.58,13,0.22,0.16,1
2026-05-10,EU,search,Millet snacks,Food,31.61,0.39,0.81,13,0.2,0.15,1
2026-05-10,EU,reddit,Millet snacks,Food,21.52,0.48,0.79,13,0.2,0.15,1
2026-05-10,EU,youtube,Millet snacks,Food,39.5,0.48,0.79,13,0.2,0.15,1
2026-05-10,EU,marketplace,Millet snacks,Food,25.66,0.45,0.79,13,0.2,0.15,1
2026-05-10,EU,news,Millet snacks,Food,16.88,0.49,0.71,13,0.2,0.15,1
2026-05-10,EU,search,Portable blender,Home,32.48,0.35,0.49,13,0.22,0.16,1
2026-05-10,EU,reddit,Portable blender,Home,23.91,0.26,0.53,13,0.22,0.16,1
2026-05-10,EU,youtube,Portable blender,Home,44.93,0.29,0.46,13,0.22,0.16,1
2026-05-10,EU,marketplace,Portable blender,Home,28.4,0.25,0.45,13,0.22,0.16,1
2026-05-10,EU,news,Portable blender,Home,16.69,0.3,0.43,13,0.22,0.16,1
2026-05-10,IN,search,Waterless skincare,Beauty,37.82,0.48,0.68,13,0.2,0.15,1
2026-05-10,IN,reddit,Waterless skincare,Beauty,27.61,0.57,0.75,13,0.2,0.15,1
2026-05-10,IN,youtube,Waterless skincare,Beauty,47.05,0.46,0.73,13,0.2,0.15,1
2026-05-10,IN,marketplace,Waterless skincare,Beauty,34.04,0.55,0.75,13,0.2,0.15,1
2026-05-10,IN,news,Waterless skincare,Beauty,20.64,0.58,0.71,13,0.2,0.15,1
2026-05-10,IN,search,Smart hydration bottle,Electronics,32.61,0.46,0.64,13,0.2,0.15,1
2026-05-10,IN,reddit,Smart hydration bottle,Electronics,22.39,0.43,0.65,13,0.2,0.15,1
2026-05-10,IN,youtube,Smart hydration bottle,Electronics,44.07,0.51,0.73,13,0.2,0.15,1
2026-05-10,IN,marketplace,Smart hydration bottle,Electronics,28.22,0.44,0.73,13,0.2,0.15,1
2026-05-10,IN,news,Smart hydration bottle,Electronics,17.35,0.53,0.71,13,0.2,0.15,1
2026-05-10,IN,search,Walking pad,Fitness,28.73,0.38,0.52,13,0.22,0.16,1
2026-05-10,IN,reddit,Walking pad,Fitness,21.81,0.39,0.51,13,0.22,0.16,1
2026-05-10,IN,youtube,Walking pad,Fitness,41.65,0.42,0.59,13,0.22,0.16,1
2026-05-10,IN,marketplace,Walking pad,Fitness,26.5,0.43,0.6,13,0.22,0.16,1
2026-05-10,IN,news,Walking pad,Fitness,15.36,0.38,0.59,13,0.22,0.16,1
2026-05-10,IN,search,Millet snacks,Food,41.5,0.41,0.77,13,0.2,0.15,1
2026-05-10,IN,reddit,Millet snacks,Food,31.0,0.4,0.78,13,0.2,0.15,1
2026-05-10,IN,youtube,Millet snacks,Food,50.66,0.5,0.73,13,0.2,0.15,1
2026-05-10,IN,marketplace,Millet snacks,Food,36.95,0.39,0.78,13,0.2,0.15,1
2026-05-10,IN,news,Millet snacks,Food,21.84,0.49,0.75,13,0.2,0.15,1
2026-05-10,IN,search,Portable blender,Home,28.41,0.26,0.44,13,0.22,0.16,1
2026-05-10,IN,reddit,Portable blender,Home,21.28,0.25,0.43,13,0.22,0.16,1
2026-05-10,IN,youtube,Portable blender,Home,39.03,0.32,0.53,13,0.22,0.16,1
2026-05-10,IN,marketplace,Portable blender,Home,27.87,0.29,0.47,13,0.22,0.16,1
2026-05-10,IN,news,Portable blender,Home,16.26,0.25,0.48,13,0.22,0.16,1
2026-05-11,US,search,Waterless skincare,Beauty,33.2,0.54,0.74,13,0.2,0.15,1
2026-05-11,US,reddit,Waterless skincare,Beauty,22.57,0.47,0.75,13,0.2,0.15,1
2026-05-11,US,youtube,Waterless skincare,Beauty,41.42,0.5,0.77,13,0.2,0.15,1
2026-05-11,US,marketplace,Waterless skincare,Beauty,26.74,0.48,0.71,13,0.2,0.15,1
2026-05-11,US,news,Waterless skincare,Beauty,17.94,0.53,0.76,13,0.2,0.15,1
2026-05-11,US,search,Smart hydration bottle,Electronics,34.65,0.49,0.69,13,0.2,0.15,1
2026-05-11,US,reddit,Smart hydration bottle,Electronics,27.49,0.42,0.72,13,0.2,0.15,1
2026-05-11,US,youtube,Smart hydration bottle,Electronics,47.28,0.52,0.65,13,0.2,0.15,1
2026-05-11,US,marketplace,Smart hydration bottle,Electronics,31.23,0.44,0.65,13,0.2,0.15,1
2026-05-11,US,news,Smart hydration bottle,Electronics,20.77,0.5,0.7,13,0.2,0.15,1
2026-05-11,US,search,Walking pad,Fitness,32.64,0.34,0.52,13,0.22,0.17,1
2026-05-11,US,reddit,Walking pad,Fitness,23.72,0.38,0.58,13,0.22,0.17,1
2026-05-11,US,youtube,Walking pad,Fitness,43.35,0.35,0.54,13,0.22,0.17,1
2026-05-11,US,marketplace,Walking pad,Fitness,29.5,0.39,0.56,13,0.22,0.17,1
2026-05-11,US,news,Walking pad,Fitness,17.78,0.31,0.52,13,0.22,0.17,1
2026-05-11,US,search,Millet snacks,Food,29.9,0.39,0.79,13,0.2,0.15,1
2026-05-11,US,reddit,Millet snacks,Food,22.48,0.43,0.76,13,0.2,0.15,1
2026-05-11,US,youtube,Millet snacks,Food,42.51,0.39,0.76,13,0.2,0.15,1
2026-05-11,US,marketplace,Millet snacks,Food,26.49,0.49,0.75,13,0.2,0.15,1
2026-05-11,US,news,Millet snacks,Food,16.81,0.41,0.76,13,0.2,0.15,1
2026-05-11,US,search,Portable blender,Home,28.38,0.27,0.44,13,0.22,0.17,1
2026-05-11,US,reddit,Portable blender,Home,22.91,0.32,0.44,13,0.22,0.17,1
2026-05-11,US,youtube,Portable blender,Home,38.97,0.3,0.53,13,0.22,0.17,1
2026-05-11,US,marketplace,Portable blender,Home,26.89,0.3,0.51,13,0.22,0.17,1
2026-05-11,US,news,Portable blender,Home,16.95,0.29,0.48,13,0.22,0.17,1
2026-05-11,GB,search,Waterless skincare,Beauty,35.03,0.52,0.76,13,0.2,0.15,1
2026-05-11,GB,reddit,Waterless skincare,Beauty,24.91,0.47,0.76,13,0.2,0.15,1
2026-05-11,GB,youtube,Waterless skincare,Beauty,46.33,0.52,0.76,13,0.2,0.15,1
2026-05-11,GB,marketplace,Waterless skincare,Beauty,31.25,0.54,0.73,13,0.2,0.15,1
2026-05-11,GB,news,Waterless skincare,Beauty,17.35,0.55,0.69,13,0.2,0.15,1
2026-05-11,GB,search,Smart hydration bottle,Electronics,32.62,0.53,0.71,13,0.2,0.15,1
2026-05-11,GB,reddit,Smart hydration bottle,Electronics,21.71,0.47,0.73,13,0.2,0.15,1
2026-05-11,GB,youtube,Smart hydration bottle,Electronics,40.87,0.53,0.69,13,0.2,0.15,1
2026-05-11,GB,marketplace,Smart hydration bottle,Electronics,28.78,0.45,0.72,13,0.2,0.15,1
2026-05-11,GB,news,Smart hydration bottle,Electronics,17.77,0.42,0.67,13,0.2,0.15,1
2026-05-11,GB,search,Walking pad,Fitness,33.83,0.35,0.53,13,0.22,0.17,1
2026-05-11,GB,reddit,Walking pad,Fitness,25.59,0.41,0.58,13,0.22,0.17,1
2026-05-11,GB,youtube,Walking pad,Fitness,47.14,0.37,0.54,13,0.22,0.17,1
2026-05-11,GB,marketplace,Walking pad,Fitness,30.52,0.32,0.56,13,0.22,0.17,1
2026-05-11,GB,news,Walking pad,Fitness,19.56,0.42,0.59,13,0.22,0.17,1
2026-05-11,GB,search,Millet snacks,Food,30.57,0.39,0.74,13,0.2,0.15,1
2026-05-11,GB,reddit,Millet snacks,Food,22.84,0.42,0.75,13,0.2,0.15,1
2026-05-11,GB,youtube,Millet snacks,Food,40.25,0.44,0.77,13,0.2,0.15,1
2026-05-11,GB,marketplace,Millet snacks,Food,25.51,0.41,0.72,13,0.2,0.15,1
2026-05-11,GB,news,Millet snacks,Food,16.92,0.46,0.71,13,0.2,0.15,1
2026-05-11,GB,search,Portable blender,Home,31.01,0.27,0.45,13,0.22,0.17,1
2026-05-11,GB,reddit,Portable blender,Home,22.81,0.35,0.52,13,0.22,0.17,1
2026-05-11,GB,youtube,Portable blender,Home,37.03,0.33,0.46,13,0.22,0.17,1
2026-05-11,GB,marketplace,Portable blender,Home,25.65,0.29,0.5,13,0.22,0.17,1
2026-05-11,GB,news,Portable blender,Home,15.26,0.34,0.44,13,0.22,0.17,1
2026-05-11,EU,search,Waterless skincare,Beauty,37.64,0.51,0.75,13,0.2,0.15,1
2026-05-11,EU,reddit,Waterless skincare,Beauty,25.62,0.51,0.73,13,0.2,0.15,1
2026-05-11,EU,youtube,Waterless skincare,Beauty,45.57,0.49,0.75,13,0.2,0.15,1
2026-05-11,EU,marketplace,Waterless skincare,Beauty,32.84,0.55,0.76,13,0.2,0.15,1
2026-05-11,EU,news,Waterless skincare,Beauty,20.29,0.52,0.69,13,0.2,0.15,1
2026-05-11,EU,search,Smart hydration bottle,Electronics,29.41,0.48,0.64,13,0.2,0.15,1
2026-05-11,EU,reddit,Smart hydration bottle,Electronics,23.77,0.52,0.63,13,0.2,0.15,1
2026-05-11,EU,youtube,Smart hydration bottle,Electronics,39.02,0.51,0.71,13,0.2,0.15,1
2026-05-11,EU,marketplace,Smart hydration bottle,Electronics,26.23,0.47,0.72,13,0.2,0.15,1
2026-05-11,EU,news,Smart hydration bottle,Electronics,17.09,0.45,0.71,13,0.2,0.15,1
2026-05-11,EU,search,Walking pad,Fitness,29.7,0.38,0.51,13,0.22,0.17,1
2026-05-11,EU,reddit,Walking pad,Fitness,20.8,0.35,0.56,13,0.22,0.17,1
2026-05-11,EU,youtube,Walking pad,Fitness,38.26,0.41,0.56,13,0.22,0.17,1
2026-05-11,EU,marketplace,Walking pad,Fitness,26.15,0.33,0.59,13,0.22,0.17,1
2026-05-11,EU,news,Walking pad,Fitness,16.89,0.39,0.53,13,0.22,0.17,1
2026-05-11,EU,search,Millet snacks,Food,29.55,0.4,0.77,13,0.2,0.15,1
2026-05-11,EU,reddit,Millet snacks,Food,23.99,0.48,0.77,13,0.2,0.15,1
2026-05-11,EU,youtube,Millet snacks,Food,41.54,0.41,0.75,13,0.2,0.15,1
2026-05-11,EU,marketplace,Millet snacks,Food,25.21,0.47,0.79,13,0.2,0.15,1
2026-05-11,EU,news,Millet snacks,Food,15.38,0.49,0.77,13,0.2,0.15,1
2026-05-11,EU,search,Portable blender,Home,32.14,0.24,0.46,13,0.22,0.17,1
2026-05-11,EU,reddit,Portable blender,Home,24.78,0.27,0.53,13,0.22,0.17,1
2026-05-11,EU,youtube,Portable blender,Home,43.64,0.29,0.47,13,0.22,0.17,1
2026-05-11,EU,marketplace,Portable blender,Home,27.92,0.27,0.48,13,0.22,0.17,1
2026-05-11,EU,news,Portable blender,Home,17.86,0.33,0.47,13,0.22,0.17,1
2026-05-11,IN,search,Waterless skincare,Beauty,33.98,0.52,0.74,13,0.2,0.15,1
2026-05-11,IN,reddit,Waterless skincare,Beauty,28.28,0.5,0.73,13,0.2,0.15,1
2026-05-11,IN,youtube,Waterless skincare,Beauty,49.32,0.5,0.68,13,0.2,0.15,1
2026-05-11,IN,marketplace,Waterless skincare,Beauty,30.41,0.58,0.73,13,0.2,0.15,1
2026-05-11,IN,news,Waterless skincare,Beauty,20.79,0.49,0.74,13,0.2,0.15,1
2026-05-11,IN,search,Smart hydration bottle,Electronics,32.6,0.45,0.64,13,0.2,0.15,1
2026-05-11,IN,reddit,Smart hydration bottle,Electronics,24.04,0.52,0.71,13,0.2,0.15,1
2026-05-11,IN,youtube,Smart hydration bottle,Electronics,43.48,0.49,0.7,13,0.2,0.15,1
2026-05-11,IN,marketplace,Smart hydration bottle,Electronics,28.51,0.5,0.7,13,0.2,0.15,1
2026-05-11,IN,news,Smart hydration bottle,Electronics,18.18,0.45,0.67,13,0.2,0.15,1
2026-05-11,IN,search,Walking pad,Fitness,29.55,0.31,0.57,13,0.22,0.17,1
2026-05-11,IN,reddit,Walking pad,Fitness,22.74,0.33,0.57,13,0.22,0.17,1
2026-05-11,IN,youtube,Walking pad,Fitness,38.95,0.37,0.58,13,0.22,0.17,1
2026-05-11,IN,marketplace,Walking pad,Fitness,28.55,0.39,0.55,13,0.22,0.17,1
2026-05-11,IN,news,Walking pad,Fitness,17.31,0.41,0.59,13,0.22,0.17,1
2026-05-11,IN,search,Millet snacks,Food,37.42,0.39,0.72,13,0.2,0.15,1
2026-05-11,IN,reddit,Millet snacks,Food,28.38,0.48,0.79,13,0.2,0.15,1
2026-05-11,IN,youtube,Millet snacks,Food,50.53,0.46,0.74,13,0.2,0.15,1
2026-05-11,IN,marketplace,Millet snacks,Food,33.22,0.42,0.78,13,0.2,0.15,1
2026-05-11,IN,news,Millet snacks,Food,20.96,0.47,0.74,13,0.2,0.15,1
2026-05-11,IN,search,Portable blender,Home,28.48,0.27,0.52,13,0.22,0.17,1
2026-05-11,IN,reddit,Portable blender,Home,22.01,0.34,0.49,13,0.22,0.17,1
2026-05-11,IN,youtube,Portable blender,Home,42.26,0.24,0.52,13,0.22,0.17,1
2026-05-11,IN,marketplace,Portable blender,Home,26.52,0.34,0.47,13,0.22,0.17,1
2026-05-11,IN,news,Portable blender,Home,15.75,0.24,0.52,13,0.22,0.17,1
2026-05-12,US,search,Waterless skincare,Beauty,30.15,0.48,0.71,13,0.2,0.15,1
2026-05-12,US,reddit,Waterless skincare,Beauty,24.06,0.57,0.72,13,0.2,0.15,1
2026-05-12,US,youtube,Waterless skincare,Beauty,41.78,0.55,0.75,13,0.2,0.15,1
2026-05-12,US,marketplace,Waterless skincare,Beauty,28.54,0.54,0.69,13,0.2,0.15,1
2026-05-12,US,news,Waterless skincare,Beauty,17.8,0.46,0.7,13,0.2,0.15,1
2026-05-12,US,search,Smart hydration bottle,Electronics,38.27,0.44,0.71,13,0.2,0.15,1
2026-05-12,US,reddit,Smart hydration bottle,Electronics,27.65,0.51,0.64,13,0.2,0.15,1
2026-05-12,US,youtube,Smart hydration bottle,Electronics,50.64,0.49,0.67,13,0.2,0.15,1
2026-05-12,US,marketplace,Smart hydration bottle,Electronics,35.39,0.46,0.63,13,0.2,0.15,1
2026-05-12,US,news,Smart hydration bottle,Electronics,19.45,0.46,0.63,13,0.2,0.15,1
2026-05-12,US,search,Walking pad,Fitness,33.0,0.41,0.52,13,0.22,0.17,1
2026-05-12,US,reddit,Walking pad,Fitness,26.01,0.38,0.52,13,0.22,0.17,1
2026-05-12,US,youtube,Walking pad,Fitness,46.92,0.35,0.51,13,0.22,0.17,1
2026-05-12,US,marketplace,Walking pad,Fitness,29.96,0.38,0.52,13,0.22,0.17,1
2026-05-12,US,news,Walking pad,Fitness,19.46,0.34,0.53,13,0.22,0.17,1
2026-05-12,US,search,Millet snacks,Food,31.9,0.45,0.74,13,0.2,0.15,1
2026-05-12,US,reddit,Millet snacks,Food,24.45,0.5,0.74,13,0.2,0.15,1
2026-05-12,US,youtube,Millet snacks,Food,44.08,0.42,0.73,13,0.2,0.15,1
2026-05-12,US,marketplace,Millet snacks,Food,29.57,0.49,0.75,13,0.2,0.15,1
2026-05-12,US,news,Millet snacks,Food,16.36,0.47,0.72,13,0.2,0.15,1
2026-05-12,US,search,Portable blender,Home,30.52,0.31,0.45,13,0.22,0.17,1
2026-05-12,US,reddit,Portable blender,Home,21.75,0.31,0.43,13,0.22,0.17,1
2026-05-12,US,youtube,Portable blender,Home,42.0,0.27,0.48,13,0.22,0.17,1
2026-05-12,US,marketplace,Portable blender,Home,24.92,0.35,0.5,13,0.22,0.17,1
2026-05-12,US,news,Portable blender,Home,16.6,0.24,0.5,13,0.22,0.17,1
2026-05-12,GB,search,Waterless skincare,Beauty,33.11,0.51,0.72,13,0.2,0.15,1
2026-05-12,GB,reddit,Waterless skincare,Beauty,25.04,0.48,0.74,13,0.2,0.15,1
2026-05-12,GB,youtube,Waterless skincare,Beauty,46.05,0.5,0.74,13,0.2,0.15,1
2026-05-12,GB,marketplace,Waterless skincare,Beauty,30.84,0.49,0.73,13,0.2,0.15,1
2026-05-12,GB,news,Waterless skincare,Beauty,17.49,0.56,0.68,13,0.2,0.15,1
2026-05-12,GB,search,Smart hydration bottle,Electronics,31.63,0.43,0.64,13,0.2,0.15,1
2026-05-12,GB,reddit,Smart hydration bottle,Electronics,21.75,0.44,0.65,13,0.2,0.15,1
2026-05-12,GB,youtube,Smart hydration bottle,Electronics,40.05,0.48,0.65,13,0.2,0.15,1
2026-05-12,GB,marketplace,Smart hydration bottle,Electronics,28.4,0.45,0.63,13,0.2,0.15,1
2026-05-12,GB,news,Smart hydration bottle,Electronics,16.87,0.44,0.72,13,0.2,0.15,1
2026-05-12,GB,search,Walking pad,Fitness,33.6,0.31,0.57,13,0.22,0.17,1
2026-05-12,GB,reddit,Walking pad,Fitness,27.28,0.41,0.57,13,0.22,0.17,1
2026-05-12,GB,youtube,Walking pad,Fitness,44.18,0.32,0.55,13,0.22,0.17,1
2026-05-12,GB,marketplace,Walking pad,Fitness,31.94,0.32,0.53,13,0.22,0.17,1
2026-05-12,GB,news,Walking pad,Fitness,18.22,0.43,0.53,13,0.22,0.17,1
2026-05-12,GB,search,Millet snacks,Food,30.27,0.39,0.73,13,0.2,0.15,1
2026-05-12,GB,reddit,Millet snacks,Food,21.35,0.41,0.79,13,0.2,0.15,1
2026-05-12,GB,youtube,Millet snacks,Food,40.0,0.47,0.72,13,0.2,0.15,1
2026-05-12,GB,marketplace,Millet snacks,Food,28.37,0.38,0.8,13,0.2,0.15,1
2026-05-12,GB,news,Millet snacks,Food,17.12,0.4,0.75,13,0.2,0.15,1
2026-05-12,GB,search,Portable blender,Home,29.19,0.31,0.52,13,0.22,0.17,1
2026-05-12,GB,reddit,Portable blender,Home,20.83,0.33,0.45,13,0.22,0.17,1
2026-05-12,GB,youtube,Portable blender,Home,39.2,0.35,0.46,13,0.22,0.17,1
2026-05-12,GB,marketplace,Portable blender,Home,26.08,0.34,0.51,13,0.22,0.17,1
2026-05-12,GB,news,Portable blender,Home,16.53,0.33,0.44,13,0.22,0.17,1
2026-05-12,EU,search,Waterless skincare,Beauty,36.46,0.47,0.76,13,0.2,0.15,1
2026-05-12,EU,reddit,Waterless skincare,Beauty,25.35,0.51,0.73,13,0.2,0.15,1
2026-05-12,EU,youtube,Waterless skincare,Beauty,49.94,0.54,0.69,13,0.2,0.15,1
2026-05-12,EU,marketplace,Waterless skincare,Beauty,31.4,0.5,0.67,13,0.2,0.15,1
2026-05-12,EU,news,Waterless skincare,Beauty,20.02,0.56,0.77,13,0.2,0.15,1
2026-05-12,EU,search,Smart hydration bottle,Electronics,28.77,0.53,0.64,13,0.2,0.15,1
2026-05-12,EU,reddit,Smart hydration bottle,Electronics,22.47,0.42,0.66,13,0.2,0.15,1
2026-05-12,EU,youtube,Smart hydration bottle,Electronics,39.89,0.5,0.7,13,0.2,0.15,1
2026-05-12,EU,marketplace,Smart hydration bottle,Electronics,28.33,0.48,0.69,13,0.2,0.15,1
2026-05-12,EU,news,Smart hydration bottle,Electronics,17.8,0.5,0.66,13,0.2,0.15,1
2026-05-12,EU,search,Walking pad,Fitness,29.85,0.39,0.51,13,0.22,0.17,1
2026-05-12,EU,reddit,Walking pad,Fitness,22.82,0.34,0.53,13,0.22,0.17,1
2026-05-12,EU,youtube,Walking pad,Fitness,41.16,0.35,0.58,13,0.22,0.17,1
2026-05-12,EU,marketplace,Walking pad,Fitness,27.0,0.43,0.51,13,0.22,0.17,1
2026-05-12,EU,news,Walking pad,Fitness,16.69,0.33,0.58,13,0.22,0.17,1
2026-05-12,EU,search,Millet snacks,Food,31.63,0.48,0.72,13,0.2,0.15,1
2026-05-12,EU,reddit,Millet snacks,Food,22.58,0.41,0.81,13,0.2,0.15,1
2026-05-12,EU,youtube,Millet snacks,Food,38.13,0.41,0.77,13,0.2,0.15,1
2026-05-12,EU,marketplace,Millet snacks,Food,26.76,0.41,0.76,13,0.2,0.15,1
2026-05-12,EU,news,Millet snacks,Food,17.28,0.43,0.8,13,0.2,0.15,1
2026-05-12,EU,search,Portable blender,Home,31.5,0.25,0.48,13,0.22,0.17,1
2026-05-12,EU,reddit,Portable blender,Home,24.31,0.25,0.47,13,0.22,0.17,1
2026-05-12,EU,youtube,Portable blender,Home,43.19,0.24,0.44,13,0.22,0.17,1
2026-05-12,EU,marketplace,Portable blender,Home,28.98,0.31,0.46,13,0.22,0.17,1
2026-05-12,EU,news,Portable blender,Home,17.48,0.26,0.5,13,0.22,0.17,1
2026-05-12,IN,search,Waterless skincare,Beauty,38.46,0.5,0.68,13,0.2,0.15,1
2026-05-12,IN,reddit,Waterless skincare,Beauty,26.08,0.51,0.73,13,0.2,0.15,1
2026-05-12,IN,youtube,Waterless skincare,Beauty,49.66,0.52,0.74,13,0.2,0.15,1
2026-05-12,IN,marketplace,Waterless skincare,Beauty,33.55,0.47,0.75,13,0.2,0.15,1
2026-05-12,IN,news,Waterless skincare,Beauty,19.12,0.5,0.75,13,0.2,0.15,1
2026-05-12,IN,search,Smart hydration bottle,Electronics,33.06,0.45,0.68,13,0.2,0.15,1
2026-05-12,IN,reddit,Smart hydration bottle,Electronics,23.94,0.42,0.65,13,0.2,0.15,1
2026-05-12,IN,youtube,Smart hydration bottle,Electronics,39.8,0.5,0.7,13,0.2,0.15,1
2026-05-12,IN,marketplace,Smart hydration bottle,Electronics,26.4,0.49,0.65,13,0.2,0.15,1
2026-05-12,IN,news,Smart hydration bottle,Electronics,18.1,0.46,0.68,13,0.2,0.15,1
2026-05-12,IN,search,Walking pad,Fitness,31.28,0.39,0.51,13,0.22,0.17,1
2026-05-12,IN,reddit,Walking pad,Fitness,22.3,0.42,0.58,13,0.22,0.17,1
2026-05-12,IN,youtube,Walking pad,Fitness,41.14,0.4,0.55,13,0.22,0.17,1
2026-05-12,IN,marketplace,Walking pad,Fitness,27.69,0.42,0.51,13,0.22,0.17,1
2026-05-12,IN,news,Walking pad,Fitness,16.55,0.37,0.5,13,0.22,0.17,1
2026-05-12,IN,search,Millet snacks,Food,41.72,0.48,0.76,13,0.2,0.15,1
2026-05-12,IN,reddit,Millet snacks,Food,29.52,0.49,0.73,13,0.2,0.15,1
2026-05-12,IN,youtube,Millet snacks,Food,53.67,0.47,0.72,13,0.2,0.15,1
2026-05-12,IN,marketplace,Millet snacks,Food,34.83,0.45,0.8,13,0.2,0.15,1
2026-05-12,IN,news,Millet snacks,Food,21.64,0.43,0.81,13,0.2,0.15,1
2026-05-12,IN,search,Portable blender,Home,31.23,0.33,0.46,13,0.22,0.17,1
2026-05-12,IN,reddit,Portable blender,Home,23.57,0.35,0.48,13,0.22,0.17,1
2026-05-12,IN,youtube,Portable blender,Home,37.79,0.28,0.5,13,0.22,0.17,1
2026-05-12,IN,marketplace,Portable blender,Home,27.48,0.27,0.5,13,0.22,0.17,1
2026-05-12,IN,news,Portable blender,Home,17.05,0.32,0.52,13,0.22,0.17,1
2026-05-13,US,search,Waterless skincare,Beauty,32.49,0.48,0.73,13,0.2,0.15,1
2026-05-13,US,reddit,Waterless skincare,Beauty,23.22,0.5,0.74,13,0.2,0.15,1
2026-05-13,US,youtube,Waterless skincare,Beauty,45.96,0.54,0.77,13,0.2,0.15,1
2026-05-13,US,marketplace,Waterless skincare,Beauty,28.72,0.54,0.7,13,0.2,0.15,1
2026-05-13,US,news,Waterless skincare,Beauty,16.6,0.5,0.72,13,0.2,0.15,1
2026-05-13,US,search,Smart hydration bottle,Electronics,37.4,0.5,0.67,13,0.2,0.15,1
2026-05-13,US,reddit,Smart hydration bottle,Electronics,28.74,0.52,0.66,13,0.2,0.15,1
2026-05-13,US,youtube,Smart hydration bottle,Electronics,52.43,0.51,0.68,13,0.2,0.15,1
2026-05-13,US,marketplace,Smart hydration bottle,Electronics,31.12,0.43,0.7,13,0.2,0.15,1
2026-05-13,US,news,Smart hydration bottle,Electronics,19.51,0.51,0.65,13,0.2,0.15,1
2026-05-13,US,search,Walking pad,Fitness,32.87,0.34,0.58,13,0.23,0.17,1
2026-05-13,US,reddit,Walking pad,Fitness,26.09,0.34,0.58,13,0.23,0.17,1
2026-05-13,US,youtube,Walking pad,Fitness,42.74,0.4,0.51,13,0.23,0.17,1
2026-05-13,US,marketplace,Walking pad,Fitness,32.06,0.4,0.59,13,0.23,0.17,1
2026-05-13,US,news,Walking pad,Fitness,19.27,0.37,0.52,13,0.23,0.17,1
2026-05-13,US,search,Millet snacks,Food,32.23,0.47,0.74,13,0.2,0.15,1
2026-05-13,US,reddit,Millet snacks,Food,23.78,0.49,0.75,13,0.2,0.15,1
2026-05-13,US,youtube,Millet snacks,Food,44.52,0.5,0.74,13,0.2,0.15,1
2026-05-13,US,marketplace,Millet snacks,Food,28.1,0.38,0.74,13,0.2,0.15,1
2026-05-13,US,news,Millet snacks,Food,17.34,0.47,0.8,13,0.2,0.15,1
2026-05-13,US,search,Portable blender,Home,30.92,0.34,0.5,13,0.23,0.17,1
2026-05-13,US,reddit,Portable blender,Home,22.62,0.33,0.48,13,0.23,0.17,1
2026-05-13,US,youtube,Portable blender,Home,40.47,0.33,0.53,13,0.23,0.17,1
2026-05-13,US,marketplace,Portable blender,Home,25.83,0.26,0.5,13,0.23,0.17,1
2026-05-13,US,news,Portable blender,Home,15.54,0.26,0.48,13,0.23,0.17,1
2026-05-13,GB,search,Waterless skincare,Beauty,33.05,0.51,0.73,13,0.2,0.15,1
2026-05-13,GB,reddit,Waterless skincare,Beauty,23.92,0.53,0.7,13,0.2,0.15,1
2026-05-13,GB,youtube,Waterless skincare,Beauty,44.33,0.55,0.69,13,0.2,0.15,1
2026-05-13,GB,marketplace,Waterless skincare,Beauty,28.8,0.5,0.68,13,0.2,0.15,1
2026-05-13,GB,news,Waterless skincare,Beauty,19.62,0.53,0.74,13,0.2,0.15,1
2026-05-13,GB,search,Smart hydration bottle,Electronics,30.74,0.48,0.67,13,0.2,0.15,1
2026-05-13,GB,reddit,Smart hydration bottle,Electronics,24.0,0.45,0.65,13,0.2,0.15,1
2026-05-13,GB,youtube,Smart hydration bottle,Electronics,39.71,0.42,0.68,13,0.2,0.15,1
2026-05-13,GB,marketplace,Smart hydration bottle,Electronics,27.38,0.48,0.64,13,0.2,0.15,1
2026-05-13,GB,news,Smart hydration bottle,Electronics,16.27,0.44,0.66,13,0.2,0.15,1
2026-05-13,GB,search,Walking pad,Fitness,33.78,0.33,0.58,13,0.23,0.17,1
2026-05-13,GB,reddit,Walking pad,Fitness,25.95,0.43,0.58,13,0.23,0.17,1
2026-05-13,GB,youtube,Walking pad,Fitness,49.65,0.31,0.57,13,0.23,0.17,1
2026-05-13,GB,marketplace,Walking pad,Fitness,30.77,0.42,0.56,13,0.23,0.17,1
2026-05-13,GB,news,Walking pad,Fitness,19.27,0.42,0.57,13,0.23,0.17,1
2026-05-13,GB,search,Millet snacks,Food,29.74,0.49,0.8,13,0.2,0.15,1
2026-05-13,GB,reddit,Millet snacks,Food,22.51,0.44,0.74,13,0.2,0.15,1
2026-05-13,GB,youtube,Millet snacks,Food,43.55,0.48,0.75,13,0.2,0.15,1
2026-05-13,GB,marketplace,Millet snacks,Food,28.61,0.43,0.71,13,0.2,0.15,1
2026-05-13,GB,news,Millet snacks,Food,17.71,0.4,0.76,13,0.2,0.15,1
2026-05-13,GB,search,Portable blender,Home,31.29,0.26,0.53,13,0.23,0.17,1
2026-05-13,GB,reddit,Portable blender,Home,22.2,0.24,0.44,13,0.23,0.17,1
2026-05-13,GB,youtube,Portable blender,Home,40.7,0.33,0.52,13,0.23,0.17,1
2026-05-13,GB,marketplace,Portable blender,Home,26.22,0.25,0.48,13,0.23,0.17,1
2026-05-13,GB,news,Portable blender,Home,16.66,0.35,0.51,13,0.23,0.17,1
2026-05-13,EU,search,Waterless skincare,Beauty,36.35,0.57,0.74,13,0.2,0.15,1
2026-05-13,EU,reddit,Waterless skincare,Beauty,25.42,0.52,0.7,13,0.2,0.15,1
2026-05-13,EU,youtube,Waterless skincare,Beauty,45.31,0.47,0.75,13,0.2,0.15,1
2026-05-13,EU,marketplace,Waterless skincare,Beauty,32.32,0.53,0.69,13,0.2,0.15,1
2026-05-13,EU,news,Waterless skincare,Beauty,18.93,0.51,0.73,13,0.2,0.15,1
2026-05-13,EU,search,Smart hydration bottle,Electronics,30.15,0.42,0.7,13,0.2,0.15,1
2026-05-13,EU,reddit,Smart hydration bottle,Electronics,22.93,0.49,0.69,13,0.2,0.15,1
2026-05-13,EU,youtube,Smart hydration bottle,Electronics,42.55,0.49,0.7,13,0.2,0.15,1
2026-05-13,EU,marketplace,Smart hydration bottle,Electronics,25.75,0.53,0.64,13,0.2,0.15,1
2026-05-13,EU,news,Smart hydration bottle,Electronics,17.41,0.45,0.64,13,0.2,0.15,1
2026-05-13,EU,search,Walking pad,Fitness,30.9,0.36,0.54,13,0.23,0.17,1
2026-05-13,EU,reddit,Walking pad,Fitness,22.85,0.36,0.55,13,0.23,0.17,1
2026-05-13,EU,youtube,Walking pad,Fitness,38.17,0.35,0.58,13,0.23,0.17,1
2026-05-13,EU,marketplace,Walking pad,Fitness,26.98,0.42,0.51,13,0.23,0.17,1
2026-05-13,EU,news,Walking pad,Fitness,16.79,0.42,0.58,13,0.23,0.17,1
2026-05-13,EU,search,Millet snacks,Food,31.18,0.42,0.8,13,0.2,0.15,1
2026-05-13,EU,reddit,Millet snacks,Food,22.83,0.45,0.72,13,0.2,0.15,1
2026-05-13,EU,youtube,Millet snacks,Food,37.96,0.45,0.76,13,0.2,0.15,1
2026-05-13,EU,marketplace,Millet snacks,Food,28.89,0.42,0.78,13,0.2,0.15,1
2026-05-13,EU,news,Millet snacks,Food,17.56,0.42,0.75,13,0.2,0.15,1
2026-05-13,EU,search,Portable blender,Home,32.38,0.3,0.45,13,0.23,0.17,1
2026-05-13,EU,reddit,Portable blender,Home,22.87,0.34,0.45,13,0.23,0.17,1
2026-05-13,EU,youtube,Portable blender,Home,40.93,0.33,0.52,13,0.23,0.17,1
2026-05-13,EU,marketplace,Portable blender,Home,29.97,0.35,0.53,13,0.23,0.17,1
2026-05-13,EU,news,Portable blender,Home,17.36,0.3,0.46,13,0.23,0.17,1
2026-05-13,IN,search,Waterless skincare,Beauty,34.13,0.47,0.74,13,0.2,0.15,1
2026-05-13,IN,reddit,Waterless skincare,Beauty,27.2,0.5,0.68,13,0.2,0.15,1
2026-05-13,IN,youtube,Waterless skincare,Beauty,50.11,0.47,0.73,13,0.2,0.15,1
2026-05-13,IN,marketplace,Waterless skincare,Beauty,34.53,0.5,0.72,13,0.2,0.15,1
2026-05-13,IN,news,Waterless skincare,Beauty,20.31,0.5,0.73,13,0.2,0.15,1
2026-05-13,IN,search,Smart hydration bottle,Electronics,31.43,0.46,0.66,13,0.2,0.15,1
2026-05-13,IN,reddit,Smart hydration bottle,Electronics,23.12,0.42,0.65,13,0.2,0.15,1
2026-05-13,IN,youtube,Smart hydration bottle,Electronics,40.4,0.5,0.67,13,0.2,0.15,1
2026-05-13,IN,marketplace,Smart hydration bottle,Electronics,29.36,0.43,0.7,13,0.2,0.15,1
2026-05-13,IN,news,Smart hydration bottle,Electronics,18.03,0.47,0.67,13,0.2,0.15,1
2026-05-13,IN,search,Walking pad,Fitness,29.31,0.37,0.52,13,0.23,0.17,1
2026-05-13,IN,reddit,Walking pad,Fitness,22.94,0.41,0.59,13,0.23,0.17,1
2026-05-13,IN,youtube,Walking pad,Fitness,38.63,0.37,0.53,13,0.23,0.17,1
2026-05-13,IN,marketplace,Walking pad,Fitness,28.59,0.32,0.51,13,0.23,0.17,1
2026-05-13,IN,news,Walking pad,Fitness,15.46,0.37,0.5,13,0.23,0.17,1
2026-05-13,IN,search,Millet snacks,Food,39.87,0.43,0.77,13,0.2,0.15,1
2026-05-13,IN,reddit,Millet snacks,Food,31.24,0.45,0.76,13,0.2,0.15,1
2026-05-13,IN,youtube,Millet snacks,Food,56.93,0.44,0.79,13,0.2,0.15,1
2026-05-13,IN,marketplace,Millet snacks,Food,34.81,0.41,0.79,13,0.2,0.15,1
2026-05-13,IN,news,Millet snacks,Food,22.39,0.41,0.76,13,0.2,0.15,1
2026-05-13,IN,search,Portable blender,Home,29.55,0.28,0.48,13,0.23,0.17,1
2026-05-13,IN,reddit,Portable blender,Home,22.64,0.34,0.51,13,0.23,0.17,1
2026-05-13,IN,youtube,Portable blender,Home,40.47,0.25,0.48,13,0.23,0.17,1
2026-05-13,IN,marketplace,Portable blender,Home,26.36,0.26,0.52,13,0.23,0.17,1
2026-05-13,IN,news,Portable blender,Home,16.59,0.35,0.5,13,0.23,0.17,1
2026-05-14,US,search,Waterless skincare,Beauty,31.91,0.5,0.69,13,0.21,0.15,1
2026-05-14,US,reddit,Waterless skincare,Beauty,23.94,0.47,0.71,13,0.21,0.15,1
2026-05-14,US,youtube,Waterless skincare,Beauty,40.41,0.48,0.76,13,0.21,0.15,1
2026-05-14,US,marketplace,Waterless skincare,Beauty,28.22,0.52,0.72,13,0.21,0.15,1
2026-05-14,US,news,Waterless skincare,Beauty,16.47,0.58,0.7,13,0.21,0.15,1
2026-05-14,US,search,Smart hydration bottle,Electronics,38.16,0.48,0.71,13,0.21,0.15,1
2026-05-14,US,reddit,Smart hydration bottle,Electronics,29.13,0.45,0.68,13,0.21,0.15,1
2026-05-14,US,youtube,Smart hydration bottle,Electronics,47.8,0.49,0.67,13,0.21,0.15,1
2026-05-14,US,marketplace,Smart hydration bottle,Electronics,34.11,0.52,0.68,13,0.21,0.15,1
2026-05-14,US,news,Smart hydration bottle,Electronics,20.05,0.52,0.68,13,0.21,0.15,1
2026-05-14,US,search,Walking pad,Fitness,33.17,0.41,0.55,14,0.23,0.17,1
2026-05-14,US,reddit,Walking pad,Fitness,25.34,0.38,0.55,14,0.23,0.17,1
2026-05-14,US,youtube,Walking pad,Fitness,43.41,0.33,0.51,14,0.23,0.17,1
2026-05-14,US,marketplace,Walking pad,Fitness,31.09,0.33,0.52,14,0.23,0.17,1
2026-05-14,US,news,Walking pad,Fitness,18.27,0.39,0.51,14,0.23,0.17,1
2026-05-14,US,search,Millet snacks,Food,29.86,0.48,0.78,13,0.21,0.15,1
2026-05-14,US,reddit,Millet snacks,Food,23.21,0.44,0.73,13,0.21,0.15,1
2026-05-14,US,youtube,Millet snacks,Food,39.9,0.48,0.71,13,0.21,0.15,1
2026-05-14,US,marketplace,Millet snacks,Food,26.14,0.45,0.73,13,0.21,0.15,1
2026-05-14,US,news,Millet snacks,Food,17.37,0.38,0.77,13,0.21,0.15,1
2026-05-14,US,search,Portable blender,Home,27.67,0.27,0.45,14,0.23,0.17,1
2026-05-14,US,reddit,Portable blender,Home,23.55,0.31,0.49,14,0.23,0.17,1
2026-05-14,US,youtube,Portable blender,Home,37.15,0.32,0.5,14,0.23,0.17,1
2026-05-14,US,marketplace,Portable blender,Home,25.75,0.25,0.47,14,0.23,0.17,1
2026-05-14,US,news,Portable blender,Home,17.35,0.34,0.45,14,0.23,0.17,1
2026-05-14,GB,search,Waterless skincare,Beauty,35.27,0.53,0.75,13,0.21,0.15,1
2026-05-14,GB,reddit,Waterless skincare,Beauty,26.42,0.48,0.74,13,0.21,0.15,1
2026-05-14,GB,youtube,Waterless skincare,Beauty,44.01,0.55,0.7,13,0.21,0.15,1
2026-05-14,GB,marketplace,Waterless skincare,Beauty,30.15,0.53,0.69,13,0.21,0.15,1
2026-05-14,GB,news,Waterless skincare,Beauty,18.25,0.47,0.69,13,0.21,0.15,1
2026-05-14,GB,search,Smart hydration bottle,Electronics,32.38,0.48,0.67,13,0.21,0.15,1
2026-05-14,GB,reddit,Smart hydration bottle,Electronics,21.99,0.43,0.68,13,0.21,0.15,1
2026-05-14,GB,youtube,Smart hydration bottle,Electronics,42.29,0.42,0.71,13,0.21,0.15,1
2026-05-14,GB,marketplace,Smart hydration bottle,Electronics,27.76,0.43,0.68,13,0.21,0.15,1
2026-05-14,GB,news,Smart hydration bottle,Electronics,16.08,0.49,0.71,13,0.21,0.15,1
2026-05-14,GB,search,Walking pad,Fitness,36.36,0.4,0.56,14,0.23,0.17,1
2026-05-14,GB,reddit,Walking pad,Fitness,25.91,0.35,0.5,14,0.23,0.17,1
2026-05-14,GB,youtube,Walking pad,Fitness,46.69,0.33,0.58,14,0.23,0.17,1
2026-05-14,GB,marketplace,Walking pad,Fitness,32.25,0.35,0.56,14,0.23,0.17,1
2026-05-14,GB,news,Walking pad,Fitness,19.58,0.4,0.57,14,0.23,0.17,1
2026-05-14,GB,search,Millet snacks,Food,28.81,0.4,0.76,13,0.21,0.15,1
2026-05-14,GB,reddit,Millet snacks,Food,22.04,0.48,0.74,13,0.21,0.15,1
2026-05-14,GB,youtube,Millet snacks,Food,43.39,0.43,0.73,13,0.21,0.15,1
2026-05-14,GB,marketplace,Millet snacks,Food,28.28,0.47,0.77,13,0.21,0.15,1
2026-05-14,GB,news,Millet snacks,Food,15.89,0.38,0.78,13,0.21,0.15,1
2026-05-14,GB,search,Portable blender,Home,30.17,0.27,0.47,14,0.23,0.17,1
2026-05-14,GB,reddit,Portable blender,Home,20.98,0.31,0.46,14,0.23,0.17,1
2026-05-14,GB,youtube,Portable blender,Home,41.66,0.29,0.47,14,0.23,0.17,1
2026-05-14,GB,marketplace,Portable blender,Home,25.63,0.32,0.51,14,0.23,0.17,1
2026-05-14,GB,news,Portable blender,Home,15.97,0.33,0.48,14,0.23,0.17,1
2026-05-14,EU,search,Waterless skincare,Beauty,35.06,0.53,0.7,13,0.21,0.15,1
2026-05-14,EU,reddit,Waterless skincare,Beauty,26.06,0.5,0.74,13,0.21,0.15,1
2026-05-14,EU,youtube,Waterless skincare,Beauty,49.8,0.56,0.74,13,0.21,0.15,1
2026-05-14,EU,marketplace,Waterless skincare,Beauty,33.25,0.51,0.74,13,0.21,0.15,1
2026-05-14,EU,news,Waterless skincare,Beauty,18.71,0.49,0.71,13,0.21,0.15,1
2026-05-14,EU,search,Smart hydration bottle,Electronics,29.79,0.48,0.7,13,0.21,0.15,1
2026-05-14,EU,reddit,Smart hydration bottle,Electronics,23.52,0.43,0.73,13,0.21,0.15,1
2026-05-14,EU,youtube,Smart hydration bottle,Electronics,38.29,0.43,0.64,13,0.21,0.15,1
2026-05-14,EU,marketplace,Smart hydration bottle,Electronics,29.06,0.47,0.64,13,0.21,0.15,1
2026-05-14,EU,news,Smart hydration bottle,Electronics,16.11,0.42,0.63,13,0.21,0.15,1
2026-05-14,EU,search,Walking pad,Fitness,29.3,0.43,0.56,14,0.23,0.17,1
2026-05-14,EU,reddit,Walking pad,Fitness,22.4,0.39,0.56,14,0.23,0.17,1
2026-05-14,EU,youtube,Walking pad,Fitness,42.71,0.41,0.56,14,0.23,0.17,1
2026-05-14,EU,marketplace,Walking pad,Fitness,26.57,0.33,0.57,14,0.23,0.17,1
2026-05-14,EU,news,Walking pad,Fitness,17.08,0.34,0.5,14,0.23,0.17,1
2026-05-14,EU,search,Millet snacks,Food,30.66,0.44,0.73,13,0.21,0.15,1
2026-05-14,EU,reddit,Millet snacks,Food,21.63,0.38,0.73,13,0.21,0.15,1
2026-05-14,EU,youtube,Millet snacks,Food,37.97,0.4,0.81,13,0.21,0.15,1
2026-05-14,EU,marketplace,Millet snacks,Food,28.28,0.42,0.75,13,0.21,0.15,1
2026-05-14,EU,news,Millet snacks,Food,16.83,0.44,0.78,13,0.21,0.15,1
2026-05-14,EU,search,Portable blender,Home,29.77,0.25,0.46,14,0.23,0.17,1
2026-05-14,EU,reddit,Portable blender,Home,24.86,0.34,0.46,14,0.23,0.17,1
2026-05-14,EU,youtube,Portable blender,Home,45.55,0.27,0.49,14,0.23,0.17,1
2026-05-14,EU,marketplace,Portable blender,Home,27.3,0.35,0.49,14,0.23,0.17,1
2026-05-14,EU,news,Portable blender,Home,16.84,0.28,0.44,14,0.23,0.17,1
2026-05-14,IN,search,Waterless skincare,Beauty,34.24,0.5,0.76,13,0.21,0.15,1
2026-05-14,IN,reddit,Waterless skincare,Beauty,28.47,0.57,0.76,13,0.21,0.15,1
2026-05-14,IN,youtube,Waterless skincare,Beauty,51.32,0.53,0.74,13,0.21,0.15,1
2026-05-14,IN,marketplace,Waterless skincare,Beauty,34.92,0.53,0.75,13,0.21,0.15,1
2026-05-14,IN,news,Waterless skincare,Beauty,20.75,0.58,0.72,13,0.21,0.15,1
2026-05-14,IN,search,Smart hydration bottle,Electronics,31.02,0.49,0.63,13,0.21,0.15,1
2026-05-14,IN,reddit,Smart hydration bottle,Electronics,22.14,0.42,0.69,13,0.21,0.15,1
2026-05-14,IN,youtube,Smart hydration bottle,Electronics,45.02,0.5,0.65,13,0.21,0.15,1
2026-05-14,IN,marketplace,Smart hydration bottle,Electronics,27.35,0.53,0.68,13,0.21,0.15,1
2026-05-14,IN,news,Smart hydration bottle,Electronics,15.98,0.51,0.65,13,0.21,0.15,1
2026-05-14,IN,search,Walking pad,Fitness,28.41,0.39,0.58,14,0.23,0.17,1
2026-05-14,IN,reddit,Walking pad,Fitness,21.25,0.42,0.55,14,0.23,0.17,1
2026-05-14,IN,youtube,Walking pad,Fitness,39.83,0.41,0.53,14,0.23,0.17,1
2026-05-14,IN,marketplace,Walking pad,Fitness,28.81,0.39,0.59,14,0.23,0.17,1
2026-05-14,IN,news,Walking pad,Fitness,16.57,0.33,0.57,14,0.23,0.17,1
2026-05-14,IN,search,Millet snacks,Food,41.51,0.4,0.73,13,0.21,0.15,1
2026-05-14,IN,reddit,Millet snacks,Food,28.55,0.45,0.73,13,0.21,0.15,1
2026-05-14,IN,youtube,Millet snacks,Food,50.33,0.49,0.78,13,0.21,0.15,1
2026-05-14,IN,marketplace,Millet snacks,Food,36.32,0.45,0.79,13,0.21,0.15,1
2026-05-14,IN,news,Millet snacks,Food,21.83,0.38,0.76,13,0.21,0.15,1
2026-05-14,IN,search,Portable blender,Home,29.96,0.29,0.53,14,0.23,0.17,1
2026-05-14,IN,reddit,Portable blender,Home,23.33,0.34,0.48,14,0.23,0.17,1
2026-05-14,IN,youtube,Portable blender,Home,42.47,0.34,0.46,14,0.23,0.17,1
2026-05-14,IN,marketplace,Portable blender,Home,25.49,0.3,0.44,14,0.23,0.17,1
2026-05-14,IN,news,Portable blender,Home,16.88,0.29,0.48,14,0.23,0.17,1
2026-05-15,US,search,Waterless skincare,Beauty,32.03,0.51,0.74,13,0.21,0.16,1
2026-05-15,US,reddit,Waterless skincare,Beauty,22.92,0.58,0.74,13,0.21,0.16,1
2026-05-15,US,youtube,Waterless skincare,Beauty,42.99,0.54,0.67,13,0.21,0.16,1
2026-05-15,US,marketplace,Waterless skincare,Beauty,27.65,0.53,0.7,13,0.21,0.16,1
2026-05-15,US,news,Waterless skincare,Beauty,17.89,0.49,0.72,13,0.21,0.16,1
2026-05-15,US,search,Smart hydration bottle,Electronics,35.75,0.47,0.69,13,0.21,0.16,1
2026-05-15,US,reddit,Smart hydration bottle,Electronics,27.31,0.47,0.65,13,0.21,0.16,1
2026-05-15,US,youtube,Smart hydration bottle,Electronics,51.51,0.46,0.72,13,0.21,0.16,1
2026-05-15,US,marketplace,Smart hydration bottle,Electronics,32.37,0.44,0.64,13,0.21,0.16,1
2026-05-15,US,news,Smart hydration bottle,Electronics,20.63,0.44,0.64,13,0.21,0.16,1
2026-05-15,US,search,Walking pad,Fitness,32.72,0.34,0.54,14,0.24,0.18,1
2026-05-15,US,reddit,Walking pad,Fitness,24.93,0.32,0.6,14,0.24,0.18,1
2026-05-15,US,youtube,Walking pad,Fitness,43.4,0.4,0.52,14,0.24,0.18,1
2026-05-15,US,marketplace,Walking pad,Fitness,30.43,0.43,0.58,14,0.24,0.18,1
2026-05-15,US,news,Walking pad,Fitness,18.64,0.39,0.58,14,0.24,0.18,1
2026-05-15,US,search,Millet snacks,Food,30.15,0.45,0.77,13,0.21,0.16,1
2026-05-15,US,reddit,Millet snacks,Food,22.93,0.46,0.72,13,0.21,0.16,1
2026-05-15,US,youtube,Millet snacks,Food,43.71,0.44,0.77,13,0.21,0.16,1
2026-05-15,US,marketplace,Millet snacks,Food,27.72,0.42,0.75,13,0.21,0.16,1
2026-05-15,US,news,Millet snacks,Food,17.2,0.49,0.74,13,0.21,0.16,1
2026-05-15,US,search,Portable blender,Home,27.44,0.25,0.52,14,0.24,0.18,1
2026-05-15,US,reddit,Portable blender,Home,23.49,0.26,0.49,14,0.24,0.18,1
2026-05-15,US,youtube,Portable blender,Home,40.54,0.26,0.51,14,0.24,0.18,1
2026-05-15,US,marketplace,Portable blender,Home,25.94,0.32,0.48,14,0.24,0.18,1
2026-05-15,US,news,Portable blender,Home,16.72,0.34,0.47,14,0.24,0.18,1
2026-05-15,GB,search,Waterless skincare,Beauty,32.74,0.54,0.68,13,0.21,0.16,1
2026-05-15,GB,reddit,Waterless skincare,Beauty,24.13,0.56,0.7,13,0.21,0.16,1
2026-05-15,GB,youtube,Waterless skincare,Beauty,46.4,0.53,0.75,13,0.21,0.16,1
2026-05-15,GB,marketplace,Waterless skincare,Beauty,28.55,0.48,0.69,13,0.21,0.16,1
2026-05-15,GB,news,Waterless skincare,Beauty,18.09,0.49,0.7,13,0.21,0.16,1
2026-05-15,GB,search,Smart hydration bottle,Electronics,31.46,0.45,0.67,13,0.21,0.16,1
2026-05-15,GB,reddit,Smart hydration bottle,Electronics,24.3,0.46,0.69,13,0.21,0.16,1
2026-05-15,GB,youtube,Smart hydration bottle,Electronics,44.34,0.46,0.65,13,0.21,0.16,1
2026-05-15,GB,marketplace,Smart hydration bottle,Electronics,25.9,0.5,0.7,13,0.21,0.16,1
2026-05-15,GB,news,Smart hydration bottle,Electronics,18.0,0.5,0.64,13,0.21,0.16,1
2026-05-15,GB,search,Walking pad,Fitness,32.78,0.32,0.51,14,0.24,0.18,1
2026-05-15,GB,reddit,Walking pad,Fitness,27.15,0.37,0.5,14,0.24,0.18,1
2026-05-15,GB,youtube,Walking pad,Fitness,45.74,0.4,0.51,14,0.24,0.18,1
2026-05-15,GB,marketplace,Walking pad,Fitness,29.91,0.33,0.57,14,0.24,0.18,1
2026-05-15,GB,news,Walking pad,Fitness,19.93,0.34,0.52,14,0.24,0.18,1
2026-05-15,GB,search,Millet snacks,Food,29.59,0.45,0.72,13,0.21,0.16,1
2026-05-15,GB,reddit,Millet snacks,Food,23.97,0.38,0.78,13,0.21,0.16,1
2026-05-15,GB,youtube,Millet snacks,Food,43.27,0.42,0.76,13,0.21,0.16,1
2026-05-15,GB,marketplace,Millet snacks,Food,29.29,0.44,0.74,13,0.21,0.16,1
2026-05-15,GB,news,Millet snacks,Food,16.65,0.5,0.78,13,0.21,0.16,1
2026-05-15,GB,search,Portable blender,Home,27.99,0.31,0.49,14,0.24,0.18,1
2026-05-15,GB,reddit,Portable blender,Home,22.4,0.3,0.48,14,0.24,0.18,1
2026-05-15,GB,youtube,Portable blender,Home,40.34,0.27,0.46,14,0.24,0.18,1
2026-05-15,GB,marketplace,Portable blender,Home,26.53,0.33,0.47,14,0.24,0.18,1
2026-05-15,GB,news,Portable blender,Home,15.82,0.27,0.46,14,0.24,0.18,1
2026-05-15,EU,search,Waterless skincare,Beauty,33.24,0.56,0.75,13,0.21,0.16,1
2026-05-15,EU,reddit,Waterless skincare,Beauty,26.22,0.52,0.67,13,0.21,0.16,1
2026-05-15,EU,youtube,Waterless skincare,Beauty,51.1,0.57,0.72,13,0.21,0.16,1
2026-05-15,EU,marketplace,Waterless skincare,Beauty,29.96,0.51,0.7,13,0.21,0.16,1
2026-05-15,EU,news,Waterless skincare,Beauty,18.92,0.46,0.71,13,0.21,0.16,1
2026-05-15,EU,search,Smart hydration bottle,Electronics,30.1,0.48,0.67,13,0.21,0.16,1
2026-05-15,EU,reddit,Smart hydration bottle,Electronics,21.78,0.5,0.67,13,0.21,0.16,1
2026-05-15,EU,youtube,Smart hydration bottle,Electronics,40.45,0.45,0.67,13,0.21,0.16,1
2026-05-15,EU,marketplace,Smart hydration bottle,Electronics,26.43,0.51,0.72,13,0.21,0.16,1
2026-05-15,EU,news,Smart hydration bottle,Electronics,17.49,0.5,0.66,13,0.21,0.16,1
2026-05-15,EU,search,Walking pad,Fitness,30.74,0.4,0.54,14,0.24,0.18,1
2026-05-15,EU,reddit,Walking pad,Fitness,23.4,0.33,0.53,14,0.24,0.18,1
2026-05-15,EU,youtube,Walking pad,Fitness,40.9,0.38,0.53,14,0.24,0.18,1
2026-05-15,EU,marketplace,Walking pad,Fitness,27.21,0.33,0.5,14,0.24,0.18,1
2026-05-15,EU,news,Walking pad,Fitness,15.32,0.37,0.52,14,0.24,0.18,1
2026-05-15,EU,search,Millet snacks,Food,28.54,0.41,0.78,13,0.21,0.16,1
2026-05-15,EU,reddit,Millet snacks,Food,23.39,0.41,0.73,13,0.21,0.16,1
2026-05-15,EU,youtube,Millet snacks,Food,40.76,0.42,0.74,13,0.21,0.16,1
2026-05-15,EU,marketplace,Millet snacks,Food,28.34,0.5,0.76,13,0.21,0.16,1
2026-05-15,EU,news,Millet snacks,Food,17.3,0.42,0.79,13,0.21,0.16,1
2026-05-15,EU,search,Portable blender,Home,33.59,0.24,0.51,14,0.24,0.18,1
2026-05-15,EU,reddit,Portable blender,Home,22.27,0.29,0.45,14,0.24,0.18,1
2026-05-15,EU,youtube,Portable blender,Home,44.69,0.33,0.51,14,0.24,0.18,1
2026-05-15,EU,marketplace,Portable blender,Home,26.93,0.33,0.45,14,0.24,0.18,1
2026-05-15,EU,news,Portable blender,Home,18.03,0.29,0.5,14,0.24,0.18,1
2026-05-15,IN,search,Waterless skincare,Beauty,34.08,0.52,0.75,13,0.21,0.16,1
2026-05-15,IN,reddit,Waterless skincare,Beauty,27.43,0.58,0.72,13,0.21,0.16,1
2026-05-15,IN,youtube,Waterless skincare,Beauty,50.47,0.5,0.7,13,0.21,0.16,1
2026-05-15,IN,marketplace,Waterless skincare,Beauty,33.41,0.47,0.76,13,0.21,0.16,1
2026-05-15,IN,news,Waterless skincare,Beauty,20.11,0.49,0.73,13,0.21,0.16,1
2026-05-15,IN,search,Smart hydration bottle,Electronics,29.88,0.52,0.72,13,0.21,0.16,1
2026-05-15,IN,reddit,Smart hydration bottle,Electronics,22.48,0.43,0.69,13,0.21,0.16,1
2026-05-15,IN,youtube,Smart hydration bottle,Electronics,41.09,0.44,0.66,13,0.21,0.16,1
2026-05-15,IN,marketplace,Smart hydration bottle,Electronics,26.59,0.51,0.63,13,0.21,0.16,1
2026-05-15,IN,news,Smart hydration bottle,Electronics,16.06,0.51,0.68,13,0.21,0.16,1
2026-05-15,IN,search,Walking pad,Fitness,30.47,0.35,0.51,14,0.24,0.18,1
2026-05-15,IN,reddit,Walking pad,Fitness,21.47,0.32,0.56,14,0.24,0.18,1
2026-05-15,IN,youtube,Walking pad,Fitness,43.04,0.43,0.56,14,0.24,0.18,1
2026-05-15,IN,marketplace,Walking pad,Fitness,25.39,0.38,0.57,14,0.24,0.18,1
2026-05-15,IN,news,Walking pad,Fitness,17.21,0.32,0.52,14,0.24,0.18,1
2026-05-15,IN,search,Millet snacks,Food,42.1,0.47,0.79,13,0.21,0.16,1
2026-05-15,IN,reddit,Millet snacks,Food,30.84,0.43,0.73,13,0.21,0.16,1
2026-05-15,IN,youtube,Millet snacks,Food,54.65,0.42,0.72,13,0.21,0.16,1
2026-05-15,IN,marketplace,Millet snacks,Food,37.47,0.44,0.75,13,0.21,0.16,1
2026-05-15,IN,news,Millet snacks,Food,21.07,0.46,0.73,13,0.21,0.16,1
2026-05-15,IN,search,Portable blender,Home,28.09,0.28,0.5,14,0.24,0.18,1
2026-05-15,IN,reddit,Portable blender,Home,21.34,0.33,0.52,14,0.24,0.18,1
2026-05-15,IN,youtube,Portable blender,Home,39.96,0.24,0.45,14,0.24,0.18,1
2026-05-15,IN,marketplace,Portable blender,Home,25.68,0.27,0.47,14,0.24,0.18,1
2026-05-15,IN,news,Portable blender,Home,15.03,0.31,0.47,14,0.24,0.18,1
2026-05-16,US,search,Waterless skincare,Beauty,30.61,0.46,0.76,14,0.21,0.16,1
2026-05-16,US,reddit,Waterless skincare,Beauty,24.94,0.49,0.74,14,0.21,0.16,1
2026-05-16,US,youtube,Waterless skincare,Beauty,44.18,0.52,0.71,14,0.21,0.16,1
2026-05-16,US,marketplace,Waterless skincare,Beauty,28.91,0.52,0.73,14,0.21,0.16,1
2026-05-16,US,news,Waterless skincare,Beauty,17.89,0.5,0.73,14,0.21,0.16,1
2026-05-16,US,search,Smart hydration bottle,Electronics,35.05,0.48,0.64,14,0.21,0.16,1
2026-05-16,US,reddit,Smart hydration bottle,Electronics,29.11,0.43,0.72,14,0.21,0.16,1
2026-05-16,US,youtube,Smart hydration bottle,Electronics,47.96,0.47,0.64,14,0.21,0.16,1
2026-05-16,US,marketplace,Smart hydration bottle,Electronics,33.7,0.52,0.7,14,0.21,0.16,1
2026-05-16,US,news,Smart hydration bottle,Electronics,20.46,0.5,0.66,14,0.21,0.16,1
2026-05-16,US,search,Walking pad,Fitness,33.07,0.38,0.51,14,0.24,0.18,1
2026-05-16,US,reddit,Walking pad,Fitness,26.8,0.33,0.55,14,0.24,0.18,1
2026-05-16,US,youtube,Walking pad,Fitness,47.98,0.32,0.58,14,0.24,0.18,1
2026-05-16,US,marketplace,Walking pad,Fitness,28.47,0.37,0.59,14,0.24,0.18,1
2026-05-16,US,news,Walking pad,Fitness,18.32,0.35,0.57,14,0.24,0.18,1
2026-05-16,US,search,Millet snacks,Food,32.36,0.41,0.71,14,0.21,0.16,1
2026-05-16,US,reddit,Millet snacks,Food,21.82,0.42,0.8,14,0.21,0.16,1
2026-05-16,US,youtube,Millet snacks,Food,44.49,0.39,0.78,14,0.21,0.16,1
2026-05-16,US,marketplace,Millet snacks,Food,27.99,0.4,0.76,14,0.21,0.16,1
2026-05-16,US,news,Millet snacks,Food,16.43,0.45,0.73,14,0.21,0.16,1
2026-05-16,US,search,Portable blender,Home,30.31,0.28,0.44,14,0.24,0.18,1
2026-05-16,US,reddit,Portable blender,Home,22.39,0.28,0.48,14,0.24,0.18,1
2026-05-16,US,youtube,Portable blender,Home,40.45,0.34,0.45,14,0.24,0.18,1
2026-05-16,US,marketplace,Portable blender,Home,25.18,0.28,0.46,14,0.24,0.18,1
2026-05-16,US,news,Portable blender,Home,15.34,0.35,0.47,14,0.24,0.18,1
2026-05-16,GB,search,Waterless skincare,Beauty,33.04,0.5,0.77,14,0.21,0.16,1
2026-05-16,GB,reddit,Waterless skincare,Beauty,24.68,0.5,0.75,14,0.21,0.16,1
2026-05-16,GB,youtube,Waterless skincare,Beauty,45.1,0.55,0.73,14,0.21,0.16,1
2026-05-16,GB,marketplace,Waterless skincare,Beauty,30.63,0.49,0.75,14,0.21,0.16,1
2026-05-16,GB,news,Waterless skincare,Beauty,19.66,0.49,0.77,14,0.21,0.16,1
2026-05-16,GB,search,Smart hydration bottle,Electronics,30.57,0.46,0.7,14,0.21,0.16,1
2026-05-16,GB,reddit,Smart hydration bottle,Electronics,24.66,0.49,0.68,14,0.21,0.16,1
2026-05-16,GB,youtube,Smart hydration bottle,Electronics,44.45,0.45,0.66,14,0.21,0.16,1
2026-05-16,GB,marketplace,Smart hydration bottle,Electronics,26.64,0.52,0.63,14,0.21,0.16,1
2026-05-16,GB,news,Smart hydration bottle,Electronics,17.7,0.5,0.66,14,0.21,0.16,1
2026-05-16,GB,search,Walking pad,Fitness,34.53,0.37,0.59,14,0.24,0.18,1
2026-05-16,GB,reddit,Walking pad,Fitness,24.46,0.31,0.54,14,0.24,0.18,1
2026-05-16,GB,youtube,Walking pad,Fitness,43.92,0.35,0.56,14,0.24,0.18,1
2026-05-16,GB,marketplace,Walking pad,Fitness,29.69,0.4,0.51,14,0.24,0.18,1
2026-05-16,GB,news,Walking pad,Fitness,18.58,0.42,0.57,14,0.24,0.18,1
2026-05-16,GB,search,Millet snacks,Food,31.41,0.47,0.73,14,0.21,0.16,1
2026-05-16,GB,reddit,Millet snacks,Food,23.88,0.46,0.77,14,0.21,0.16,1
2026-05-16,GB,youtube,Millet snacks,Food,43.46,0.45,0.74,14,0.21,0.16,1
2026-05-16,GB,marketplace,Millet snacks,Food,28.29,0.45,0.72,14,0.21,0.16,1
2026-05-16,GB,news,Millet snacks,Food,15.71,0.47,0.74,14,0.21,0.16,1
2026-05-16,GB,search,Portable blender,Home,30.48,0.28,0.52,14,0.24,0.18,1
2026-05-16,GB,reddit,Portable blender,Home,23.02,0.26,0.5,14,0.24,0.18,1
2026-05-16,GB,youtube,Portable blender,Home,39.96,0.24,0.51,14,0.24,0.18,1
2026-05-16,GB,marketplace,Portable blender,Home,25.83,0.27,0.43,14,0.24,0.18,1
2026-05-16,GB,news,Portable blender,Home,16.14,0.25,0.48,14,0.24,0.18,1
2026-05-16,EU,search,Waterless skincare,Beauty,34.33,0.47,0.74,14,0.21,0.16,1
2026-05-16,EU,reddit,Waterless skincare,Beauty,26.39,0.51,0.73,14,0.21,0.16,1
2026-05-16,EU,youtube,Waterless skincare,Beauty,48.26,0.49,0.7,14,0.21,0.16,1
2026-05-16,EU,marketplace,Waterless skincare,Beauty,31.68,0.48,0.68,14,0.21,0.16,1
2026-05-16,EU,news,Waterless skincare,Beauty,19.85,0.47,0.71,14,0.21,0.16,1
2026-05-16,EU,search,Smart hydration bottle,Electronics,28.67,0.48,0.71,14,0.21,0.16,1
2026-05-16,EU,reddit,Smart hydration bottle,Electronics,21.65,0.43,0.69,14,0.21,0.16,1
2026-05-16,EU,youtube,Smart hydration bottle,Electronics,41.02,0.49,0.65,14,0.21,0.16,1
2026-05-16,EU,marketplace,Smart hydration bottle,Electronics,27.84,0.5,0.65,14,0.21,0.16,1
2026-05-16,EU,news,Smart hydration bottle,Electronics,15.74,0.51,0.66,14,0.21,0.16,1
2026-05-16,EU,search,Walking pad,Fitness,31.39,0.32,0.57,14,0.24,0.18,1
2026-05-16,EU,reddit,Walking pad,Fitness,21.98,0.35,0.53,14,0.24,0.18,1
2026-05-16,EU,youtube,Walking pad,Fitness,40.53,0.31,0.53,14,0.24,0.18,1
2026-05-16,EU,marketplace,Walking pad,Fitness,28.49,0.38,0.6,14,0.24,0.18,1
2026-05-16,EU,news,Walking pad,Fitness,16.16,0.32,0.5,14,0.24,0.18,1
2026-05-16,EU,search,Millet snacks,Food,31.51,0.4,0.75,14,0.21,0.16,1
2026-05-16,EU,reddit,Millet snacks,Food,23.44,0.48,0.72,14,0.21,0.16,1
2026-05-16,EU,youtube,Millet snacks,Food,38.18,0.49,0.8,14,0.21,0.16,1
2026-05-16,EU,marketplace,Millet snacks,Food,28.55,0.48,0.71,14,0.21,0.16,1
2026-05-16,EU,news,Millet snacks,Food,17.04,0.39,0.76,14,0.21,0.16,1
2026-05-16,EU,search,Portable blender,Home,29.35,0.26,0.48,14,0.24,0.18,1
2026-05-16,EU,reddit,Portable blender,Home,22.61,0.3,0.46,14,0.24,0.18,1
2026-05-16,EU,youtube,Portable blender,Home,42.36,0.32,0.44,14,0.24,0.18,1
2026-05-16,EU,marketplace,Portable blender,Home,29.09,0.24,0.49,14,0.24,0.18,1
2026-05-16,EU,news,Portable blender,Home,17.69,0.24,0.45,14,0.24,0.18,1
2026-05-16,IN,search,Waterless skincare,Beauty,35.35,0.55,0.73,14,0.21,0.16,1
2026-05-16,IN,reddit,Waterless skincare,Beauty,25.63,0.54,0.67,14,0.21,0.16,1
2026-05-16,IN,youtube,Waterless skincare,Beauty,48.45,0.49,0.76,14,0.21,0.16,1
2026-05-16,IN,marketplace,Waterless skincare,Beauty,33.54,0.56,0.67,14,0.21,0.16,1
2026-05-16,IN,news,Waterless skincare,Beauty,21.08,0.54,0.69,14,0.21,0.16,1
2026-05-16,IN,search,Smart hydration bottle,Electronics,30.64,0.53,0.64,14,0.21,0.16,1
2026-05-16,IN,reddit,Smart hydration bottle,Electronics,22.77,0.52,0.68,14,0.21,0.16,1
2026-05-16,IN,youtube,Smart hydration bottle,Electronics,40.23,0.48,0.68,14,0.21,0.16,1
2026-05-16,IN,marketplace,Smart hydration bottle,Electronics,29.72,0.42,0.65,14,0.21,0.16,1
2026-05-16,IN,news,Smart hydration bottle,Electronics,17.21,0.46,0.67,14,0.21,0.16,1
2026-05-16,IN,search,Walking pad,Fitness,28.53,0.35,0.54,14,0.24,0.18,1
2026-05-16,IN,reddit,Walking pad,Fitness,22.87,0.34,0.6,14,0.24,0.18,1
2026-05-16,IN,youtube,Walking pad,Fitness,40.47,0.4,0.56,14,0.24,0.18,1
2026-05-16,IN,marketplace,Walking pad,Fitness,28.41,0.41,0.58,14,0.24,0.18,1
2026-05-16,IN,news,Walking pad,Fitness,15.4,0.37,0.53,14,0.24,0.18,1
2026-05-16,IN,search,Millet snacks,Food,37.45,0.49,0.78,14,0.21,0.16,1
2026-05-16,IN,reddit,Millet snacks,Food,27.82,0.42,0.81,14,0.21,0.16,1
2026-05-16,IN,youtube,Millet snacks,Food,53.98,0.45,0.73,14,0.21,0.16,1
2026-05-16,IN,marketplace,Millet snacks,Food,34.14,0.4,0.81,14,0.21,0.16,1
2026-05-16,IN,news,Millet snacks,Food,22.89,0.42,0.76,14,0.21,0.16,1
2026-05-16,IN,search,Portable blender,Home,28.05,0.25,0.48,14,0.24,0.18,1
2026-05-16,IN,reddit,Portable blender,Home,22.86,0.34,0.46,14,0.24,0.18,1
2026-05-16,IN,youtube,Portable blender,Home,40.62,0.3,0.44,14,0.24,0.18,1
2026-05-16,IN,marketplace,Portable blender,Home,28.15,0.35,0.44,14,0.24,0.18,1
2026-05-16,IN,news,Portable blender,Home,17.06,0.35,0.46,14,0.24,0.18,1
2026-05-17,US,search,Waterless skincare,Beauty,32.23,0.57,0.68,14,0.21,0.16,1
2026-05-17,US,reddit,Waterless skincare,Beauty,23.37,0.57,0.74,14,0.21,0.16,1
2026-05-17,US,youtube,Waterless skincare,Beauty,44.76,0.57,0.71,14,0.21,0.16,1
2026-05-17,US,marketplace,Waterless skincare,Beauty,28.42,0.51,0.76,14,0.21,0.16,1
2026-05-17,US,news,Waterless skincare,Beauty,18.55,0.57,0.7,14,0.21,0.16,1
2026-05-17,US,search,Smart hydration bottle,Electronics,38.43,0.43,0.65,14,0.21,0.16,1
2026-05-17,US,reddit,Smart hydration bottle,Electronics,28.76,0.49,0.66,14,0.21,0.16,1
2026-05-17,US,youtube,Smart hydration bottle,Electronics,50.4,0.44,0.65,14,0.21,0.16,1
2026-05-17,US,marketplace,Smart hydration bottle,Electronics,34.16,0.46,0.7,14,0.21,0.16,1
2026-05-17,US,news,Smart hydration bottle,Electronics,20.27,0.48,0.69,14,0.21,0.16,1
2026-05-17,US,search,Walking pad,Fitness,34.55,0.35,0.59,14,0.24,0.18,1
2026-05-17,US,reddit,Walking pad,Fitness,25.13,0.32,0.52,14,0.24,0.18,1
2026-05-17,US,youtube,Walking pad,Fitness,42.33,0.4,0.5,14,0.24,0.18,1
2026-05-17,US,marketplace,Walking pad,Fitness,29.22,0.36,0.57,14,0.24,0.18,1
2026-05-17,US,news,Walking pad,Fitness,19.71,0.4,0.51,14,0.24,0.18,1
2026-05-17,US,search,Millet snacks,Food,32.71,0.5,0.8,14,0.21,0.16,1
2026-05-17,US,reddit,Millet snacks,Food,23.11,0.42,0.76,14,0.21,0.16,1
2026-05-17,US,youtube,Millet snacks,Food,40.19,0.43,0.71,14,0.21,0.16,1
2026-05-17,US,marketplace,Millet snacks,Food,28.69,0.42,0.74,14,0.21,0.16,1
2026-05-17,US,news,Millet snacks,Food,17.24,0.47,0.77,14,0.21,0.16,1
2026-05-17,US,search,Portable blender,Home,29.22,0.34,0.51,14,0.24,0.18,1
2026-05-17,US,reddit,Portable blender,Home,21.9,0.29,0.51,14,0.24,0.18,1
2026-05-17,US,youtube,Portable blender,Home,36.79,0.35,0.48,14,0.24,0.18,1
2026-05-17,US,marketplace,Portable blender,Home,25.83,0.32,0.49,14,0.24,0.18,1
2026-05-17,US,news,Portable blender,Home,16.05,0.31,0.43,14,0.24,0.18,1
2026-05-17,GB,search,Waterless skincare,Beauty,32.7,0.51,0.7,14,0.21,0.16,1
2026-05-17,GB,reddit,Waterless skincare,Beauty,26.42,0.52,0.71,14,0.21,0.16,1
2026-05-17,GB,youtube,Waterless skincare,Beauty,46.19,0.47,0.72,14,0.21,0.16,1
2026-05-17,GB,marketplace,Waterless skincare,Beauty,28.8,0.56,0.72,14,0.21,0.16,1
2026-05-17,GB,news,Waterless skincare,Beauty,19.1,0.47,0.75,14,0.21,0.16,1
2026-05-17,GB,search,Smart hydration bottle,Electronics,32.6,0.5,0.64,14,0.21,0.16,1
2026-05-17,GB,reddit,Smart hydration bottle,Electronics,22.76,0.47,0.65,14,0.21,0.16,1
2026-05-17,GB,youtube,Smart hydration bottle,Electronics,42.0,0.5,0.65,14,0.21,0.16,1
2026-05-17,GB,marketplace,Smart hydration bottle,Electronics,27.47,0.45,0.7,14,0.21,0.16,1
2026-05-17,GB,news,Smart hydration bottle,Electronics,17.86,0.51,0.7,14,0.21,0.16,1
2026-05-17,GB,search,Walking pad,Fitness,32.32,0.32,0.54,14,0.24,0.18,1
2026-05-17,GB,reddit,Walking pad,Fitness,25.1,0.37,0.54,14,0.24,0.18,1
2026-05-17,GB,youtube,Walking pad,Fitness,47.93,0.37,0.59,14,0.24,0.18,1
2026-05-17,GB,marketplace,Walking pad,Fitness,30.18,0.35,0.58,14,0.24,0.18,1
2026-05-17,GB,news,Walking pad,Fitness,19.85,0.37,0.57,14,0.24,0.18,1
2026-05-17,GB,search,Millet snacks,Food,28.87,0.48,0.73,14,0.21,0.16,1
2026-05-17,GB,reddit,Millet snacks,Food,23.44,0.43,0.74,14,0.21,0.16,1
2026-05-17,GB,youtube,Millet snacks,Food,42.52,0.43,0.77,14,0.21,0.16,1
2026-05-17,GB,marketplace,Millet snacks,Food,25.86,0.39,0.73,14,0.21,0.16,1
2026-05-17,GB,news,Millet snacks,Food,16.98,0.41,0.76,14,0.21,0.16,1
2026-05-17,GB,search,Portable blender,Home,30.46,0.3,0.43,14,0.24,0.18,1
2026-05-17,GB,reddit,Portable blender,Home,22.93,0.26,0.49,14,0.24,0.18,1
2026-05-17,GB,youtube,Portable blender,Home,39.04,0.28,0.44,14,0.24,0.18,1
2026-05-17,GB,marketplace,Portable blender,Home,26.48,0.26,0.48,14,0.24,0.18,1
2026-05-17,GB,news,Portable blender,Home,16.23,0.3,0.51,14,0.24,0.18,1
2026-05-17,EU,search,Waterless skincare,Beauty,33.41,0.48,0.74,14,0.21,0.16,1
2026-05-17,EU,reddit,Waterless skincare,Beauty,25.01,0.56,0.74,14,0.21,0.16,1
2026-05-17,EU,youtube,Waterless skincare,Beauty,50.42,0.5,0.76,14,0.21,0.16,1
2026-05-17,EU,marketplace,Waterless skincare,Beauty,30.07,0.51,0.69,14,0.21,0.16,1
2026-05-17,EU,news,Waterless skincare,Beauty,20.09,0.53,0.74,14,0.21,0.16,1
2026-05-17,EU,search,Smart hydration bottle,Electronics,30.77,0.51,0.65,14,0.21,0.16,1
2026-05-17,EU,reddit,Smart hydration bottle,Electronics,22.63,0.48,0.72,14,0.21,0.16,1
2026-05-17,EU,youtube,Smart hydration bottle,Electronics,38.65,0.45,0.67,14,0.21,0.16,1
2026-05-17,EU,marketplace,Smart hydration bottle,Electronics,26.86,0.42,0.67,14,0.21,0.16,1
2026-05-17,EU,news,Smart hydration bottle,Electronics,16.82,0.45,0.64,14,0.21,0.16,1
2026-05-17,EU,search,Walking pad,Fitness,30.3,0.34,0.55,14,0.24,0.18,1
2026-05-17,EU,reddit,Walking pad,Fitness,22.2,0.39,0.56,14,0.24,0.18,1
2026-05-17,EU,youtube,Walking pad,Fitness,37.64,0.39,0.56,14,0.24,0.18,1
2026-05-17,EU,marketplace,Walking pad,Fitness,28.36,0.37,0.57,14,0.24,0.18,1
2026-05-17,EU,news,Walking pad,Fitness,17.21,0.43,0.53,14,0.24,0.18,1
2026-05-17,EU,search,Millet snacks,Food,30.52,0.42,0.76,14,0.21,0.16,1
2026-05-17,EU,reddit,Millet snacks,Food,24.11,0.42,0.72,14,0.21,0.16,1
2026-05-17,EU,youtube,Millet snacks,Food,40.94,0.44,0.77,14,0.21,0.16,1
2026-05-17,EU,marketplace,Millet snacks,Food,27.03,0.4,0.77,14,0.21,0.16,1
2026-05-17,EU,news,Millet snacks,Food,17.02,0.5,0.71,14,0.21,0.16,1
2026-05-17,EU,search,Portable blender,Home,29.19,0.31,0.44,14,0.24,0.18,1
2026-05-17,EU,reddit,Portable blender,Home,24.6,0.33,0.53,14,0.24,0.18,1
2026-05-17,EU,youtube,Portable blender,Home,41.71,0.28,0.49,14,0.24,0.18,1
2026-05-17,EU,marketplace,Portable blender,Home,28.69,0.24,0.45,14,0.24,0.18,1
2026-05-17,EU,news,Portable blender,Home,16.67,0.33,0.46,14,0.24,0.18,1
2026-05-17,IN,search,Waterless skincare,Beauty,36.43,0.5,0.67,14,0.21,0.16,1
2026-05-17,IN,reddit,Waterless skincare,Beauty,28.01,0.5,0.74,14,0.21,0.16,1
2026-05-17,IN,youtube,Waterless skincare,Beauty,49.94,0.46,0.69,14,0.21,0.16,1
2026-05-17,IN,marketplace,Waterless skincare,Beauty,31.98,0.5,0.74,14,0.21,0.16,1
2026-05-17,IN,news,Waterless skincare,Beauty,21.19,0.56,0.73,14,0.21,0.16,1
2026-05-17,IN,search,Smart hydration bottle,Electronics,31.01,0.49,0.72,14,0.21,0.16,1
2026-05-17,IN,reddit,Smart hydration bottle,Electronics,23.44,0.46,0.71,14,0.21,0.16,1
2026-05-17,IN,youtube,Smart hydration bottle,Electronics,41.46,0.5,0.71,14,0.21,0.16,1
2026-05-17,IN,marketplace,Smart hydration bottle,Electronics,27.19,0.5,0.66,14,0.21,0.16,1
2026-05-17,IN,news,Smart hydration bottle,Electronics,17.18,0.44,0.7,14,0.21,0.16,1
2026-05-17,IN,search,Walking pad,Fitness,31.09,0.41,0.54,14,0.24,0.18,1
2026-05-17,IN,reddit,Walking pad,Fitness,23.85,0.34,0.5,14,0.24,0.18,1
2026-05-17,IN,youtube,Walking pad,Fitness,43.01,0.38,0.58,14,0.24,0.18,1
2026-05-17,IN,marketplace,Walking pad,Fitness,27.12,0.35,0.56,14,0.24,0.18,1
2026-05-17,IN,news,Walking pad,Fitness,17.25,0.4,0.57,14,0.24,0.18,1
2026-05-17,IN,search,Millet snacks,Food,38.22,0.38,0.75,14,0.21,0.16,1
2026-05-17,IN,reddit,Millet snacks,Food,29.42,0.41,0.76,14,0.21,0.16,1
2026-05-17,IN,youtube,Millet snacks,Food,56.32,0.4,0.74,14,0.21,0.16,1
2026-05-17,IN,marketplace,Millet snacks,Food,33.4,0.47,0.79,14,0.21,0.16,1
2026-05-17,IN,news,Millet snacks,Food,22.83,0.43,0.71,14,0.21,0.16,1
2026-05-17,IN,search,Portable blender,Home,29.01,0.3,0.45,14,0.24,0.18,1
2026-05-17,IN,reddit,Portable blender,Home,23.1,0.32,0.48,14,0.24,0.18,1
2026-05-17,IN,youtube,Portable blender,Home,40.77,0.25,0.52,14,0.24,0.18,1
2026-05-17,IN,marketplace,Portable blender,Home,27.35,0.35,0.5,14,0.24,0.18,1
2026-05-17,IN,news,Portable blender,Home,15.17,0.32,0.48,14,0.24,0.18,1
2026-05-18,US,search,Waterless skincare,Beauty,32.84,0.52,0.67,14,0.21,0.16,1
2026-05-18,US,reddit,Waterless skincare,Beauty,25.36,0.54,0.73,14,0.21,0.16,1
2026-05-18,US,youtube,Waterless skincare,Beauty,40.56,0.52,0.67,14,0.21,0.16,1
2026-05-18,US,marketplace,Waterless skincare,Beauty,28.78,0.54,0.7,14,0.21,0.16,1
2026-05-18,US,news,Waterless skincare,Beauty,17.73,0.5,0.76,14,0.21,0.16,1
2026-05-18,US,search,Smart hydration bottle,Electronics,35.93,0.44,0.66,14,0.21,0.16,1
2026-05-18,US,reddit,Smart hydration bottle,Electronics,26.94,0.47,0.64,14,0.21,0.16,1
2026-05-18,US,youtube,Smart hydration bottle,Electronics,47.31,0.45,0.63,14,0.21,0.16,1
2026-05-18,US,marketplace,Smart hydration bottle,Electronics,33.74,0.48,0.65,14,0.21,0.16,1
2026-05-18,US,news,Smart hydration bottle,Electronics,19.84,0.45,0.64,14,0.21,0.16,1
2026-05-18,US,search,Walking pad,Fitness,34.32,0.34,0.52,14,0.25,0.19,1
2026-05-18,US,reddit,Walking pad,Fitness,23.52,0.38,0.53,14,0.25,0.19,1
2026-05-18,US,youtube,Walking pad,Fitness,44.68,0.32,0.55,14,0.25,0.19,1
2026-05-18,US,marketplace,Walking pad,Fitness,30.76,0.32,0.51,14,0.25,0.19,1
2026-05-18,US,news,Walking pad,Fitness,18.16,0.33,0.56,14,0.25,0.19,1
2026-05-18,US,search,Millet snacks,Food,31.13,0.48,0.78,14,0.21,0.16,1
2026-05-18,US,reddit,Millet snacks,Food,23.42,0.42,0.79,14,0.21,0.16,1
2026-05-18,US,youtube,Millet snacks,Food,42.72,0.46,0.76,14,0.21,0.16,1
2026-05-18,US,marketplace,Millet snacks,Food,29.49,0.47,0.76,14,0.21,0.16,1
2026-05-18,US,news,Millet snacks,Food,16.03,0.48,0.8,14,0.21,0.16,1
2026-05-18,US,search,Portable blender,Home,28.79,0.29,0.5,14,0.25,0.19,1
2026-05-18,US,reddit,Portable blender,Home,22.33,0.29,0.45,14,0.25,0.19,1
2026-05-18,US,youtube,Portable blender,Home,37.53,0.34,0.49,14,0.25,0.19,1
2026-05-18,US,marketplace,Portable blender,Home,27.53,0.28,0.5,14,0.25,0.19,1
2026-05-18,US,news,Portable blender,Home,16.27,0.33,0.52,14,0.25,0.19,1
2026-05-18,GB,search,Waterless skincare,Beauty,33.37,0.46,0.72,14,0.21,0.16,1
2026-05-18,GB,reddit,Waterless skincare,Beauty,24.67,0.52,0.69,14,0.21,0.16,1
2026-05-18,GB,youtube,Waterless skincare,Beauty,47.05,0.53,0.68,14,0.21,0.16,1
2026-05-18,GB,marketplace,Waterless skincare,Beauty,28.55,0.56,0.75,14,0.21,0.16,1
2026-05-18,GB,news,Waterless skincare,Beauty,18.02,0.54,0.75,14,0.21,0.16,1
2026-05-18,GB,search,Smart hydration bottle,Electronics,30.75,0.46,0.67,14,0.21,0.16,1
2026-05-18,GB,reddit,Smart hydration bottle,Electronics,23.34,0.48,0.73,14,0.21,0.16,1
2026-05-18,GB,youtube,Smart hydration bottle,Electronics,40.65,0.46,0.71,14,0.21,0.16,1
2026-05-18,GB,marketplace,Smart hydration bottle,Electronics,27.9,0.51,0.67,14,0.21,0.16,1
2026-05-18,GB,news,Smart hydration bottle,Electronics,17.51,0.48,0.65,14,0.21,0.16,1
2026-05-18,GB,search,Walking pad,Fitness,34.69,0.32,0.59,14,0.25,0.19,1
2026-05-18,GB,reddit,Walking pad,Fitness,25.71,0.37,0.56,14,0.25,0.19,1
2026-05-18,GB,youtube,Walking pad,Fitness,45.56,0.37,0.58,14,0.25,0.19,1
2026-05-18,GB,marketplace,Walking pad,Fitness,29.14,0.42,0.51,14,0.25,0.19,1
2026-05-18,GB,news,Walking pad,Fitness,17.63,0.4,0.58,14,0.25,0.19,1
2026-05-18,GB,search,Millet snacks,Food,29.71,0.44,0.78,14,0.21,0.16,1
2026-05-18,GB,reddit,Millet snacks,Food,21.37,0.48,0.8,14,0.21,0.16,1
2026-05-18,GB,youtube,Millet snacks,Food,43.11,0.46,0.71,14,0.21,0.16,1
2026-05-18,GB,marketplace,Millet snacks,Food,25.86,0.4,0.76,14,0.21,0.16,1
2026-05-18,GB,news,Millet snacks,Food,16.37,0.45,0.73,14,0.21,0.16,1
2026-05-18,GB,search,Portable blender,Home,29.55,0.27,0.49,14,0.25,0.19,1
2026-05-18,GB,reddit,Portable blender,Home,22.86,0.27,0.52,14,0.25,0.19,1
2026-05-18,GB,youtube,Portable blender,Home,38.55,0.35,0.46,14,0.25,0.19,1
2026-05-18,GB,marketplace,Portable blender,Home,24.44,0.24,0.53,14,0.25,0.19,1
2026-05-18,GB,news,Portable blender,Home,15.64,0.25,0.46,14,0.25,0.19,1
2026-05-18,EU,search,Waterless skincare,Beauty,34.91,0.53,0.68,14,0.21,0.16,1
2026-05-18,EU,reddit,Waterless skincare,Beauty,27.43,0.56,0.71,14,0.21,0.16,1
2026-05-18,EU,youtube,Waterless skincare,Beauty,50.43,0.56,0.69,14,0.21,0.16,1
2026-05-18,EU,marketplace,Waterless skincare,Beauty,32.91,0.51,0.7,14,0.21,0.16,1
2026-05-18,EU,news,Waterless skincare,Beauty,19.24,0.51,0.72,14,0.21,0.16,1
2026-05-18,EU,search,Smart hydration bottle,Electronics,30.94,0.47,0.65,14,0.21,0.16,1
2026-05-18,EU,reddit,Smart hydration bottle,Electronics,22.32,0.53,0.71,14,0.21,0.16,1
2026-05-18,EU,youtube,Smart hydration bottle,Electronics,38.86,0.53,0.7,14,0.21,0.16,1
2026-05-18,EU,marketplace,Smart hydration bottle,Electronics,25.83,0.42,0.63,14,0.21,0.16,1
2026-05-18,EU,news,Smart hydration bottle,Electronics,17.15,0.47,0.67,14,0.21,0.16,1
2026-05-18,EU,search,Walking pad,Fitness,31.34,0.32,0.56,14,0.25,0.19,1
2026-05-18,EU,reddit,Walking pad,Fitness,21.74,0.36,0.58,14,0.25,0.19,1
2026-05-18,EU,youtube,Walking pad,Fitness,40.17,0.36,0.52,14,0.25,0.19,1
2026-05-18,EU,marketplace,Walking pad,Fitness,26.43,0.37,0.55,14,0.25,0.19,1
2026-05-18,EU,news,Walking pad,Fitness,15.8,0.33,0.56,14,0.25,0.19,1
2026-05-18,EU,search,Millet snacks,Food,30.26,0.48,0.73,14,0.21,0.16,1
2026-05-18,EU,reddit,Millet snacks,Food,22.45,0.43,0.76,14,0.21,0.16,1
2026-05-18,EU,youtube,Millet snacks,Food,39.66,0.5,0.77,14,0.21,0.16,1
2026-05-18,EU,marketplace,Millet snacks,Food,27.71,0.39,0.76,14,0.21,0.16,1
2026-05-18,EU,news,Millet snacks,Food,16.9,0.4,0.78,14,0.21,0.16,1
2026-05-18,EU,search,Portable blender,Home,33.16,0.35,0.51,14,0.25,0.19,1
2026-05-18,EU,reddit,Portable blender,Home,23.18,0.24,0.52,14,0.25,0.19,1
2026-05-18,EU,youtube,Portable blender,Home,39.51,0.29,0.5,14,0.25,0.19,1
2026-05-18,EU,marketplace,Portable blender,Home,29.75,0.24,0.49,14,0.25,0.19,1
2026-05-18,EU,news,Portable blender,Home,17.79,0.27,0.44,14,0.25,0.19,1
2026-05-18,IN,search,Waterless skincare,Beauty,35.51,0.55,0.72,14,0.21,0.16,1
2026-05-18,IN,reddit,Waterless skincare,Beauty,27.28,0.52,0.74,14,0.21,0.16,1
2026-05-18,IN,youtube,Waterless skincare,Beauty,48.47,0.58,0.75,14,0.21,0.16,1
2026-05-18,IN,marketplace,Waterless skincare,Beauty,31.71,0.46,0.76,14,0.21,0.16,1
2026-05-18,IN,news,Waterless skincare,Beauty,20.66,0.55,0.73,14,0.21,0.16,1
2026-05-18,IN,search,Smart hydration bottle,Electronics,29.07,0.47,0.65,14,0.21,0.16,1
2026-05-18,IN,reddit,Smart hydration bottle,Electronics,21.77,0.53,0.71,14,0.21,0.16,1
2026-05-18,IN,youtube,Smart hydration bottle,Electronics,42.55,0.45,0.64,14,0.21,0.16,1
2026-05-18,IN,marketplace,Smart hydration bottle,Electronics,27.9,0.52,0.66,14,0.21,0.16,1
2026-05-18,IN,news,Smart hydration bottle,Electronics,16.16,0.45,0.72,14,0.21,0.16,1
2026-05-18,IN,search,Walking pad,Fitness,27.65,0.32,0.52,14,0.25,0.19,1
2026-05-18,IN,reddit,Walking pad,Fitness,22.54,0.33,0.54,14,0.25,0.19,1
2026-05-18,IN,youtube,Walking pad,Fitness,41.78,0.34,0.57,14,0.25,0.19,1
2026-05-18,IN,marketplace,Walking pad,Fitness,26.65,0.4,0.59,14,0.25,0.19,1
2026-05-18,IN,news,Walking pad,Fitness,15.96,0.32,0.51,14,0.25,0.19,1
2026-05-18,IN,search,Millet snacks,Food,41.44,0.4,0.76,14,0.21,0.16,1
2026-05-18,IN,reddit,Millet snacks,Food,31.33,0.47,0.73,14,0.21,0.16,1
2026-05-18,IN,youtube,Millet snacks,Food,52.3,0.46,0.73,14,0.21,0.16,1
2026-05-18,IN,marketplace,Millet snacks,Food,36.32,0.42,0.77,14,0.21,0.16,1
2026-05-18,IN,news,Millet snacks,Food,22.26,0.39,0.73,14,0.21,0.16,1
2026-05-18,IN,search,Portable blender,Home,28.47,0.27,0.5,14,0.25,0.19,1
2026-05-18,IN,reddit,Portable blender,Home,22.42,0.3,0.47,14,0.25,0.19,1
2026-05-18,IN,youtube,Portable blender,Home,40.11,0.29,0.44,14,0.25,0.19,1
2026-05-18,IN,marketplace,Portable blender,Home,27.34,0.24,0.52,14,0.25,0.19,1
2026-05-18,IN,news,Portable blender,Home,15.77,0.32,0.53,14,0.25,0.19,1
2026-05-19,US,search,Waterless skincare,Beauty,32.58,0.46,0.76,14,0.22,0.16,1
2026-05-19,US,reddit,Waterless skincare,Beauty,24.29,0.57,0.71,14,0.22,0.16,1
2026-05-19,US,youtube,Waterless skincare,Beauty,45.4,0.56,0.7,14,0.22,0.16,1
2026-05-19,US,marketplace,Waterless skincare,Beauty,27.66,0.47,0.74,14,0.22,0.16,1
2026-05-19,US,news,Waterless skincare,Beauty,17.21,0.55,0.74,14,0.22,0.16,1
2026-05-19,US,search,Smart hydration bottle,Electronics,37.89,0.49,0.65,14,0.22,0.16,1
2026-05-19,US,reddit,Smart hydration bottle,Electronics,26.89,0.5,0.65,14,0.22,0.16,1
2026-05-19,US,youtube,Smart hydration bottle,Electronics,49.85,0.5,0.71,14,0.22,0.16,1
2026-05-19,US,marketplace,Smart hydration bottle,Electronics,30.76,0.43,0.64,14,0.22,0.16,1
2026-05-19,US,news,Smart hydration bottle,Electronics,20.02,0.44,0.66,14,0.22,0.16,1
2026-05-19,US,search,Walking pad,Fitness,31.71,0.31,0.51,14,0.25,0.19,1
2026-05-19,US,reddit,Walking pad,Fitness,26.38,0.39,0.58,14,0.25,0.19,1
2026-05-19,US,youtube,Walking pad,Fitness,47.55,0.38,0.57,14,0.25,0.19,1
2026-05-19,US,marketplace,Walking pad,Fitness,28.24,0.41,0.51,14,0.25,0.19,1
2026-05-19,US,news,Walking pad,Fitness,18.62,0.41,0.56,14,0.25,0.19,1
2026-05-19,US,search,Millet snacks,Food,32.56,0.49,0.78,14,0.22,0.16,1
2026-05-19,US,reddit,Millet snacks,Food,22.13,0.44,0.8,14,0.22,0.16,1
2026-05-19,US,youtube,Millet snacks,Food,42.06,0.49,0.74,14,0.22,0.16,1
2026-05-19,US,marketplace,Millet snacks,Food,27.23,0.49,0.79,14,0.22,0.16,1
2026-05-19,US,news,Millet snacks,Food,16.39,0.4,0.72,14,0.22,0.16,1
2026-05-19,US,search,Portable blender,Home,29.8,0.28,0.46,14,0.25,0.19,1
2026-05-19,US,reddit,Portable blender,Home,20.19,0.35,0.46,14,0.25,0.19,1
2026-05-19,US,youtube,Portable blender,Home,38.41,0.29,0.52,14,0.25,0.19,1
2026-05-19,US,marketplace,Portable blender,Home,26.22,0.26,0.48,14,0.25,0.19,1
2026-05-19,US,news,Portable blender,Home,14.99,0.33,0.45,14,0.25,0.19,1
2026-05-19,GB,search,Waterless skincare,Beauty,34.13,0.57,0.74,14,0.22,0.16,1
2026-05-19,GB,reddit,Waterless skincare,Beauty,23.7,0.47,0.73,14,0.22,0.16,1
2026-05-19,GB,youtube,Waterless skincare,Beauty,43.6,0.51,0.76,14,0.22,0.16,1
2026-05-19,GB,marketplace,Waterless skincare,Beauty,28.64,0.54,0.76,14,0.22,0.16,1
2026-05-19,GB,news,Waterless skincare,Beauty,18.83,0.49,0.74,14,0.22,0.16,1
2026-05-19,GB,search,Smart hydration bottle,Electronics,32.19,0.48,0.68,14,0.22,0.16,1
2026-05-19,GB,reddit,Smart hydration bottle,Electronics,24.25,0.47,0.67,14,0.22,0.16,1
2026-05-19,GB,youtube,Smart hydration bottle,Electronics,43.1,0.51,0.71,14,0.22,0.16,1
2026-05-19,GB,marketplace,Smart hydration bottle,Electronics,27.57,0.42,0.73,14,0.22,0.16,1
2026-05-19,GB,news,Smart hydration bottle,Electronics,17.5,0.47,0.69,14,0.22,0.16,1
2026-05-19,GB,search,Walking pad,Fitness,35.74,0.35,0.57,14,0.25,0.19,1
2026-05-19,GB,reddit,Walking pad,Fitness,24.92,0.38,0.6,14,0.25,0.19,1
2026-05-19,GB,youtube,Walking pad,Fitness,42.88,0.37,0.6,14,0.25,0.19,1
2026-05-19,GB,marketplace,Walking pad,Fitness,28.54,0.36,0.58,14,0.25,0.19,1
2026-05-19,GB,news,Walking pad,Fitness,18.91,0.33,0.5,14,0.25,0.19,1
2026-05-19,GB,search,Millet snacks,Food,29.57,0.4,0.78,14,0.22,0.16,1
2026-05-19,GB,reddit,Millet snacks,Food,23.8,0.45,0.75,14,0.22,0.16,1
2026-05-19,GB,youtube,Millet snacks,Food,38.22,0.45,0.78,14,0.22,0.16,1
2026-05-19,GB,marketplace,Millet snacks,Food,25.69,0.4,0.78,14,0.22,0.16,1
2026-05-19,GB,news,Millet snacks,Food,16.75,0.44,0.72,14,0.22,0.16,1
2026-05-19,GB,search,Portable blender,Home,28.75,0.27,0.48,14,0.25,0.19,1
2026-05-19,GB,reddit,Portable blender,Home,22.44,0.29,0.53,14,0.25,0.19,1
2026-05-19,GB,youtube,Portable blender,Home,36.09,0.24,0.51,14,0.25,0.19,1
2026-05-19,GB,marketplace,Portable blender,Home,24.08,0.25,0.51,14,0.25,0.19,1
2026-05-19,GB,news,Portable blender,Home,16.09,0.29,0.5,14,0.25,0.19,1
2026-05-19,EU,search,Waterless skincare,Beauty,37.28,0.48,0.73,14,0.22,0.16,1
2026-05-19,EU,reddit,Waterless skincare,Beauty,28.15,0.46,0.68,14,0.22,0.16,1
2026-05-19,EU,youtube,Waterless skincare,Beauty,48.85,0.52,0.76,14,0.22,0.16,1
2026-05-19,EU,marketplace,Waterless skincare,Beauty,29.85,0.54,0.68,14,0.22,0.16,1
2026-05-19,EU,news,Waterless skincare,Beauty,18.59,0.47,0.7,14,0.22,0.16,1
2026-05-19,EU,search,Smart hydration bottle,Electronics,31.34,0.47,0.65,14,0.22,0.16,1
2026-05-19,EU,reddit,Smart hydration bottle,Electronics,22.86,0.51,0.64,14,0.22,0.16,1
2026-05-19,EU,youtube,Smart hydration bottle,Electronics,40.62,0.51,0.65,14,0.22,0.16,1
2026-05-19,EU,marketplace,Smart hydration bottle,Electronics,28.25,0.47,0.71,14,0.22,0.16,1
2026-05-19,EU,news,Smart hydration bottle,Electronics,17.67,0.5,0.66,14,0.22,0.16,1
2026-05-19,EU,search,Walking pad,Fitness,31.07,0.38,0.51,14,0.25,0.19,1
2026-05-19,EU,reddit,Walking pad,Fitness,22.87,0.4,0.58,14,0.25,0.19,1
2026-05-19,EU,youtube,Walking pad,Fitness,39.83,0.35,0.51,14,0.25,0.19,1
2026-05-19,EU,marketplace,Walking pad,Fitness,24.9,0.36,0.57,14,0.25,0.19,1
2026-05-19,EU,news,Walking pad,Fitness,16.14,0.36,0.59,14,0.25,0.19,1
2026-05-19,EU,search,Millet snacks,Food,27.85,0.39,0.79,14,0.22,0.16,1
2026-05-19,EU,reddit,Millet snacks,Food,22.68,0.47,0.71,14,0.22,0.16,1
2026-05-19,EU,youtube,Millet snacks,Food,40.11,0.38,0.73,14,0.22,0.16,1
2026-05-19,EU,marketplace,Millet snacks,Food,25.25,0.46,0.8,14,0.22,0.16,1
2026-05-19,EU,news,Millet snacks,Food,16.18,0.48,0.79,14,0.22,0.16,1
2026-05-19,EU,search,Portable blender,Home,31.64,0.26,0.49,14,0.25,0.19,1
2026-05-19,EU,reddit,Portable blender,Home,23.18,0.28,0.52,14,0.25,0.19,1
2026-05-19,EU,youtube,Portable blender,Home,42.23,0.24,0.45,14,0.25,0.19,1
2026-05-19,EU,marketplace,Portable blender,Home,27.73,0.35,0.49,14,0.25,0.19,1
2026-05-19,EU,news,Portable blender,Home,17.61,0.28,0.43,14,0.25,0.19,1
2026-05-19,IN,search,Waterless skincare,Beauty,34.83,0.47,0.72,14,0.22,0.16,1
2026-05-19,IN,reddit,Waterless skincare,Beauty,25.59,0.5,0.75,14,0.22,0.16,1
2026-05-19,IN,youtube,Waterless skincare,Beauty,49.1,0.49,0.75,14,0.22,0.16,1
2026-05-19,IN,marketplace,Waterless skincare,Beauty,33.28,0.49,0.69,14,0.22,0.16,1
2026-05-19,IN,news,Waterless skincare,Beauty,20.72,0.54,0.77,14,0.22,0.16,1
2026-05-19,IN,search,Smart hydration bottle,Electronics,30.72,0.44,0.7,14,0.22,0.16,1
2026-05-19,IN,reddit,Smart hydration bottle,Electronics,21.65,0.49,0.66,14,0.22,0.16,1
2026-05-19,IN,youtube,Smart hydration bottle,Electronics,41.24,0.46,0.71,14,0.22,0.16,1
2026-05-19,IN,marketplace,Smart hydration bottle,Electronics,28.75,0.42,0.7,14,0.22,0.16,1
2026-05-19,IN,news,Smart hydration bottle,Electronics,17.97,0.44,0.71,14,0.22,0.16,1
2026-05-19,IN,search,Walking pad,Fitness,29.41,0.32,0.59,14,0.25,0.19,1
2026-05-19,IN,reddit,Walking pad,Fitness,22.79,0.38,0.53,14,0.25,0.19,1
2026-05-19,IN,youtube,Walking pad,Fitness,38.11,0.39,0.53,14,0.25,0.19,1
2026-05-19,IN,marketplace,Walking pad,Fitness,27.56,0.35,0.51,14,0.25,0.19,1
2026-05-19,IN,news,Walking pad,Fitness,16.75,0.41,0.54,14,0.25,0.19,1
2026-05-19,IN,search,Millet snacks,Food,37.34,0.44,0.76,14,0.22,0.16,1
2026-05-19,IN,reddit,Millet snacks,Food,30.74,0.4,0.8,14,0.22,0.16,1
2026-05-19,IN,youtube,Millet snacks,Food,52.13,0.43,0.72,14,0.22,0.16,1
2026-05-19,IN,marketplace,Millet snacks,Food,36.05,0.45,0.81,14,0.22,0.16,1
2026-05-19,IN,news,Millet snacks,Food,20.48,0.39,0.78,14,0.22,0.16,1
2026-05-19,IN,search,Portable blender,Home,26.88,0.25,0.52,14,0.25,0.19,1
2026-05-19,IN,reddit,Portable blender,Home,21.36,0.26,0.46,14,0.25,0.19,1
2026-05-19,IN,youtube,Portable blender,Home,40.77,0.31,0.51,14,0.25,0.19,1
2026-05-19,IN,marketplace,Portable blender,Home,26.28,0.31,0.45,14,0.25,0.19,1
2026-05-19,IN,news,Portable blender,Home,16.79,0.34,0.44,14,0.25,0.19,1
2026-05-20,US,search,Waterless skincare,Beauty,33.21,0.52,0.77,14,0.22,0.16,1
2026-05-20,US,reddit,Waterless skincare,Beauty,24.03,0.56,0.7,14,0.22,0.16,1
2026-05-20,US,youtube,Waterless skincare,Beauty,44.07,0.55,0.69,14,0.22,0.16,1
2026-05-20,US,marketplace,Waterless skincare,Beauty,27.78,0.53,0.76,14,0.22,0.16,1
2026-05-20,US,news,Waterless skincare,Beauty,17.62,0.48,0.73,14,0.22,0.16,1
2026-05-20,US,search,Smart hydration bottle,Electronics,33.95,0.53,0.63,14,0.22,0.16,1
2026-05-20,US,reddit,Smart hydration bottle,Electronics,27.25,0.51,0.63,14,0.22,0.16,1
2026-05-20,US,youtube,Smart hydration bottle,Electronics,49.46,0.47,0.71,14,0.22,0.16,1
2026-05-20,US,marketplace,Smart hydration bottle,Electronics,34.31,0.47,0.65,14,0.22,0.16,1
2026-05-20,US,news,Smart hydration bottle,Electronics,20.23,0.42,0.7,14,0.22,0.16,1
2026-05-20,US,search,Walking pad,Fitness,34.95,0.32,0.53,14,0.26,0.19,1
2026-05-20,US,reddit,Walking pad,Fitness,25.17,0.32,0.55,14,0.26,0.19,1
2026-05-20,US,youtube,Walking pad,Fitness,43.18,0.39,0.59,14,0.26,0.19,1
2026-05-20,US,marketplace,Walking pad,Fitness,30.62,0.31,0.55,14,0.26,0.19,1
2026-05-20,US,news,Walking pad,Fitness,18.77,0.41,0.54,14,0.26,0.19,1
2026-05-20,US,search,Millet snacks,Food,31.61,0.42,0.76,14,0.22,0.16,1
2026-05-20,US,reddit,Millet snacks,Food,23.21,0.48,0.72,14,0.22,0.16,1
2026-05-20,US,youtube,Millet snacks,Food,43.26,0.42,0.71,14,0.22,0.16,1
2026-05-20,US,marketplace,Millet snacks,Food,27.05,0.41,0.8,14,0.22,0.16,1
2026-05-20,US,news,Millet snacks,Food,16.8,0.47,0.79,14,0.22,0.16,1
2026-05-20,US,search,Portable blender,Home,26.77,0.34,0.5,14,0.26,0.19,1
2026-05-20,US,reddit,Portable blender,Home,20.0,0.35,0.5,14,0.26,0.19,1
2026-05-20,US,youtube,Portable blender,Home,40.47,0.25,0.47,14,0.26,0.19,1
2026-05-20,US,marketplace,Portable blender,Home,26.02,0.28,0.45,14,0.26,0.19,1
2026-05-20,US,news,Portable blender,Home,15.77,0.24,0.5,14,0.26,0.19,1
2026-05-20,GB,search,Waterless skincare,Beauty,31.93,0.58,0.69,14,0.22,0.16,1
2026-05-20,GB,reddit,Waterless skincare,Beauty,23.63,0.52,0.76,14,0.22,0.16,1
2026-05-20,GB,youtube,Waterless skincare,Beauty,45.47,0.58,0.69,14,0.22,0.16,1
2026-05-20,GB,marketplace,Waterless skincare,Beauty,31.0,0.49,0.71,14,0.22,0.16,1
2026-05-20,GB,news,Waterless skincare,Beauty,17.72,0.54,0.7,14,0.22,0.16,1
2026-05-20,GB,search,Smart hydration bottle,Electronics,28.44,0.46,0.68,14,0.22,0.16,1
2026-05-20,GB,reddit,Smart hydration bottle,Electronics,22.8,0.43,0.7,14,0.22,0.16,1
2026-05-20,GB,youtube,Smart hydration bottle,Electronics,41.91,0.48,0.66,14,0.22,0.16,1
2026-05-20,GB,marketplace,Smart hydration bottle,Electronics,27.72,0.51,0.72,14,0.22,0.16,1
2026-05-20,GB,news,Smart hydration bottle,Electronics,17.38,0.53,0.64,14,0.22,0.16,1
2026-05-20,GB,search,Walking pad,Fitness,35.27,0.36,0.51,14,0.26,0.19,1
2026-05-20,GB,reddit,Walking pad,Fitness,26.47,0.34,0.6,14,0.26,0.19,1
2026-05-20,GB,youtube,Walking pad,Fitness,42.67,0.34,0.57,14,0.26,0.19,1
2026-05-20,GB,marketplace,Walking pad,Fitness,30.07,0.41,0.55,14,0.26,0.19,1
2026-05-20,GB,news,Walking pad,Fitness,18.72,0.34,0.6,14,0.26,0.19,1
2026-05-20,GB,search,Millet snacks,Food,30.04,0.39,0.74,14,0.22,0.16,1
2026-05-20,GB,reddit,Millet snacks,Food,22.23,0.46,0.74,14,0.22,0.16,1
2026-05-20,GB,youtube,Millet snacks,Food,37.86,0.48,0.73,14,0.22,0.16,1
2026-05-20,GB,marketplace,Millet snacks,Food,28.57,0.46,0.75,14,0.22,0.16,1
2026-05-20,GB,news,Millet snacks,Food,16.07,0.46,0.74,14,0.22,0.16,1
2026-05-20,GB,search,Portable blender,Home,28.7,0.32,0.51,14,0.26,0.19,1
2026-05-20,GB,reddit,Portable blender,Home,21.09,0.27,0.44,14,0.26,0.19,1
2026-05-20,GB,youtube,Portable blender,Home,39.8,0.26,0.46,14,0.26,0.19,1
2026-05-20,GB,marketplace,Portable blender,Home,25.44,0.35,0.51,14,0.26,0.19,1
2026-05-20,GB,news,Portable blender,Home,14.59,0.28,0.48,14,0.26,0.19,1
2026-05-20,EU,search,Waterless skincare,Beauty,33.6,0.57,0.74,14,0.22,0.16,1
2026-05-20,EU,reddit,Waterless skincare,Beauty,25.64,0.58,0.75,14,0.22,0.16,1
2026-05-20,EU,youtube,Waterless skincare,Beauty,48.87,0.54,0.69,14,0.22,0.16,1
2026-05-20,EU,marketplace,Waterless skincare,Beauty,30.56,0.46,0.7,14,0.22,0.16,1
2026-05-20,EU,news,Waterless skincare,Beauty,18.37,0.49,0.69,14,0.22,0.16,1
2026-05-20,EU,search,Smart hydration bottle,Electronics,30.19,0.42,0.66,14,0.22,0.16,1
2026-05-20,EU,reddit,Smart hydration bottle,Electronics,21.96,0.46,0.68,14,0.22,0.16,1
2026-05-20,EU,youtube,Smart hydration bottle,Electronics,38.5,0.45,0.72,14,0.22,0.16,1
2026-05-20,EU,marketplace,Smart hydration bottle,Electronics,26.58,0.47,0.64,14,0.22,0.16,1
2026-05-20,EU,news,Smart hydration bottle,Electronics,16.36,0.45,0.63,14,0.22,0.16,1
2026-05-20,EU,search,Walking pad,Fitness,29.87,0.42,0.53,14,0.26,0.19,1
2026-05-20,EU,reddit,Walking pad,Fitness,22.3,0.36,0.53,14,0.26,0.19,1
2026-05-20,EU,youtube,Walking pad,Fitness,41.44,0.42,0.56,14,0.26,0.19,1
2026-05-20,EU,marketplace,Walking pad,Fitness,24.73,0.37,0.59,14,0.26,0.19,1
2026-05-20,EU,news,Walking pad,Fitness,15.77,0.39,0.57,14,0.26,0.19,1
2026-05-20,EU,search,Millet snacks,Food,31.23,0.4,0.77,14,0.22,0.16,1
2026-05-20,EU,reddit,Millet snacks,Food,21.59,0.43,0.79,14,0.22,0.16,1
2026-05-20,EU,youtube,Millet snacks,Food,39.63,0.39,0.72,14,0.22,0.16,1
2026-05-20,EU,marketplace,Millet snacks,Food,27.15,0.45,0.73,14,0.22,0.16,1
2026-05-20,EU,news,Millet snacks,Food,17.26,0.41,0.71,14,0.22,0.16,1
2026-05-20,EU,search,Portable blender,Home,30.7,0.29,0.5,14,0.26,0.19,1
2026-05-20,EU,reddit,Portable blender,Home,21.58,0.3,0.45,14,0.26,0.19,1
2026-05-20,EU,youtube,Portable blender,Home,40.17,0.31,0.52,14,0.26,0.19,1
2026-05-20,EU,marketplace,Portable blender,Home,29.05,0.28,0.44,14,0.26,0.19,1
2026-05-20,EU,news,Portable blender,Home,17.62,0.28,0.47,14,0.26,0.19,1
2026-05-20,IN,search,Waterless skincare,Beauty,34.92,0.5,0.77,14,0.22,0.16,1
2026-05-20,IN,reddit,Waterless skincare,Beauty,28.42,0.47,0.74,14,0.22,0.16,1
2026-05-20,IN,youtube,Waterless skincare,Beauty,48.22,0.58,0.75,14,0.22,0.16,1
2026-05-20,IN,marketplace,Waterless skincare,Beauty,31.44,0.56,0.77,14,0.22,0.16,1
2026-05-20,IN,news,Waterless skincare,Beauty,19.59,0.57,0.68,14,0.22,0.16,1
2026-05-20,IN,search,Smart hydration bottle,Electronics,31.04,0.43,0.65,14,0.22,0.16,1
2026-05-20,IN,reddit,Smart hydration bottle,Electronics,22.91,0.52,0.73,14,0.22,0.16,1
2026-05-20,IN,youtube,Smart hydration bottle,Electronics,38.88,0.53,0.71,14,0.22,0.16,1
2026-05-20,IN,marketplace,Smart hydration bottle,Electronics,26.01,0.46,0.72,14,0.22,0.16,1
2026-05-20,IN,news,Smart hydration bottle,Electronics,16.66,0.48,0.7,14,0.22,0.16,1
2026-05-20,IN,search,Walking pad,Fitness,30.29,0.32,0.52,14,0.26,0.19,1
2026-05-20,IN,reddit,Walking pad,Fitness,21.57,0.37,0.5,14,0.26,0.19,1
2026-05-20,IN,youtube,Walking pad,Fitness,41.28,0.41,0.53,14,0.26,0.19,1
2026-05-20,IN,marketplace,Walking pad,Fitness,26.54,0.36,0.5,14,0.26,0.19,1
2026-05-20,IN,news,Walking pad,Fitness,14.96,0.34,0.6,14,0.26,0.19,1
2026-05-20,IN,search,Millet snacks,Food,40.42,0.44,0.78,14,0.22,0.16,1
2026-05-20,IN,reddit,Millet snacks,Food,30.55,0.43,0.76,14,0.22,0.16,1
2026-05-20,IN,youtube,Millet snacks,Food,53.5,0.41,0.72,14,0.22,0.16,1
2026-05-20,IN,marketplace,Millet snacks,Food,33.67,0.5,0.72,14,0.22,0.16,1
2026-05-20,IN,news,Millet snacks,Food,21.97,0.45,0.77,14,0.22,0.16,1
2026-05-20,IN,search,Portable blender,Home,29.86,0.31,0.48,14,0.26,0.19,1
2026-05-20,IN,reddit,Portable blender,Home,21.87,0.25,0.48,14,0.26,0.19,1
2026-05-20,IN,youtube,Portable blender,Home,38.73,0.34,0.45,14,0.26,0.19,1
2026-05-20,IN,marketplace,Portable blender,Home,23.97,0.27,0.52,14,0.26,0.19,1
2026-05-20,IN,news,Portable blender,Home,14.82,0.25,0.46,14,0.26,0.19,1
2026-05-21,US,search,Waterless skincare,Beauty,31.11,0.57,0.71,14,0.22,0.17,1
2026-05-21,US,reddit,Waterless skincare,Beauty,22.9,0.52,0.76,14,0.22,0.17,1
2026-05-21,US,youtube,Waterless skincare,Beauty,42.56,0.55,0.69,14,0.22,0.17,1
2026-05-21,US,marketplace,Waterless skincare,Beauty,26.71,0.55,0.72,14,0.22,0.17,1
2026-05-21,US,news,Waterless skincare,Beauty,18.21,0.56,0.74,14,0.22,0.17,1
2026-05-21,US,search,Smart hydration bottle,Electronics,35.24,0.5,0.7,14,0.22,0.17,1
2026-05-21,US,reddit,Smart hydration bottle,Electronics,25.65,0.48,0.71,14,0.22,0.17,1
2026-05-21,US,youtube,Smart hydration bottle,Electronics,45.6,0.48,0.67,14,0.22,0.17,1
2026-05-21,US,marketplace,Smart hydration bottle,Electronics,32.56,0.46,0.72,14,0.22,0.17,1
2026-05-21,US,news,Smart hydration bottle,Electronics,18.83,0.43,0.65,14,0.22,0.17,1
2026-05-21,US,search,Walking pad,Fitness,31.18,0.41,0.56,15,0.26,0.2,1
2026-05-21,US,reddit,Walking pad,Fitness,25.59,0.37,0.55,15,0.26,0.2,1
2026-05-21,US,youtube,Walking pad,Fitness,44.33,0.4,0.51,15,0.26,0.2,1
2026-05-21,US,marketplace,Walking pad,Fitness,29.18,0.32,0.58,15,0.26,0.2,1
2026-05-21,US,news,Walking pad,Fitness,19.0,0.36,0.53,15,0.26,0.2,1
2026-05-21,US,search,Millet snacks,Food,29.58,0.48,0.8,14,0.22,0.17,1
2026-05-21,US,reddit,Millet snacks,Food,22.93,0.47,0.74,14,0.22,0.17,1
2026-05-21,US,youtube,Millet snacks,Food,41.91,0.38,0.79,14,0.22,0.17,1
2026-05-21,US,marketplace,Millet snacks,Food,26.09,0.48,0.72,14,0.22,0.17,1
2026-05-21,US,news,Millet snacks,Food,15.95,0.39,0.72,14,0.22,0.17,1
2026-05-21,US,search,Portable blender,Home,26.5,0.32,0.51,15,0.26,0.2,1
2026-05-21,US,reddit,Portable blender,Home,19.87,0.33,0.51,15,0.26,0.2,1
2026-05-21,US,youtube,Portable blender,Home,35.58,0.25,0.51,15,0.26,0.2,1
2026-05-21,US,marketplace,Portable blender,Home,25.39,0.24,0.44,15,0.26,0.2,1
2026-05-21,US,news,Portable blender,Home,14.95,0.24,0.5,15,0.26,0.2,1
2026-05-21,GB,search,Waterless skincare,Beauty,34.31,0.55,0.76,14,0.22,0.17,1
2026-05-21,GB,reddit,Waterless skincare,Beauty,23.82,0.57,0.69,14,0.22,0.17,1
2026-05-21,GB,youtube,Waterless skincare,Beauty,43.79,0.47,0.75,14,0.22,0.17,1
2026-05-21,GB,marketplace,Waterless skincare,Beauty,31.66,0.57,0.7,14,0.22,0.17,1
2026-05-21,GB,news,Waterless skincare,Beauty,17.35,0.52,0.74,14,0.22,0.17,1
2026-05-21,GB,search,Smart hydration bottle,Electronics,29.01,0.48,0.64,14,0.22,0.17,1
2026-05-21,GB,reddit,Smart hydration bottle,Electronics,22.82,0.42,0.65,14,0.22,0.17,1
2026-05-21,GB,youtube,Smart hydration bottle,Electronics,38.88,0.45,0.72,14,0.22,0.17,1
2026-05-21,GB,marketplace,Smart hydration bottle,Electronics,27.23,0.53,0.64,14,0.22,0.17,1
2026-05-21,GB,news,Smart hydration bottle,Electronics,15.89,0.48,0.7,14,0.22,0.17,1
2026-05-21,GB,search,Walking pad,Fitness,32.53,0.38,0.54,15,0.26,0.2,1
2026-05-21,GB,reddit,Walking pad,Fitness,26.46,0.33,0.54,15,0.26,0.2,1
2026-05-21,GB,youtube,Walking pad,Fitness,44.0,0.33,0.52,15,0.26,0.2,1
2026-05-21,GB,marketplace,Walking pad,Fitness,28.22,0.43,0.51,15,0.26,0.2,1
2026-05-21,GB,news,Walking pad,Fitness,17.24,0.32,0.58,15,0.26,0.2,1
2026-05-21,GB,search,Millet snacks,Food,30.51,0.45,0.71,14,0.22,0.17,1
2026-05-21,GB,reddit,Millet snacks,Food,21.71,0.39,0.74,14,0.22,0.17,1
2026-05-21,GB,youtube,Millet snacks,Food,40.6,0.42,0.81,14,0.22,0.17,1
2026-05-21,GB,marketplace,Millet snacks,Food,26.48,0.45,0.74,14,0.22,0.17,1
2026-05-21,GB,news,Millet snacks,Food,17.12,0.4,0.72,14,0.22,0.17,1
2026-05-21,GB,search,Portable blender,Home,29.4,0.29,0.5,15,0.26,0.2,1
2026-05-21,GB,reddit,Portable blender,Home,20.1,0.35,0.48,15,0.26,0.2,1
2026-05-21,GB,youtube,Portable blender,Home,35.78,0.29,0.5,15,0.26,0.2,1
2026-05-21,GB,marketplace,Portable blender,Home,23.78,0.25,0.47,15,0.26,0.2,1
2026-05-21,GB,news,Portable blender,Home,15.63,0.25,0.52,15,0.26,0.2,1
2026-05-21,EU,search,Waterless skincare,Beauty,37.4,0.47,0.77,14,0.22,0.17,1
2026-05-21,EU,reddit,Waterless skincare,Beauty,25.7,0.53,0.77,14,0.22,0.17,1
2026-05-21,EU,youtube,Waterless skincare,Beauty,44.82,0.56,0.74,14,0.22,0.17,1
2026-05-21,EU,marketplace,Waterless skincare,Beauty,30.57,0.55,0.73,14,0.22,0.17,1
2026-05-21,EU,news,Waterless skincare,Beauty,18.67,0.55,0.73,14,0.22,0.17,1
2026-05-21,EU,search,Smart hydration bottle,Electronics,29.32,0.47,0.69,14,0.22,0.17,1
2026-05-21,EU,reddit,Smart hydration bottle,Electronics,22.0,0.47,0.66,14,0.22,0.17,1
2026-05-21,EU,youtube,Smart hydration bottle,Electronics,41.65,0.43,0.66,14,0.22,0.17,1
2026-05-21,EU,marketplace,Smart hydration bottle,Electronics,26.75,0.49,0.64,14,0.22,0.17,1
2026-05-21,EU,news,Smart hydration bottle,Electronics,15.44,0.42,0.64,14,0.22,0.17,1
2026-05-21,EU,search,Walking pad,Fitness,29.37,0.42,0.54,15,0.26,0.2,1
2026-05-21,EU,reddit,Walking pad,Fitness,22.03,0.33,0.56,15,0.26,0.2,1
2026-05-21,EU,youtube,Walking pad,Fitness,36.5,0.32,0.58,15,0.26,0.2,1
2026-05-21,EU,marketplace,Walking pad,Fitness,26.76,0.4,0.52,15,0.26,0.2,1
2026-05-21,EU,news,Walking pad,Fitness,16.12,0.37,0.53,15,0.26,0.2,1
2026-05-21,EU,search,Millet snacks,Food,28.72,0.48,0.76,14,0.22,0.17,1
2026-05-21,EU,reddit,Millet snacks,Food,23.42,0.38,0.75,14,0.22,0.17,1
2026-05-21,EU,youtube,Millet snacks,Food,41.95,0.43,0.74,14,0.22,0.17,1
2026-05-21,EU,marketplace,Millet snacks,Food,25.97,0.43,0.71,14,0.22,0.17,1
2026-05-21,EU,news,Millet snacks,Food,16.28,0.48,0.74,14,0.22,0.17,1
2026-05-21,EU,search,Portable blender,Home,31.11,0.29,0.44,15,0.26,0.2,1
2026-05-21,EU,reddit,Portable blender,Home,23.36,0.29,0.44,15,0.26,0.2,1
2026-05-21,EU,youtube,Portable blender,Home,41.82,0.31,0.5,15,0.26,0.2,1
2026-05-21,EU,marketplace,Portable blender,Home,27.49,0.29,0.52,15,0.26,0.2,1
2026-05-21,EU,news,Portable blender,Home,16.65,0.28,0.48,15,0.26,0.2,1
2026-05-21,IN,search,Waterless skincare,Beauty,38.17,0.53,0.71,14,0.22,0.17,1
2026-05-21,IN,reddit,Waterless skincare,Beauty,28.65,0.5,0.67,14,0.22,0.17,1
2026-05-21,IN,youtube,Waterless skincare,Beauty,45.27,0.56,0.7,14,0.22,0.17,1
2026-05-21,IN,marketplace,Waterless skincare,Beauty,33.32,0.46,0.76,14,0.22,0.17,1
2026-05-21,IN,news,Waterless skincare,Beauty,19.26,0.47,0.7,14,0.22,0.17,1
2026-05-21,IN,search,Smart hydration bottle,Electronics,29.86,0.46,0.7,14,0.22,0.17,1
2026-05-21,IN,reddit,Smart hydration bottle,Electronics,22.04,0.49,0.69,14,0.22,0.17,1
2026-05-21,IN,youtube,Smart hydration bottle,Electronics,43.5,0.42,0.66,14,0.22,0.17,1
2026-05-21,IN,marketplace,Smart hydration bottle,Electronics,26.8,0.42,0.66,14,0.22,0.17,1
2026-05-21,IN,news,Smart hydration bottle,Electronics,16.67,0.52,0.69,14,0.22,0.17,1
2026-05-21,IN,search,Walking pad,Fitness,30.63,0.34,0.57,15,0.26,0.2,1
2026-05-21,IN,reddit,Walking pad,Fitness,22.02,0.43,0.54,15,0.26,0.2,1
2026-05-21,IN,youtube,Walking pad,Fitness,38.55,0.38,0.58,15,0.26,0.2,1
2026-05-21,IN,marketplace,Walking pad,Fitness,24.64,0.39,0.53,15,0.26,0.2,1
2026-05-21,IN,news,Walking pad,Fitness,15.95,0.4,0.53,15,0.26,0.2,1
2026-05-21,IN,search,Millet snacks,Food,38.96,0.42,0.75,14,0.22,0.17,1
2026-05-21,IN,reddit,Millet snacks,Food,28.75,0.48,0.79,14,0.22,0.17,1
2026-05-21,IN,youtube,Millet snacks,Food,54.23,0.44,0.74,14,0.22,0.17,1
2026-05-21,IN,marketplace,Millet snacks,Food,32.32,0.5,0.75,14,0.22,0.17,1
2026-05-21,IN,news,Millet snacks,Food,20.28,0.47,0.72,14,0.22,0.17,1
2026-05-21,IN,search,Portable blender,Home,29.47,0.25,0.46,15,0.26,0.2,1
2026-05-21,IN,reddit,Portable blender,Home,19.81,0.33,0.48,15,0.26,0.2,1
2026-05-21,IN,youtube,Portable blender,Home,36.42,0.33,0.5,15,0.26,0.2,1
2026-05-21,IN,marketplace,Portable blender,Home,24.6,0.33,0.47,15,0.26,0.2,1
2026-05-21,IN,news,Portable blender,Home,15.55,0.26,0.47,15,0.26,0.2,1
2026-05-22,US,search,Waterless skincare,Beauty,31.83,0.51,0.75,14,0.22,0.17,1
2026-05-22,US,reddit,Waterless skincare,Beauty,22.41,0.46,0.74,14,0.22,0.17,1
2026-05-22,US,youtube,Waterless skincare,Beauty,44.37,0.53,0.69,14,0.22,0.17,1
2026-05-22,US,marketplace,Waterless skincare,Beauty,29.97,0.55,0.72,14,0.22,0.17,1
2026-05-22,US,news,Waterless skincare,Beauty,18.26,0.52,0.73,14,0.22,0.17,1
2026-05-22,US,search,Smart hydration bottle,Electronics,37.36,0.47,0.69,14,0.22,0.17,1
2026-05-22,US,reddit,Smart hydration bottle,Electronics,27.48,0.48,0.67,14,0.22,0.17,1
2026-05-22,US,youtube,Smart hydration bottle,Electronics,46.21,0.43,0.7,14,0.22,0.17,1
2026-05-22,US,marketplace,Smart hydration bottle,Electronics,31.5,0.47,0.66,14,0.22,0.17,1
2026-05-22,US,news,Smart hydration bottle,Electronics,20.72,0.42,0.65,14,0.22,0.17,1
2026-05-22,US,search,Walking pad,Fitness,31.92,0.41,0.56,15,0.26,0.2,1
2026-05-22,US,reddit,Walking pad,Fitness,23.41,0.38,0.54,15,0.26,0.2,1
2026-05-22,US,youtube,Walking pad,Fitness,41.27,0.33,0.52,15,0.26,0.2,1
2026-05-22,US,marketplace,Walking pad,Fitness,30.42,0.36,0.56,15,0.26,0.2,1
2026-05-22,US,news,Walking pad,Fitness,17.61,0.38,0.5,15,0.26,0.2,1
2026-05-22,US,search,Millet snacks,Food,28.51,0.4,0.74,14,0.22,0.17,1
2026-05-22,US,reddit,Millet snacks,Food,23.4,0.46,0.73,14,0.22,0.17,1
2026-05-22,US,youtube,Millet snacks,Food,42.41,0.49,0.76,14,0.22,0.17,1
2026-05-22,US,marketplace,Millet snacks,Food,25.13,0.48,0.72,14,0.22,0.17,1
2026-05-22,US,news,Millet snacks,Food,16.7,0.48,0.8,14,0.22,0.17,1
2026-05-22,US,search,Portable blender,Home,27.51,0.28,0.5,15,0.26,0.2,1
2026-05-22,US,reddit,Portable blender,Home,19.7,0.35,0.5,15,0.26,0.2,1
2026-05-22,US,youtube,Portable blender,Home,35.73,0.25,0.5,15,0.26,0.2,1
2026-05-22,US,marketplace,Portable blender,Home,26.6,0.3,0.51,15,0.26,0.2,1
2026-05-22,US,news,Portable blender,Home,16.29,0.35,0.46,15,0.26,0.2,1
2026-05-22,GB,search,Waterless skincare,Beauty,34.7,0.49,0.68,14,0.22,0.17,1
2026-05-22,GB,reddit,Waterless skincare,Beauty,25.76,0.5,0.73,14,0.22,0.17,1
2026-05-22,GB,youtube,Waterless skincare,Beauty,43.77,0.55,0.69,14,0.22,0.17,1
2026-05-22,GB,marketplace,Waterless skincare,Beauty,29.32,0.48,0.69,14,0.22,0.17,1
2026-05-22,GB,news,Waterless skincare,Beauty,19.3,0.51,0.7,14,0.22,0.17,1
2026-05-22,GB,search,Smart hydration bottle,Electronics,30.26,0.47,0.67,14,0.22,0.17,1
2026-05-22,GB,reddit,Smart hydration bottle,Electronics,23.83,0.45,0.67,14,0.22,0.17,1
2026-05-22,GB,youtube,Smart hydration bottle,Electronics,41.38,0.53,0.72,14,0.22,0.17,1
2026-05-22,GB,marketplace,Smart hydration bottle,Electronics,28.55,0.46,0.7,14,0.22,0.17,1
2026-05-22,GB,news,Smart hydration bottle,Electronics,17.18,0.42,0.73,14,0.22,0.17,1
2026-05-22,GB,search,Walking pad,Fitness,33.34,0.41,0.57,15,0.26,0.2,1
2026-05-22,GB,reddit,Walking pad,Fitness,26.16,0.39,0.58,15,0.26,0.2,1
2026-05-22,GB,youtube,Walking pad,Fitness,42.74,0.37,0.53,15,0.26,0.2,1
2026-05-22,GB,marketplace,Walking pad,Fitness,31.47,0.35,0.58,15,0.26,0.2,1
2026-05-22,GB,news,Walking pad,Fitness,17.11,0.41,0.59,15,0.26,0.2,1
2026-05-22,GB,search,Millet snacks,Food,28.97,0.49,0.75,14,0.22,0.17,1
2026-05-22,GB,reddit,Millet snacks,Food,23.55,0.41,0.72,14,0.22,0.17,1
2026-05-22,GB,youtube,Millet snacks,Food,41.53,0.41,0.73,14,0.22,0.17,1
2026-05-22,GB,marketplace,Millet snacks,Food,27.94,0.49,0.77,14,0.22,0.17,1
2026-05-22,GB,news,Millet snacks,Food,17.05,0.47,0.75,14,0.22,0.17,1
2026-05-22,GB,search,Portable blender,Home,25.96,0.34,0.51,15,0.26,0.2,1
2026-05-22,GB,reddit,Portable blender,Home,22.11,0.29,0.47,15,0.26,0.2,1
2026-05-22,GB,youtube,Portable blender,Home,39.28,0.32,0.52,15,0.26,0.2,1
2026-05-22,GB,marketplace,Portable blender,Home,26.11,0.33,0.5,15,0.26,0.2,1
2026-05-22,GB,news,Portable blender,Home,15.29,0.28,0.49,15,0.26,0.2,1
2026-05-22,EU,search,Waterless skincare,Beauty,36.37,0.55,0.72,14,0.22,0.17,1
2026-05-22,EU,reddit,Waterless skincare,Beauty,24.4,0.47,0.73,14,0.22,0.17,1
2026-05-22,EU,youtube,Waterless skincare,Beauty,47.89,0.55,0.68,14,0.22,0.17,1
2026-05-22,EU,marketplace,Waterless skincare,Beauty,30.92,0.54,0.7,14,0.22,0.17,1
2026-05-22,EU,news,Waterless skincare,Beauty,18.04,0.48,0.72,14,0.22,0.17,1
2026-05-22,EU,search,Smart hydration bottle,Electronics,31.47,0.51,0.71,14,0.22,0.17,1
2026-05-22,EU,reddit,Smart hydration bottle,Electronics,23.22,0.5,0.71,14,0.22,0.17,1
2026-05-22,EU,youtube,Smart hydration bottle,Electronics,38.86,0.47,0.7,14,0.22,0.17,1
2026-05-22,EU,marketplace,Smart hydration bottle,Electronics,25.69,0.5,0.71,14,0.22,0.17,1
2026-05-22,EU,news,Smart hydration bottle,Electronics,16.92,0.44,0.67,14,0.22,0.17,1
2026-05-22,EU,search,Walking pad,Fitness,27.14,0.41,0.59,15,0.26,0.2,1
2026-05-22,EU,reddit,Walking pad,Fitness,22.45,0.33,0.59,15,0.26,0.2,1
2026-05-22,EU,youtube,Walking pad,Fitness,40.61,0.38,0.56,15,0.26,0.2,1
2026-05-22,EU,marketplace,Walking pad,Fitness,27.02,0.42,0.52,15,0.26,0.2,1
2026-05-22,EU,news,Walking pad,Fitness,16.06,0.33,0.54,15,0.26,0.2,1
2026-05-22,EU,search,Millet snacks,Food,28.85,0.41,0.72,14,0.22,0.17,1
2026-05-22,EU,reddit,Millet snacks,Food,21.45,0.49,0.72,14,0.22,0.17,1
2026-05-22,EU,youtube,Millet snacks,Food,40.54,0.43,0.8,14,0.22,0.17,1
2026-05-22,EU,marketplace,Millet snacks,Food,26.06,0.46,0.72,14,0.22,0.17,1
2026-05-22,EU,news,Millet snacks,Food,16.51,0.4,0.8,14,0.22,0.17,1
2026-05-22,EU,search,Portable blender,Home,31.11,0.27,0.48,15,0.26,0.2,1
2026-05-22,EU,reddit,Portable blender,Home,21.28,0.34,0.49,15,0.26,0.2,1
2026-05-22,EU,youtube,Portable blender,Home,43.21,0.27,0.5,15,0.26,0.2,1
2026-05-22,EU,marketplace,Portable blender,Home,26.63,0.28,0.44,15,0.26,0.2,1
2026-05-22,EU,news,Portable blender,Home,15.98,0.27,0.49,15,0.26,0.2,1
2026-05-22,IN,search,Waterless skincare,Beauty,37.63,0.5,0.74,14,0.22,0.17,1
2026-05-22,IN,reddit,Waterless skincare,Beauty,26.55,0.46,0.68,14,0.22,0.17,1
2026-05-22,IN,youtube,Waterless skincare,Beauty,46.87,0.54,0.74,14,0.22,0.17,1
2026-05-22,IN,marketplace,Waterless skincare,Beauty,33.0,0.55,0.74,14,0.22,0.17,1
2026-05-22,IN,news,Waterless skincare,Beauty,18.91,0.47,0.68,14,0.22,0.17,1
2026-05-22,IN,search,Smart hydration bottle,Electronics,29.55,0.44,0.72,14,0.22,0.17,1
2026-05-22,IN,reddit,Smart hydration bottle,Electronics,24.27,0.53,0.73,14,0.22,0.17,1
2026-05-22,IN,youtube,Smart hydration bottle,Electronics,41.41,0.5,0.63,14,0.22,0.17,1
2026-05-22,IN,marketplace,Smart hydration bottle,Electronics,26.3,0.49,0.66,14,0.22,0.17,1
2026-05-22,IN,news,Smart hydration bottle,Electronics,16.4,0.46,0.73,14,0.22,0.17,1
2026-05-22,IN,search,Walking pad,Fitness,28.98,0.38,0.53,15,0.26,0.2,1
2026-05-22,IN,reddit,Walking pad,Fitness,21.56,0.42,0.59,15,0.26,0.2,1
2026-05-22,IN,youtube,Walking pad,Fitness,36.8,0.35,0.55,15,0.26,0.2,1
2026-05-22,IN,marketplace,Walking pad,Fitness,24.57,0.32,0.5,15,0.26,0.2,1
2026-05-22,IN,news,Walking pad,Fitness,14.98,0.41,0.58,15,0.26,0.2,1
2026-05-22,IN,search,Millet snacks,Food,39.38,0.49,0.74,14,0.22,0.17,1
2026-05-22,IN,reddit,Millet snacks,Food,30.05,0.45,0.79,14,0.22,0.17,1
2026-05-22,IN,youtube,Millet snacks,Food,49.67,0.42,0.8,14,0.22,0.17,1
2026-05-22,IN,marketplace,Millet snacks,Food,33.36,0.5,0.79,14,0.22,0.17,1
2026-05-22,IN,news,Millet snacks,Food,19.91,0.48,0.78,14,0.22,0.17,1
2026-05-22,IN,search,Portable blender,Home,28.99,0.24,0.44,15,0.26,0.2,1
2026-05-22,IN,reddit,Portable blender,Home,20.08,0.24,0.46,15,0.26,0.2,1
2026-05-22,IN,youtube,Portable blender,Home,38.66,0.29,0.53,15,0.26,0.2,1
2026-05-22,IN,marketplace,Portable blender,Home,26.55,0.24,0.47,15,0.26,0.2,1
2026-05-22,IN,news,Portable blender,Home,15.76,0.29,0.48,15,0.26,0.2,1
2026-05-23,US,search,Waterless skincare,Beauty,32.6,0.56,0.68,14,0.22,0.17,1
2026-05-23,US,reddit,Waterless skincare,Beauty,21.99,0.56,0.69,14,0.22,0.17,1
2026-05-23,US,youtube,Waterless skincare,Beauty,40.02,0.52,0.7,14,0.22,0.17,1
2026-05-23,US,marketplace,Waterless skincare,Beauty,29.51,0.53,0.73,14,0.22,0.17,1
2026-05-23,US,news,Waterless skincare,Beauty,18.23,0.52,0.73,14,0.22,0.17,1
2026-05-23,US,search,Smart hydration bottle,Electronics,35.33,0.42,0.71,14,0.22,0.17,1
2026-05-23,US,reddit,Smart hydration bottle,Electronics,27.48,0.52,0.63,14,0.22,0.17,1
2026-05-23,US,youtube,Smart hydration bottle,Electronics,49.49,0.5,0.67,14,0.22,0.17,1
2026-05-23,US,marketplace,Smart hydration bottle,Electronics,32.58,0.53,0.71,14,0.22,0.17,1
2026-05-23,US,news,Smart hydration bottle,Electronics,18.71,0.42,0.71,14,0.22,0.17,1
2026-05-23,US,search,Walking pad,Fitness,32.73,0.36,0.6,15,0.27,0.2,1
2026-05-23,US,reddit,Walking pad,Fitness,24.33,0.31,0.6,15,0.27,0.2,1
2026-05-23,US,youtube,Walking pad,Fitness,44.17,0.42,0.53,15,0.27,0.2,1
2026-05-23,US,marketplace,Walking pad,Fitness,29.75,0.4,0.6,15,0.27,0.2,1
2026-05-23,US,news,Walking pad,Fitness,17.78,0.33,0.5,15,0.27,0.2,1
2026-05-23,US,search,Millet snacks,Food,30.3,0.42,0.72,14,0.22,0.17,1
2026-05-23,US,reddit,Millet snacks,Food,20.94,0.49,0.75,14,0.22,0.17,1
2026-05-23,US,youtube,Millet snacks,Food,39.53,0.4,0.81,14,0.22,0.17,1
2026-05-23,US,marketplace,Millet snacks,Food,28.1,0.39,0.8,14,0.22,0.17,1
2026-05-23,US,news,Millet snacks,Food,15.56,0.47,0.74,14,0.22,0.17,1
2026-05-23,US,search,Portable blender,Home,28.55,0.31,0.44,15,0.27,0.2,1
2026-05-23,US,reddit,Portable blender,Home,20.66,0.29,0.51,15,0.27,0.2,1
2026-05-23,US,youtube,Portable blender,Home,36.24,0.32,0.44,15,0.27,0.2,1
2026-05-23,US,marketplace,Portable blender,Home,25.4,0.33,0.48,15,0.27,0.2,1
2026-05-23,US,news,Portable blender,Home,15.15,0.34,0.48,15,0.27,0.2,1
2026-05-23,GB,search,Waterless skincare,Beauty,33.01,0.51,0.75,14,0.22,0.17,1
2026-05-23,GB,reddit,Waterless skincare,Beauty,25.61,0.53,0.71,14,0.22,0.17,1
2026-05-23,GB,youtube,Waterless skincare,Beauty,43.72,0.46,0.7,14,0.22,0.17,1
2026-05-23,GB,marketplace,Waterless skincare,Beauty,29.3,0.49,0.74,14,0.22,0.17,1
2026-05-23,GB,news,Waterless skincare,Beauty,17.13,0.52,0.73,14,0.22,0.17,1
2026-05-23,GB,search,Smart hydration bottle,Electronics,29.78,0.45,0.67,14,0.22,0.17,1
2026-05-23,GB,reddit,Smart hydration bottle,Electronics,23.52,0.47,0.64,14,0.22,0.17,1
2026-05-23,GB,youtube,Smart hydration bottle,Electronics,37.97,0.52,0.71,14,0.22,0.17,1
2026-05-23,GB,marketplace,Smart hydration bottle,Electronics,26.79,0.45,0.63,14,0.22,0.17,1
2026-05-23,GB,news,Smart hydration bottle,Electronics,15.35,0.42,0.64,14,0.22,0.17,1
2026-05-23,GB,search,Walking pad,Fitness,32.21,0.32,0.57,15,0.27,0.2,1
2026-05-23,GB,reddit,Walking pad,Fitness,24.64,0.34,0.53,15,0.27,0.2,1
2026-05-23,GB,youtube,Walking pad,Fitness,41.37,0.37,0.51,15,0.27,0.2,1
2026-05-23,GB,marketplace,Walking pad,Fitness,29.96,0.33,0.52,15,0.27,0.2,1
2026-05-23,GB,news,Walking pad,Fitness,17.63,0.32,0.59,15,0.27,0.2,1
2026-05-23,GB,search,Millet snacks,Food,28.37,0.45,0.76,14,0.22,0.17,1
2026-05-23,GB,reddit,Millet snacks,Food,22.42,0.45,0.74,14,0.22,0.17,1
2026-05-23,GB,youtube,Millet snacks,Food,41.99,0.48,0.73,14,0.22,0.17,1
2026-05-23,GB,marketplace,Millet snacks,Food,25.12,0.47,0.77,14,0.22,0.17,1
2026-05-23,GB,news,Millet snacks,Food,16.89,0.39,0.76,14,0.22,0.17,1
2026-05-23,GB,search,Portable blender,Home,25.58,0.25,0.45,15,0.27,0.2,1
2026-05-23,GB,reddit,Portable blender,Home,20.54,0.32,0.52,15,0.27,0.2,1
2026-05-23,GB,youtube,Portable blender,Home,39.51,0.31,0.48,15,0.27,0.2,1
2026-05-23,GB,marketplace,Portable blender,Home,25.14,0.35,0.47,15,0.27,0.2,1
2026-05-23,GB,news,Portable blender,Home,15.48,0.32,0.47,15,0.27,0.2,1
2026-05-23,EU,search,Waterless skincare,Beauty,33.66,0.48,0.67,14,0.22,0.17,1
2026-05-23,EU,reddit,Waterless skincare,Beauty,24.56,0.46,0.77,14,0.22,0.17,1
2026-05-23,EU,youtube,Waterless skincare,Beauty,49.09,0.49,0.73,14,0.22,0.17,1
2026-05-23,EU,marketplace,Waterless skincare,Beauty,31.81,0.51,0.73,14,0.22,0.17,1
2026-05-23,EU,news,Waterless skincare,Beauty,19.81,0.48,0.7,14,0.22,0.17,1
2026-05-23,EU,search,Smart hydration bottle,Electronics,29.16,0.47,0.63,14,0.22,0.17,1
2026-05-23,EU,reddit,Smart hydration bottle,Electronics,20.96,0.43,0.7,14,0.22,0.17,1
2026-05-23,EU,youtube,Smart hydration bottle,Electronics,42.15,0.47,0.72,14,0.22,0.17,1
2026-05-23,EU,marketplace,Smart hydration bottle,Electronics,26.7,0.44,0.69,14,0.22,0.17,1
2026-05-23,EU,news,Smart hydration bottle,Electronics,16.88,0.42,0.63,14,0.22,0.17,1
2026-05-23,EU,search,Walking pad,Fitness,28.65,0.39,0.6,15,0.27,0.2,1
2026-05-23,EU,reddit,Walking pad,Fitness,22.13,0.4,0.56,15,0.27,0.2,1
2026-05-23,EU,youtube,Walking pad,Fitness,38.27,0.34,0.55,15,0.27,0.2,1
2026-05-23,EU,marketplace,Walking pad,Fitness,25.27,0.38,0.56,15,0.27,0.2,1
2026-05-23,EU,news,Walking pad,Fitness,15.86,0.41,0.55,15,0.27,0.2,1
2026-05-23,EU,search,Millet snacks,Food,29.77,0.44,0.75,14,0.22,0.17,1
2026-05-23,EU,reddit,Millet snacks,Food,21.12,0.39,0.8,14,0.22,0.17,1
2026-05-23,EU,youtube,Millet snacks,Food,38.57,0.44,0.76,14,0.22,0.17,1
2026-05-23,EU,marketplace,Millet snacks,Food,27.62,0.42,0.78,14,0.22,0.17,1
2026-05-23,EU,news,Millet snacks,Food,14.83,0.41,0.73,14,0.22,0.17,1
2026-05-23,EU,search,Portable blender,Home,28.97,0.26,0.45,15,0.27,0.2,1
2026-05-23,EU,reddit,Portable blender,Home,23.48,0.28,0.49,15,0.27,0.2,1
2026-05-23,EU,youtube,Portable blender,Home,41.89,0.31,0.44,15,0.27,0.2,1
2026-05-23,EU,marketplace,Portable blender,Home,25.88,0.32,0.53,15,0.27,0.2,1
2026-05-23,EU,news,Portable blender,Home,17.05,0.32,0.5,15,0.27,0.2,1
2026-05-23,IN,search,Waterless skincare,Beauty,36.85,0.56,0.75,14,0.22,0.17,1
2026-05-23,IN,reddit,Waterless skincare,Beauty,26.99,0.49,0.74,14,0.22,0.17,1
2026-05-23,IN,youtube,Waterless skincare,Beauty,48.89,0.48,0.69,14,0.22,0.17,1
2026-05-23,IN,marketplace,Waterless skincare,Beauty,32.32,0.47,0.71,14,0.22,0.17,1
2026-05-23,IN,news,Waterless skincare,Beauty,20.81,0.5,0.69,14,0.22,0.17,1
2026-05-23,IN,search,Smart hydration bottle,Electronics,28.14,0.42,0.72,14,0.22,0.17,1
2026-05-23,IN,reddit,Smart hydration bottle,Electronics,22.08,0.43,0.71,14,0.22,0.17,1
2026-05-23,IN,youtube,Smart hydration bottle,Electronics,42.8,0.42,0.64,14,0.22,0.17,1
2026-05-23,IN,marketplace,Smart hydration bottle,Electronics,26.78,0.49,0.64,14,0.22,0.17,1
2026-05-23,IN,news,Smart hydration bottle,Electronics,15.89,0.45,0.66,14,0.22,0.17,1
2026-05-23,IN,search,Walking pad,Fitness,27.89,0.31,0.59,15,0.27,0.2,1
2026-05-23,IN,reddit,Walking pad,Fitness,20.66,0.33,0.57,15,0.27,0.2,1
2026-05-23,IN,youtube,Walking pad,Fitness,38.52,0.39,0.57,15,0.27,0.2,1
2026-05-23,IN,marketplace,Walking pad,Fitness,27.15,0.36,0.55,15,0.27,0.2,1
2026-05-23,IN,news,Walking pad,Fitness,16.41,0.32,0.51,15,0.27,0.2,1
2026-05-23,IN,search,Millet snacks,Food,38.34,0.47,0.8,14,0.22,0.17,1
2026-05-23,IN,reddit,Millet snacks,Food,29.6,0.38,0.72,14,0.22,0.17,1
2026-05-23,IN,youtube,Millet snacks,Food,51.9,0.48,0.8,14,0.22,0.17,1
2026-05-23,IN,marketplace,Millet snacks,Food,32.35,0.41,0.75,14,0.22,0.17,1
2026-05-23,IN,news,Millet snacks,Food,20.78,0.47,0.72,14,0.22,0.17,1
2026-05-23,IN,search,Portable blender,Home,28.1,0.28,0.44,15,0.27,0.2,1
2026-05-23,IN,reddit,Portable blender,Home,21.66,0.29,0.47,15,0.27,0.2,1
2026-05-23,IN,youtube,Portable blender,Home,38.58,0.26,0.51,15,0.27,0.2,1
2026-05-23,IN,marketplace,Portable blender,Home,24.23,0.3,0.44,15,0.27,0.2,1
2026-05-23,IN,news,Portable blender,Home,14.88,0.33,0.47,15,0.27,0.2,1
2026-05-24,US,search,Waterless skincare,Beauty,31.61,0.48,0.75,15,0.23,0.17,1
2026-05-24,US,reddit,Waterless skincare,Beauty,22.92,0.49,0.75,15,0.23,0.17,1
2026-05-24,US,youtube,Waterless skincare,Beauty,41.21,0.51,0.72,15,0.23,0.17,1
2026-05-24,US,marketplace,Waterless skincare,Beauty,29.18,0.56,0.71,15,0.23,0.17,1
2026-05-24,US,news,Waterless skincare,Beauty,15.88,0.48,0.67,15,0.23,0.17,1
2026-05-24,US,search,Smart hydration bottle,Electronics,37.02,0.53,0.64,15,0.23,0.17,1
2026-05-24,US,reddit,Smart hydration bottle,Electronics,25.93,0.53,0.65,15,0.23,0.17,1
2026-05-24,US,youtube,Smart hydration bottle,Electronics,44.98,0.51,0.7,15,0.23,0.17,1
2026-05-24,US,marketplace,Smart hydration bottle,Electronics,32.58,0.52,0.64,15,0.23,0.17,1
2026-05-24,US,news,Smart hydration bottle,Electronics,19.88,0.5,0.7,15,0.23,0.17,1
2026-05-24,US,search,Walking pad,Fitness,31.8,0.34,0.54,15,0.27,0.2,1
2026-05-24,US,reddit,Walking pad,Fitness,24.39,0.37,0.53,15,0.27,0.2,1
2026-05-24,US,youtube,Walking pad,Fitness,44.27,0.42,0.5,15,0.27,0.2,1
2026-05-24,US,marketplace,Walking pad,Fitness,27.66,0.37,0.59,15,0.27,0.2,1
2026-05-24,US,news,Walking pad,Fitness,17.93,0.36,0.52,15,0.27,0.2,1
2026-05-24,US,search,Millet snacks,Food,29.65,0.47,0.78,15,0.23,0.17,1
2026-05-24,US,reddit,Millet snacks,Food,22.71,0.49,0.79,15,0.23,0.17,1
2026-05-24,US,youtube,Millet snacks,Food,39.24,0.4,0.74,15,0.23,0.17,1
2026-05-24,US,marketplace,Millet snacks,Food,24.8,0.42,0.78,15,0.23,0.17,1
2026-05-24,US,news,Millet snacks,Food,16.75,0.39,0.81,15,0.23,0.17,1
2026-05-24,US,search,Portable blender,Home,26.46,0.25,0.49,15,0.27,0.2,1
2026-05-24,US,reddit,Portable blender,Home,20.52,0.33,0.45,15,0.27,0.2,1
2026-05-24,US,youtube,Portable blender,Home,34.4,0.33,0.49,15,0.27,0.2,1
2026-05-24,US,marketplace,Portable blender,Home,23.67,0.33,0.5,15,0.27,0.2,1
2026-05-24,US,news,Portable blender,Home,16.03,0.25,0.44,15,0.27,0.2,1
2026-05-24,GB,search,Waterless skincare,Beauty,31.94,0.54,0.71,15,0.23,0.17,1
2026-05-24,GB,reddit,Waterless skincare,Beauty,22.84,0.54,0.68,15,0.23,0.17,1
2026-05-24,GB,youtube,Waterless skincare,Beauty,42.65,0.55,0.72,15,0.23,0.17,1
2026-05-24,GB,marketplace,Waterless skincare,Beauty,31.24,0.56,0.77,15,0.23,0.17,1
2026-05-24,GB,news,Waterless skincare,Beauty,18.05,0.57,0.73,15,0.23,0.17,1
2026-05-24,GB,search,Smart hydration bottle,Electronics,29.59,0.49,0.67,15,0.23,0.17,1
2026-05-24,GB,reddit,Smart hydration bottle,Electronics,21.43,0.51,0.7,15,0.23,0.17,1
2026-05-24,GB,youtube,Smart hydration bottle,Electronics,40.73,0.5,0.68,15,0.23,0.17,1
2026-05-24,GB,marketplace,Smart hydration bottle,Electronics,25.57,0.45,0.69,15,0.23,0.17,1
2026-05-24,GB,news,Smart hydration bottle,Electronics,16.93,0.46,0.64,15,0.23,0.17,1
2026-05-24,GB,search,Walking pad,Fitness,33.2,0.41,0.51,15,0.27,0.2,1
2026-05-24,GB,reddit,Walking pad,Fitness,22.7,0.41,0.55,15,0.27,0.2,1
2026-05-24,GB,youtube,Walking pad,Fitness,43.2,0.35,0.55,15,0.27,0.2,1
2026-05-24,GB,marketplace,Walking pad,Fitness,29.37,0.37,0.54,15,0.27,0.2,1
2026-05-24,GB,news,Walking pad,Fitness,17.15,0.37,0.54,15,0.27,0.2,1
2026-05-24,GB,search,Millet snacks,Food,28.72,0.49,0.76,15,0.23,0.17,1
2026-05-24,GB,reddit,Millet snacks,Food,23.16,0.48,0.72,15,0.23,0.17,1
2026-05-24,GB,youtube,Millet snacks,Food,37.06,0.46,0.72,15,0.23,0.17,1
2026-05-24,GB,marketplace,Millet snacks,Food,26.81,0.48,0.72,15,0.23,0.17,1
2026-05-24,GB,news,Millet snacks,Food,15.29,0.44,0.78,15,0.23,0.17,1
2026-05-24,GB,search,Portable blender,Home,28.88,0.28,0.53,15,0.27,0.2,1
2026-05-24,GB,reddit,Portable blender,Home,20.68,0.28,0.44,15,0.27,0.2,1
2026-05-24,GB,youtube,Portable blender,Home,37.07,0.24,0.45,15,0.27,0.2,1
2026-05-24,GB,marketplace,Portable blender,Home,24.03,0.35,0.46,15,0.27,0.2,1
2026-05-24,GB,news,Portable blender,Home,14.92,0.33,0.44,15,0.27,0.2,1
2026-05-24,EU,search,Waterless skincare,Beauty,34.83,0.47,0.76,15,0.23,0.17,1
2026-05-24,EU,reddit,Waterless skincare,Beauty,27.2,0.49,0.75,15,0.23,0.17,1
2026-05-24,EU,youtube,Waterless skincare,Beauty,46.36,0.47,0.7,15,0.23,0.17,1
2026-05-24,EU,marketplace,Waterless skincare,Beauty,32.56,0.51,0.73,15,0.23,0.17,1
2026-05-24,EU,news,Waterless skincare,Beauty,19.09,0.57,0.75,15,0.23,0.17,1
2026-05-24,EU,search,Smart hydration bottle,Electronics,29.0,0.5,0.69,15,0.23,0.17,1
2026-05-24,EU,reddit,Smart hydration bottle,Electronics,22.62,0.48,0.68,15,0.23,0.17,1
2026-05-24,EU,youtube,Smart hydration bottle,Electronics,39.01,0.47,0.72,15,0.23,0.17,1
2026-05-24,EU,marketplace,Smart hydration bottle,Electronics,25.55,0.51,0.7,15,0.23,0.17,1
2026-05-24,EU,news,Smart hydration bottle,Electronics,15.8,0.44,0.67,15,0.23,0.17,1
2026-05-24,EU,search,Walking pad,Fitness,28.03,0.42,0.59,15,0.27,0.2,1
2026-05-24,EU,reddit,Walking pad,Fitness,21.59,0.38,0.59,15,0.27,0.2,1
2026-05-24,EU,youtube,Walking pad,Fitness,38.72,0.38,0.58,15,0.27,0.2,1
2026-05-24,EU,marketplace,Walking pad,Fitness,25.81,0.37,0.51,15,0.27,0.2,1
2026-05-24,EU,news,Walking pad,Fitness,15.46,0.33,0.56,15,0.27,0.2,1
2026-05-24,EU,search,Millet snacks,Food,28.98,0.39,0.77,15,0.23,0.17,1
2026-05-24,EU,reddit,Millet snacks,Food,20.57,0.44,0.8,15,0.23,0.17,1
2026-05-24,EU,youtube,Millet snacks,Food,36.65,0.49,0.73,15,0.23,0.17,1
2026-05-24,EU,marketplace,Millet snacks,Food,24.07,0.47,0.73,15,0.23,0.17,1
2026-05-24,EU,news,Millet snacks,Food,16.22,0.49,0.75,15,0.23,0.17,1
2026-05-24,EU,search,Portable blender,Home,30.56,0.31,0.47,15,0.27,0.2,1
2026-05-24,EU,reddit,Portable blender,Home,20.57,0.34,0.43,15,0.27,0.2,1
2026-05-24,EU,youtube,Portable blender,Home,39.2,0.28,0.52,15,0.27,0.2,1
2026-05-24,EU,marketplace,Portable blender,Home,25.69,0.27,0.44,15,0.27,0.2,1
2026-05-24,EU,news,Portable blender,Home,15.21,0.26,0.44,15,0.27,0.2,1
2026-05-24,IN,search,Waterless skincare,Beauty,33.96,0.47,0.7,15,0.23,0.17,1
2026-05-24,IN,reddit,Waterless skincare,Beauty,26.03,0.48,0.73,15,0.23,0.17,1
2026-05-24,IN,youtube,Waterless skincare,Beauty,46.31,0.46,0.68,15,0.23,0.17,1
2026-05-24,IN,marketplace,Waterless skincare,Beauty,31.16,0.5,0.71,15,0.23,0.17,1
2026-05-24,IN,news,Waterless skincare,Beauty,18.86,0.51,0.75,15,0.23,0.17,1
2026-05-24,IN,search,Smart hydration bottle,Electronics,28.24,0.44,0.71,15,0.23,0.17,1
2026-05-24,IN,reddit,Smart hydration bottle,Electronics,22.64,0.47,0.71,15,0.23,0.17,1
2026-05-24,IN,youtube,Smart hydration bottle,Electronics,39.62,0.43,0.64,15,0.23,0.17,1
2026-05-24,IN,marketplace,Smart hydration bottle,Electronics,26.71,0.46,0.68,15,0.23,0.17,1
2026-05-24,IN,news,Smart hydration bottle,Electronics,16.19,0.44,0.72,15,0.23,0.17,1
2026-05-24,IN,search,Walking pad,Fitness,27.29,0.42,0.57,15,0.27,0.2,1
2026-05-24,IN,reddit,Walking pad,Fitness,20.4,0.37,0.58,15,0.27,0.2,1
2026-05-24,IN,youtube,Walking pad,Fitness,37.03,0.36,0.51,15,0.27,0.2,1
2026-05-24,IN,marketplace,Walking pad,Fitness,25.87,0.33,0.6,15,0.27,0.2,1
2026-05-24,IN,news,Walking pad,Fitness,15.24,0.43,0.58,15,0.27,0.2,1
2026-05-24,IN,search,Millet snacks,Food,37.65,0.43,0.8,15,0.23,0.17,1
2026-05-24,IN,reddit,Millet snacks,Food,27.9,0.38,0.76,15,0.23,0.17,1
2026-05-24,IN,youtube,Millet snacks,Food,52.89,0.41,0.81,15,0.23,0.17,1
2026-05-24,IN,marketplace,Millet snacks,Food,31.35,0.49,0.76,15,0.23,0.17,1
2026-05-24,IN,news,Millet snacks,Food,20.88,0.48,0.75,15,0.23,0.17,1
2026-05-24,IN,search,Portable blender,Home,26.68,0.31,0.49,15,0.27,0.2,1
2026-05-24,IN,reddit,Portable blender,Home,20.46,0.24,0.5,15,0.27,0.2,1
2026-05-24,IN,youtube,Portable blender,Home,37.1,0.27,0.47,15,0.27,0.2,1
2026-05-24,IN,marketplace,Portable blender,Home,23.23,0.25,0.49,15,0.27,0.2,1
2026-05-24,IN,news,Portable blender,Home,14.52,0.29,0.49,15,0.27,0.2,1
2026-05-25,US,search,Waterless skincare,Beauty,32.68,0.5,0.74,15,0.23,0.17,1
2026-05-25,US,reddit,Waterless skincare,Beauty,22.53,0.49,0.75,15,0.23,0.17,1
2026-05-25,US,youtube,Waterless skincare,Beauty,41.19,0.49,0.77,15,0.23,0.17,1
2026-05-25,US,marketplace,Waterless skincare,Beauty,27.03,0.52,0.73,15,0.23,0.17,1
2026-05-25,US,news,Waterless skincare,Beauty,15.75,0.54,0.73,15,0.23,0.17,1
2026-05-25,US,search,Smart hydration bottle,Electronics,32.79,0.47,0.72,15,0.23,0.17,1
2026-05-25,US,reddit,Smart hydration bottle,Electronics,27.07,0.46,0.72,15,0.23,0.17,1
2026-05-25,US,youtube,Smart hydration bottle,Electronics,48.93,0.51,0.68,15,0.23,0.17,1
2026-05-25,US,marketplace,Smart hydration bottle,Electronics,33.0,0.49,0.64,15,0.23,0.17,1
2026-05-25,US,news,Smart hydration bottle,Electronics,18.11,0.51,0.7,15,0.23,0.17,1
2026-05-25,US,search,Walking pad,Fitness,32.18,0.35,0.58,15,0.28,0.21,1
2026-05-25,US,reddit,Walking pad,Fitness,24.65,0.35,0.52,15,0.28,0.21,1
2026-05-25,US,youtube,Walking pad,Fitness,44.01,0.39,0.5,15,0.28,0.21,1
2026-05-25,US,marketplace,Walking pad,Fitness,28.13,0.42,0.54,15,0.28,0.21,1
2026-05-25,US,news,Walking pad,Fitness,16.61,0.31,0.53,15,0.28,0.21,1
2026-05-25,US,search,Millet snacks,Food,30.96,0.42,0.72,15,0.23,0.17,1
2026-05-25,US,reddit,Millet snacks,Food,22.27,0.42,0.78,15,0.23,0.17,1
2026-05-25,US,youtube,Millet snacks,Food,37.99,0.44,0.75,15,0.23,0.17,1
2026-05-25,US,marketplace,Millet snacks,Food,25.5,0.49,0.78,15,0.23,0.17,1
2026-05-25,US,news,Millet snacks,Food,15.42,0.4,0.79,15,0.23,0.17,1
2026-05-25,US,search,Portable blender,Home,26.6,0.34,0.49,15,0.28,0.21,1
2026-05-25,US,reddit,Portable blender,Home,20.23,0.3,0.5,15,0.28,0.21,1
2026-05-25,US,youtube,Portable blender,Home,36.78,0.32,0.49,15,0.28,0.21,1
2026-05-25,US,marketplace,Portable blender,Home,22.82,0.25,0.44,15,0.28,0.21,1
2026-05-25,US,news,Portable blender,Home,14.35,0.3,0.45,15,0.28,0.21,1
2026-05-25,GB,search,Waterless skincare,Beauty,32.42,0.55,0.69,15,0.23,0.17,1
2026-05-25,GB,reddit,Waterless skincare,Beauty,24.84,0.58,0.74,15,0.23,0.17,1
2026-05-25,GB,youtube,Waterless skincare,Beauty,43.82,0.49,0.73,15,0.23,0.17,1
2026-05-25,GB,marketplace,Waterless skincare,Beauty,28.89,0.57,0.73,15,0.23,0.17,1
2026-05-25,GB,news,Waterless skincare,Beauty,18.87,0.47,0.76,15,0.23,0.17,1
2026-05-25,GB,search,Smart hydration bottle,Electronics,28.97,0.53,0.66,15,0.23,0.17,1
2026-05-25,GB,reddit,Smart hydration bottle,Electronics,22.49,0.47,0.67,15,0.23,0.17,1
2026-05-25,GB,youtube,Smart hydration bottle,Electronics,40.91,0.52,0.65,15,0.23,0.17,1
2026-05-25,GB,marketplace,Smart hydration bottle,Electronics,25.5,0.47,0.67,15,0.23,0.17,1
2026-05-25,GB,news,Smart hydration bottle,Electronics,14.97,0.44,0.64,15,0.23,0.17,1
2026-05-25,GB,search,Walking pad,Fitness,32.26,0.31,0.57,15,0.28,0.21,1
2026-05-25,GB,reddit,Walking pad,Fitness,25.56,0.36,0.51,15,0.28,0.21,1
2026-05-25,GB,youtube,Walking pad,Fitness,41.61,0.33,0.53,15,0.28,0.21,1
2026-05-25,GB,marketplace,Walking pad,Fitness,29.25,0.32,0.55,15,0.28,0.21,1
2026-05-25,GB,news,Walking pad,Fitness,18.32,0.38,0.56,15,0.28,0.21,1
2026-05-25,GB,search,Millet snacks,Food,28.07,0.41,0.72,15,0.23,0.17,1
2026-05-25,GB,reddit,Millet snacks,Food,20.76,0.42,0.72,15,0.23,0.17,1
2026-05-25,GB,youtube,Millet snacks,Food,37.89,0.47,0.8,15,0.23,0.17,1
2026-05-25,GB,marketplace,Millet snacks,Food,26.86,0.45,0.79,15,0.23,0.17,1
2026-05-25,GB,news,Millet snacks,Food,16.08,0.45,0.72,15,0.23,0.17,1
2026-05-25,GB,search,Portable blender,Home,25.24,0.24,0.46,15,0.28,0.21,1
2026-05-25,GB,reddit,Portable blender,Home,21.16,0.24,0.44,15,0.28,0.21,1
2026-05-25,GB,youtube,Portable blender,Home,38.44,0.29,0.46,15,0.28,0.21,1
2026-05-25,GB,marketplace,Portable blender,Home,24.64,0.24,0.5,15,0.28,0.21,1
2026-05-25,GB,news,Portable blender,Home,14.92,0.27,0.47,15,0.28,0.21,1
2026-05-25,EU,search,Waterless skincare,Beauty,32.25,0.55,0.69,15,0.23,0.17,1
2026-05-25,EU,reddit,Waterless skincare,Beauty,25.99,0.54,0.67,15,0.23,0.17,1
2026-05-25,EU,youtube,Waterless skincare,Beauty,45.39,0.56,0.76,15,0.23,0.17,1
2026-05-25,EU,marketplace,Waterless skincare,Beauty,31.28,0.5,0.76,15,0.23,0.17,1
2026-05-25,EU,news,Waterless skincare,Beauty,19.54,0.51,0.7,15,0.23,0.17,1
2026-05-25,EU,search,Smart hydration bottle,Electronics,27.64,0.43,0.69,15,0.23,0.17,1
2026-05-25,EU,reddit,Smart hydration bottle,Electronics,20.35,0.51,0.65,15,0.23,0.17,1
2026-05-25,EU,youtube,Smart hydration bottle,Electronics,39.4,0.49,0.66,15,0.23,0.17,1
2026-05-25,EU,marketplace,Smart hydration bottle,Electronics,25.71,0.5,0.67,15,0.23,0.17,1
2026-05-25,EU,news,Smart hydration bottle,Electronics,15.32,0.51,0.64,15,0.23,0.17,1
2026-05-25,EU,search,Walking pad,Fitness,26.88,0.36,0.6,15,0.28,0.21,1
2026-05-25,EU,reddit,Walking pad,Fitness,21.44,0.34,0.59,15,0.28,0.21,1
2026-05-25,EU,youtube,Walking pad,Fitness,38.71,0.32,0.53,15,0.28,0.21,1
2026-05-25,EU,marketplace,Walking pad,Fitness,24.3,0.35,0.5,15,0.28,0.21,1
2026-05-25,EU,news,Walking pad,Fitness,15.37,0.39,0.51,15,0.28,0.21,1
2026-05-25,EU,search,Millet snacks,Food,28.47,0.48,0.8,15,0.23,0.17,1
2026-05-25,EU,reddit,Millet snacks,Food,21.1,0.4,0.73,15,0.23,0.17,1
2026-05-25,EU,youtube,Millet snacks,Food,40.6,0.47,0.74,15,0.23,0.17,1
2026-05-25,EU,marketplace,Millet snacks,Food,26.2,0.46,0.81,15,0.23,0.17,1
2026-05-25,EU,news,Millet snacks,Food,15.86,0.42,0.77,15,0.23,0.17,1
2026-05-25,EU,search,Portable blender,Home,30.87,0.31,0.47,15,0.28,0.21,1
2026-05-25,EU,reddit,Portable blender,Home,20.71,0.29,0.51,15,0.28,0.21,1
2026-05-25,EU,youtube,Portable blender,Home,36.62,0.26,0.43,15,0.28,0.21,1
2026-05-25,EU,marketplace,Portable blender,Home,25.08,0.26,0.49,15,0.28,0.21,1
2026-05-25,EU,news,Portable blender,Home,15.36,0.32,0.53,15,0.28,0.21,1
2026-05-25,IN,search,Waterless skincare,Beauty,34.13,0.55,0.69,15,0.23,0.17,1
2026-05-25,IN,reddit,Waterless skincare,Beauty,25.05,0.58,0.71,15,0.23,0.17,1
2026-05-25,IN,youtube,Waterless skincare,Beauty,44.37,0.46,0.68,15,0.23,0.17,1
2026-05-25,IN,marketplace,Waterless skincare,Beauty,30.53,0.48,0.73,15,0.23,0.17,1
2026-05-25,IN,news,Waterless skincare,Beauty,19.94,0.47,0.67,15,0.23,0.17,1
2026-05-25,IN,search,Smart hydration bottle,Electronics,28.36,0.44,0.72,15,0.23,0.17,1
2026-05-25,IN,reddit,Smart hydration bottle,Electronics,22.89,0.46,0.69,15,0.23,0.17,1
2026-05-25,IN,youtube,Smart hydration bottle,Electronics,38.18,0.42,0.71,15,0.23,0.17,1
2026-05-25,IN,marketplace,Smart hydration bottle,Electronics,28.19,0.42,0.7,15,0.23,0.17,1
2026-05-25,IN,news,Smart hydration bottle,Electronics,16.01,0.51,0.64,15,0.23,0.17,1
2026-05-25,IN,search,Walking pad,Fitness,29.65,0.34,0.52,15,0.28,0.21,1
2026-05-25,IN,reddit,Walking pad,Fitness,21.86,0.39,0.59,15,0.28,0.21,1
2026-05-25,IN,youtube,Walking pad,Fitness,40.24,0.43,0.59,15,0.28,0.21,1
2026-05-25,IN,marketplace,Walking pad,Fitness,26.48,0.31,0.51,15,0.28,0.21,1
2026-05-25,IN,news,Walking pad,Fitness,16.28,0.4,0.52,15,0.28,0.21,1
2026-05-25,IN,search,Millet snacks,Food,36.52,0.42,0.77,15,0.23,0.17,1
2026-05-25,IN,reddit,Millet snacks,Food,29.73,0.41,0.71,15,0.23,0.17,1
2026-05-25,IN,youtube,Millet snacks,Food,50.98,0.4,0.76,15,0.23,0.17,1
2026-05-25,IN,marketplace,Millet snacks,Food,34.8,0.42,0.72,15,0.23,0.17,1
2026-05-25,IN,news,Millet snacks,Food,21.28,0.48,0.8,15,0.23,0.17,1
2026-05-25,IN,search,Portable blender,Home,28.72,0.34,0.45,15,0.28,0.21,1
2026-05-25,IN,reddit,Portable blender,Home,19.03,0.29,0.5,15,0.28,0.21,1
2026-05-25,IN,youtube,Portable blender,Home,34.17,0.3,0.51,15,0.28,0.21,1
2026-05-25,IN,marketplace,Portable blender,Home,24.75,0.3,0.48,15,0.28,0.21,1
2026-05-25,IN,news,Portable blender,Home,14.75,0.27,0.47,15,0.28,0.21,1
2026-05-26,US,search,Waterless skincare,Beauty,31.37,0.55,0.72,15,0.23,0.17,1
2026-05-26,US,reddit,Waterless skincare,Beauty,22.16,0.51,0.76,15,0.23,0.17,1
2026-05-26,US,youtube,Waterless skincare,Beauty,41.72,0.46,0.69,15,0.23,0.17,1
2026-05-26,US,marketplace,Waterless skincare,Beauty,26.34,0.56,0.71,15,0.23,0.17,1
2026-05-26,US,news,Waterless skincare,Beauty,16.34,0.57,0.73,15,0.23,0.17,1
2026-05-26,US,search,Smart hydration bottle,Electronics,37.14,0.46,0.69,15,0.23,0.17,1
2026-05-26,US,reddit,Smart hydration bottle,Electronics,24.91,0.43,0.67,15,0.23,0.17,1
2026-05-26,US,youtube,Smart hydration bottle,Electronics,46.28,0.49,0.68,15,0.23,0.17,1
2026-05-26,US,marketplace,Smart hydration bottle,Electronics,32.04,0.47,0.68,15,0.23,0.17,1
2026-05-26,US,news,Smart hydration bottle,Electronics,19.01,0.51,0.66,15,0.23,0.17,1
2026-05-26,US,search,Walking pad,Fitness,30.63,0.33,0.52,16,0.28,0.21,1
2026-05-26,US,reddit,Walking pad,Fitness,23.83,0.35,0.51,16,0.28,0.21,1
2026-05-26,US,youtube,Walking pad,Fitness,44.05,0.37,0.56,16,0.28,0.21,1
2026-05-26,US,marketplace,Walking pad,Fitness,29.15,0.42,0.51,16,0.28,0.21,1
2026-05-26,US,news,Walking pad,Fitness,16.1,0.31,0.52,16,0.28,0.21,1
2026-05-26,US,search,Millet snacks,Food,27.78,0.42,0.74,15,0.23,0.17,1
2026-05-26,US,reddit,Millet snacks,Food,22.72,0.46,0.74,15,0.23,0.17,1
2026-05-26,US,youtube,Millet snacks,Food,40.29,0.5,0.81,15,0.23,0.17,1
2026-05-26,US,marketplace,Millet snacks,Food,27.03,0.47,0.8,15,0.23,0.17,1
2026-05-26,US,news,Millet snacks,Food,14.86,0.41,0.79,15,0.23,0.17,1
2026-05-26,US,search,Portable blender,Home,27.78,0.28,0.47,16,0.28,0.21,1
2026-05-26,US,reddit,Portable blender,Home,20.26,0.31,0.48,16,0.28,0.21,1
2026-05-26,US,youtube,Portable blender,Home,36.13,0.33,0.44,16,0.28,0.21,1
2026-05-26,US,marketplace,Portable blender,Home,23.7,0.26,0.5,16,0.28,0.21,1
2026-05-26,US,news,Portable blender,Home,14.64,0.3,0.51,16,0.28,0.21,1
2026-05-26,GB,search,Waterless skincare,Beauty,33.28,0.55,0.72,15,0.23,0.17,1
2026-05-26,GB,reddit,Waterless skincare,Beauty,25.08,0.5,0.69,15,0.23,0.17,1
2026-05-26,GB,youtube,Waterless skincare,Beauty,45.01,0.54,0.69,15,0.23,0.17,1
2026-05-26,GB,marketplace,Waterless skincare,Beauty,28.71,0.53,0.71,15,0.23,0.17,1
2026-05-26,GB,news,Waterless skincare,Beauty,17.86,0.48,0.76,15,0.23,0.17,1
2026-05-26,GB,search,Smart hydration bottle,Electronics,27.05,0.51,0.71,15,0.23,0.17,1
2026-05-26,GB,reddit,Smart hydration bottle,Electronics,21.3,0.47,0.7,15,0.23,0.17,1
2026-05-26,GB,youtube,Smart hydration bottle,Electronics,38.68,0.51,0.68,15,0.23,0.17,1
2026-05-26,GB,marketplace,Smart hydration bottle,Electronics,25.51,0.42,0.71,15,0.23,0.17,1
2026-05-26,GB,news,Smart hydration bottle,Electronics,16.92,0.43,0.73,15,0.23,0.17,1
2026-05-26,GB,search,Walking pad,Fitness,30.9,0.38,0.56,16,0.28,0.21,1
2026-05-26,GB,reddit,Walking pad,Fitness,24.1,0.41,0.6,16,0.28,0.21,1
2026-05-26,GB,youtube,Walking pad,Fitness,40.96,0.35,0.55,16,0.28,0.21,1
2026-05-26,GB,marketplace,Walking pad,Fitness,27.25,0.32,0.56,16,0.28,0.21,1
2026-05-26,GB,news,Walking pad,Fitness,17.29,0.41,0.51,16,0.28,0.21,1
2026-05-26,GB,search,Millet snacks,Food,26.94,0.45,0.71,15,0.23,0.17,1
2026-05-26,GB,reddit,Millet snacks,Food,21.95,0.44,0.73,15,0.23,0.17,1
2026-05-26,GB,youtube,Millet snacks,Food,36.18,0.49,0.74,15,0.23,0.17,1
2026-05-26,GB,marketplace,Millet snacks,Food,24.7,0.46,0.72,15,0.23,0.17,1
2026-05-26,GB,news,Millet snacks,Food,14.71,0.44,0.73,15,0.23,0.17,1
2026-05-26,GB,search,Portable blender,Home,27.96,0.28,0.45,16,0.28,0.21,1
2026-05-26,GB,reddit,Portable blender,Home,18.88,0.3,0.48,16,0.28,0.21,1
2026-05-26,GB,youtube,Portable blender,Home,33.77,0.35,0.52,16,0.28,0.21,1
2026-05-26,GB,marketplace,Portable blender,Home,22.72,0.26,0.47,16,0.28,0.21,1
2026-05-26,GB,news,Portable blender,Home,15.07,0.29,0.49,16,0.28,0.21,1
2026-05-26,EU,search,Waterless skincare,Beauty,36.07,0.53,0.72,15,0.23,0.17,1
2026-05-26,EU,reddit,Waterless skincare,Beauty,26.14,0.49,0.67,15,0.23,0.17,1
2026-05-26,EU,youtube,Waterless skincare,Beauty,43.58,0.47,0.71,15,0.23,0.17,1
2026-05-26,EU,marketplace,Waterless skincare,Beauty,31.9,0.52,0.76,15,0.23,0.17,1
2026-05-26,EU,news,Waterless skincare,Beauty,19.68,0.52,0.73,15,0.23,0.17,1
2026-05-26,EU,search,Smart hydration bottle,Electronics,29.64,0.45,0.72,15,0.23,0.17,1
2026-05-26,EU,reddit,Smart hydration bottle,Electronics,21.38,0.5,0.7,15,0.23,0.17,1
2026-05-26,EU,youtube,Smart hydration bottle,Electronics,37.63,0.49,0.71,15,0.23,0.17,1
2026-05-26,EU,marketplace,Smart hydration bottle,Electronics,24.64,0.44,0.72,15,0.23,0.17,1
2026-05-26,EU,news,Smart hydration bottle,Electronics,16.29,0.47,0.72,15,0.23,0.17,1
2026-05-26,EU,search,Walking pad,Fitness,26.15,0.38,0.54,16,0.28,0.21,1
2026-05-26,EU,reddit,Walking pad,Fitness,21.8,0.34,0.59,16,0.28,0.21,1
2026-05-26,EU,youtube,Walking pad,Fitness,35.77,0.38,0.53,16,0.28,0.21,1
2026-05-26,EU,marketplace,Walking pad,Fitness,26.06,0.39,0.57,16,0.28,0.21,1
2026-05-26,EU,news,Walking pad,Fitness,14.45,0.37,0.6,16,0.28,0.21,1
2026-05-26,EU,search,Millet snacks,Food,28.44,0.5,0.72,15,0.23,0.17,1
2026-05-26,EU,reddit,Millet snacks,Food,20.0,0.47,0.74,15,0.23,0.17,1
2026-05-26,EU,youtube,Millet snacks,Food,37.84,0.41,0.76,15,0.23,0.17,1
2026-05-26,EU,marketplace,Millet snacks,Food,25.27,0.39,0.78,15,0.23,0.17,1
2026-05-26,EU,news,Millet snacks,Food,16.07,0.42,0.78,15,0.23,0.17,1
2026-05-26,EU,search,Portable blender,Home,30.12,0.28,0.43,16,0.28,0.21,1
2026-05-26,EU,reddit,Portable blender,Home,20.36,0.35,0.46,16,0.28,0.21,1
2026-05-26,EU,youtube,Portable blender,Home,40.08,0.29,0.44,16,0.28,0.21,1
2026-05-26,EU,marketplace,Portable blender,Home,26.0,0.26,0.53,16,0.28,0.21,1
2026-05-26,EU,news,Portable blender,Home,14.98,0.33,0.51,16,0.28,0.21,1
2026-05-26,IN,search,Waterless skincare,Beauty,33.15,0.46,0.68,15,0.23,0.17,1
2026-05-26,IN,reddit,Waterless skincare,Beauty,25.31,0.52,0.71,15,0.23,0.17,1
2026-05-26,IN,youtube,Waterless skincare,Beauty,44.14,0.55,0.74,15,0.23,0.17,1
2026-05-26,IN,marketplace,Waterless skincare,Beauty,29.76,0.5,0.69,15,0.23,0.17,1
2026-05-26,IN,news,Waterless skincare,Beauty,17.87,0.54,0.69,15,0.23,0.17,1
2026-05-26,IN,search,Smart hydration bottle,Electronics,30.23,0.52,0.71,15,0.23,0.17,1
2026-05-26,IN,reddit,Smart hydration bottle,Electronics,22.5,0.5,0.72,15,0.23,0.17,1
2026-05-26,IN,youtube,Smart hydration bottle,Electronics,39.1,0.45,0.64,15,0.23,0.17,1
2026-05-26,IN,marketplace,Smart hydration bottle,Electronics,24.64,0.51,0.71,15,0.23,0.17,1
2026-05-26,IN,news,Smart hydration bottle,Electronics,17.15,0.46,0.65,15,0.23,0.17,1
2026-05-26,IN,search,Walking pad,Fitness,26.11,0.36,0.6,16,0.28,0.21,1
2026-05-26,IN,reddit,Walking pad,Fitness,20.29,0.33,0.57,16,0.28,0.21,1
2026-05-26,IN,youtube,Walking pad,Fitness,35.92,0.41,0.58,16,0.28,0.21,1
2026-05-26,IN,marketplace,Walking pad,Fitness,26.07,0.33,0.52,16,0.28,0.21,1
2026-05-26,IN,news,Walking pad,Fitness,15.05,0.32,0.53,16,0.28,0.21,1
2026-05-26,IN,search,Millet snacks,Food,37.2,0.4,0.73,15,0.23,0.17,1
2026-05-26,IN,reddit,Millet snacks,Food,27.82,0.49,0.72,15,0.23,0.17,1
2026-05-26,IN,youtube,Millet snacks,Food,47.79,0.42,0.73,15,0.23,0.17,1
2026-05-26,IN,marketplace,Millet snacks,Food,32.74,0.42,0.75,15,0.23,0.17,1
2026-05-26,IN,news,Millet snacks,Food,20.17,0.39,0.79,15,0.23,0.17,1
2026-05-26,IN,search,Portable blender,Home,27.24,0.28,0.44,16,0.28,0.21,1
2026-05-26,IN,reddit,Portable blender,Home,19.22,0.27,0.49,16,0.28,0.21,1
2026-05-26,IN,youtube,Portable blender,Home,38.45,0.25,0.48,16,0.28,0.21,1
2026-05-26,IN,marketplace,Portable blender,Home,25.66,0.34,0.45,16,0.28,0.21,1
2026-05-26,IN,news,Portable blender,Home,15.62,0.31,0.53,16,0.28,0.21,1
2026-05-27,US,search,Waterless skincare,Beauty,31.22,0.54,0.77,15,0.23,0.17,1
2026-05-27,US,reddit,Waterless skincare,Beauty,23.41,0.5,0.73,15,0.23,0.17,1
2026-05-27,US,youtube,Waterless skincare,Beauty,43.23,0.5,0.76,15,0.23,0.17,1
2026-05-27,US,marketplace,Waterless skincare,Beauty,27.28,0.5,0.73,15,0.23,0.17,1
2026-05-27,US,news,Waterless skincare,Beauty,16.91,0.51,0.73,15,0.23,0.17,1
2026-05-27,US,search,Smart hydration bottle,Electronics,33.49,0.49,0.73,15,0.23,0.17,1
2026-05-27,US,reddit,Smart hydration bottle,Electronics,25.12,0.49,0.72,15,0.23,0.17,1
2026-05-27,US,youtube,Smart hydration bottle,Electronics,45.72,0.5,0.71,15,0.23,0.17,1
2026-05-27,US,marketplace,Smart hydration bottle,Electronics,31.84,0.42,0.67,15,0.23,0.17,1
2026-05-27,US,news,Smart hydration bottle,Electronics,18.59,0.43,0.65,15,0.23,0.17,1
2026-05-27,US,search,Walking pad,Fitness,28.88,0.42,0.56,16,0.28,0.21,1
2026-05-27,US,reddit,Walking pad,Fitness,24.6,0.4,0.53,16,0.28,0.21,1
2026-05-27,US,youtube,Walking pad,Fitness,40.39,0.38,0.58,16,0.28,0.21,1
2026-05-27,US,marketplace,Walking pad,Fitness,27.87,0.42,0.56,16,0.28,0.21,1
2026-05-27,US,news,Walking pad,Fitness,16.48,0.31,0.58,16,0.28,0.21,1
2026-05-27,US,search,Millet snacks,Food,28.13,0.41,0.76,15,0.23,0.17,1
2026-05-27,US,reddit,Millet snacks,Food,22.84,0.46,0.73,15,0.23,0.17,1
2026-05-27,US,youtube,Millet snacks,Food,39.92,0.47,0.77,15,0.23,0.17,1
2026-05-27,US,marketplace,Millet snacks,Food,25.5,0.42,0.75,15,0.23,0.17,1
2026-05-27,US,news,Millet snacks,Food,14.75,0.48,0.72,15,0.23,0.17,1
2026-05-27,US,search,Portable blender,Home,25.32,0.31,0.44,16,0.28,0.21,1
2026-05-27,US,reddit,Portable blender,Home,19.02,0.25,0.49,16,0.28,0.21,1
2026-05-27,US,youtube,Portable blender,Home,37.38,0.35,0.45,16,0.28,0.21,1
2026-05-27,US,marketplace,Portable blender,Home,22.41,0.32,0.46,16,0.28,0.21,1
2026-05-27,US,news,Portable blender,Home,15.01,0.26,0.45,16,0.28,0.21,1
2026-05-27,GB,search,Waterless skincare,Beauty,30.84,0.49,0.71,15,0.23,0.17,1
2026-05-27,GB,reddit,Waterless skincare,Beauty,24.42,0.49,0.75,15,0.23,0.17,1
2026-05-27,GB,youtube,Waterless skincare,Beauty,40.61,0.58,0.71,15,0.23,0.17,1
2026-05-27,GB,marketplace,Waterless skincare,Beauty,27.42,0.51,0.72,15,0.23,0.17,1
2026-05-27,GB,news,Waterless skincare,Beauty,18.16,0.55,0.75,15,0.23,0.17,1
2026-05-27,GB,search,Smart hydration bottle,Electronics,30.05,0.42,0.67,15,0.23,0.17,1
2026-05-27,GB,reddit,Smart hydration bottle,Electronics,22.72,0.51,0.72,15,0.23,0.17,1
2026-05-27,GB,youtube,Smart hydration bottle,Electronics,39.49,0.43,0.7,15,0.23,0.17,1
2026-05-27,GB,marketplace,Smart hydration bottle,Electronics,25.1,0.47,0.68,15,0.23,0.17,1
2026-05-27,GB,news,Smart hydration bottle,Electronics,15.6,0.49,0.64,15,0.23,0.17,1
2026-05-27,GB,search,Walking pad,Fitness,29.79,0.36,0.52,16,0.28,0.21,1
2026-05-27,GB,reddit,Walking pad,Fitness,22.52,0.31,0.55,16,0.28,0.21,1
2026-05-27,GB,youtube,Walking pad,Fitness,43.71,0.37,0.59,16,0.28,0.21,1
2026-05-27,GB,marketplace,Walking pad,Fitness,29.99,0.42,0.54,16,0.28,0.21,1
2026-05-27,GB,news,Walking pad,Fitness,17.24,0.38,0.56,16,0.28,0.21,1
2026-05-27,GB,search,Millet snacks,Food,27.95,0.38,0.8,15,0.23,0.17,1
2026-05-27,GB,reddit,Millet snacks,Food,20.89,0.45,0.73,15,0.23,0.17,1
2026-05-27,GB,youtube,Millet snacks,Food,37.89,0.41,0.8,15,0.23,0.17,1
2026-05-27,GB,marketplace,Millet snacks,Food,26.28,0.44,0.76,15,0.23,0.17,1
2026-05-27,GB,news,Millet snacks,Food,15.99,0.46,0.78,15,0.23,0.17,1
2026-05-27,GB,search,Portable blender,Home,27.94,0.32,0.45,16,0.28,0.21,1
2026-05-27,GB,reddit,Portable blender,Home,18.49,0.33,0.49,16,0.28,0.21,1
2026-05-27,GB,youtube,Portable blender,Home,36.47,0.32,0.49,16,0.28,0.21,1
2026-05-27,GB,marketplace,Portable blender,Home,22.94,0.29,0.5,16,0.28,0.21,1
2026-05-27,GB,news,Portable blender,Home,14.0,0.31,0.53,16,0.28,0.21,1
2026-05-27,EU,search,Waterless skincare,Beauty,35.41,0.46,0.75,15,0.23,0.17,1
2026-05-27,EU,reddit,Waterless skincare,Beauty,25.86,0.57,0.71,15,0.23,0.17,1
2026-05-27,EU,youtube,Waterless skincare,Beauty,46.18,0.57,0.72,15,0.23,0.17,1
2026-05-27,EU,marketplace,Waterless skincare,Beauty,29.09,0.51,0.75,15,0.23,0.17,1
2026-05-27,EU,news,Waterless skincare,Beauty,17.95,0.5,0.77,15,0.23,0.17,1
2026-05-27,EU,search,Smart hydration bottle,Electronics,29.14,0.46,0.66,15,0.23,0.17,1
2026-05-27,EU,reddit,Smart hydration bottle,Electronics,21.12,0.52,0.7,15,0.23,0.17,1
2026-05-27,EU,youtube,Smart hydration bottle,Electronics,36.27,0.49,0.71,15,0.23,0.17,1
2026-05-27,EU,marketplace,Smart hydration bottle,Electronics,25.1,0.43,0.7,15,0.23,0.17,1
2026-05-27,EU,news,Smart hydration bottle,Electronics,16.62,0.46,0.66,15,0.23,0.17,1
2026-05-27,EU,search,Walking pad,Fitness,28.98,0.4,0.5,16,0.28,0.21,1
2026-05-27,EU,reddit,Walking pad,Fitness,19.12,0.39,0.55,16,0.28,0.21,1
2026-05-27,EU,youtube,Walking pad,Fitness,37.42,0.39,0.52,16,0.28,0.21,1
2026-05-27,EU,marketplace,Walking pad,Fitness,23.99,0.39,0.52,16,0.28,0.21,1
2026-05-27,EU,news,Walking pad,Fitness,14.26,0.42,0.55,16,0.28,0.21,1
2026-05-27,EU,search,Millet snacks,Food,29.26,0.4,0.72,15,0.23,0.17,1
2026-05-27,EU,reddit,Millet snacks,Food,20.09,0.47,0.74,15,0.23,0.17,1
2026-05-27,EU,youtube,Millet snacks,Food,39.97,0.43,0.77,15,0.23,0.17,1
2026-05-27,EU,marketplace,Millet snacks,Food,25.67,0.48,0.73,15,0.23,0.17,1
2026-05-27,EU,news,Millet snacks,Food,14.97,0.42,0.74,15,0.23,0.17,1
2026-05-27,EU,search,Portable blender,Home,27.79,0.31,0.48,16,0.28,0.21,1
2026-05-27,EU,reddit,Portable blender,Home,21.83,0.25,0.44,16,0.28,0.21,1
2026-05-27,EU,youtube,Portable blender,Home,39.71,0.24,0.49,16,0.28,0.21,1
2026-05-27,EU,marketplace,Portable blender,Home,27.32,0.25,0.48,16,0.28,0.21,1
2026-05-27,EU,news,Portable blender,Home,14.55,0.31,0.53,16,0.28,0.21,1
2026-05-27,IN,search,Waterless skincare,Beauty,35.84,0.57,0.72,15,0.23,0.17,1
2026-05-27,IN,reddit,Waterless skincare,Beauty,25.34,0.51,0.71,15,0.23,0.17,1
2026-05-27,IN,youtube,Waterless skincare,Beauty,49.22,0.58,0.75,15,0.23,0.17,1
2026-05-27,IN,marketplace,Waterless skincare,Beauty,33.04,0.54,0.71,15,0.23,0.17,1
2026-05-27,IN,news,Waterless skincare,Beauty,17.84,0.5,0.7,15,0.23,0.17,1
2026-05-27,IN,search,Smart hydration bottle,Electronics,27.6,0.47,0.7,15,0.23,0.17,1
2026-05-27,IN,reddit,Smart hydration bottle,Electronics,22.62,0.52,0.64,15,0.23,0.17,1
2026-05-27,IN,youtube,Smart hydration bottle,Electronics,40.03,0.52,0.66,15,0.23,0.17,1
2026-05-27,IN,marketplace,Smart hydration bottle,Electronics,27.05,0.51,0.67,15,0.23,0.17,1
2026-05-27,IN,news,Smart hydration bottle,Electronics,16.35,0.49,0.68,15,0.23,0.17,1
2026-05-27,IN,search,Walking pad,Fitness,27.13,0.33,0.6,16,0.28,0.21,1
2026-05-27,IN,reddit,Walking pad,Fitness,21.91,0.4,0.5,16,0.28,0.21,1
2026-05-27,IN,youtube,Walking pad,Fitness,36.34,0.31,0.58,16,0.28,0.21,1
2026-05-27,IN,marketplace,Walking pad,Fitness,24.11,0.36,0.56,16,0.28,0.21,1
2026-05-27,IN,news,Walking pad,Fitness,14.89,0.38,0.51,16,0.28,0.21,1
2026-05-27,IN,search,Millet snacks,Food,36.25,0.49,0.8,15,0.23,0.17,1
2026-05-27,IN,reddit,Millet snacks,Food,29.34,0.48,0.8,15,0.23,0.17,1
2026-05-27,IN,youtube,Millet snacks,Food,51.06,0.41,0.73,15,0.23,0.17,1
2026-05-27,IN,marketplace,Millet snacks,Food,31.31,0.44,0.77,15,0.23,0.17,1
2026-05-27,IN,news,Millet snacks,Food,21.15,0.44,0.72,15,0.23,0.17,1
2026-05-27,IN,search,Portable blender,Home,27.52,0.27,0.5,16,0.28,0.21,1
2026-05-27,IN,reddit,Portable blender,Home,19.95,0.34,0.45,16,0.28,0.21,1
2026-05-27,IN,youtube,Portable blender,Home,35.4,0.25,0.5,16,0.28,0.21,1
2026-05-27,IN,marketplace,Portable blender,Home,22.92,0.26,0.51,16,0.28,0.21,1
2026-05-27,IN,news,Portable blender,Home,14.86,0.25,0.47,16,0.28,0.21,1
2026-05-28,US,search,Waterless skincare,Beauty,31.18,0.48,0.76,15,0.23,0.18,1
2026-05-28,US,reddit,Waterless skincare,Beauty,23.98,0.55,0.69,15,0.23,0.18,1
2026-05-28,US,youtube,Waterless skincare,Beauty,39.47,0.52,0.76,15,0.23,0.18,1
2026-05-28,US,marketplace,Waterless skincare,Beauty,25.8,0.48,0.72,15,0.23,0.18,1
2026-05-28,US,news,Waterless skincare,Beauty,17.17,0.47,0.74,15,0.23,0.18,1
2026-05-28,US,search,Smart hydration bottle,Electronics,36.42,0.53,0.71,15,0.23,0.18,1
2026-05-28,US,reddit,Smart hydration bottle,Electronics,26.33,0.49,0.67,15,0.23,0.18,1
2026-05-28,US,youtube,Smart hydration bottle,Electronics,48.15,0.5,0.67,15,0.23,0.18,1
2026-05-28,US,marketplace,Smart hydration bottle,Electronics,31.77,0.48,0.72,15,0.23,0.18,1
2026-05-28,US,news,Smart hydration bottle,Electronics,19.86,0.44,0.64,15,0.23,0.18,1
2026-05-28,US,search,Walking pad,Fitness,28.88,0.32,0.57,16,0.29,0.22,1
2026-05-28,US,reddit,Walking pad,Fitness,24.39,0.4,0.51,16,0.29,0.22,1
2026-05-28,US,youtube,Walking pad,Fitness,40.61,0.41,0.6,16,0.29,0.22,1
2026-05-28,US,marketplace,Walking pad,Fitness,27.88,0.31,0.51,16,0.29,0.22,1
2026-05-28,US,news,Walking pad,Fitness,16.94,0.41,0.6,16,0.29,0.22,1
2026-05-28,US,search,Millet snacks,Food,27.92,0.42,0.78,15,0.23,0.18,1
2026-05-28,US,reddit,Millet snacks,Food,22.37,0.44,0.77,15,0.23,0.18,1
2026-05-28,US,youtube,Millet snacks,Food,37.16,0.43,0.76,15,0.23,0.18,1
2026-05-28,US,marketplace,Millet snacks,Food,25.63,0.4,0.8,15,0.23,0.18,1
2026-05-28,US,news,Millet snacks,Food,16.49,0.44,0.76,15,0.23,0.18,1
2026-05-28,US,search,Portable blender,Home,26.6,0.25,0.5,16,0.29,0.22,1
2026-05-28,US,reddit,Portable blender,Home,20.5,0.32,0.49,16,0.29,0.22,1
2026-05-28,US,youtube,Portable blender,Home,34.46,0.35,0.44,16,0.29,0.22,1
2026-05-28,US,marketplace,Portable blender,Home,25.25,0.32,0.48,16,0.29,0.22,1
2026-05-28,US,news,Portable blender,Home,15.09,0.29,0.5,16,0.29,0.22,1
2026-05-28,GB,search,Waterless skincare,Beauty,31.27,0.58,0.7,15,0.23,0.18,1
2026-05-28,GB,reddit,Waterless skincare,Beauty,24.96,0.49,0.74,15,0.23,0.18,1
2026-05-28,GB,youtube,Waterless skincare,Beauty,44.82,0.54,0.68,15,0.23,0.18,1
2026-05-28,GB,marketplace,Waterless skincare,Beauty,30.1,0.48,0.72,15,0.23,0.18,1
2026-05-28,GB,news,Waterless skincare,Beauty,17.24,0.58,0.74,15,0.23,0.18,1
2026-05-28,GB,search,Smart hydration bottle,Electronics,30.11,0.53,0.68,15,0.23,0.18,1
2026-05-28,GB,reddit,Smart hydration bottle,Electronics,21.04,0.5,0.73,15,0.23,0.18,1
2026-05-28,GB,youtube,Smart hydration bottle,Electronics,40.16,0.46,0.68,15,0.23,0.18,1
2026-05-28,GB,marketplace,Smart hydration bottle,Electronics,25.06,0.5,0.65,15,0.23,0.18,1
2026-05-28,GB,news,Smart hydration bottle,Electronics,16.58,0.46,0.64,15,0.23,0.18,1
2026-05-28,GB,search,Walking pad,Fitness,32.25,0.38,0.58,16,0.29,0.22,1
2026-05-28,GB,reddit,Walking pad,Fitness,24.51,0.39,0.55,16,0.29,0.22,1
2026-05-28,GB,youtube,Walking pad,Fitness,40.07,0.32,0.57,16,0.29,0.22,1
2026-05-28,GB,marketplace,Walking pad,Fitness,27.22,0.32,0.52,16,0.29,0.22,1
2026-05-28,GB,news,Walking pad,Fitness,17.73,0.4,0.5,16,0.29,0.22,1
2026-05-28,GB,search,Millet snacks,Food,29.03,0.45,0.78,15,0.23,0.18,1
2026-05-28,GB,reddit,Millet snacks,Food,22.55,0.4,0.81,15,0.23,0.18,1
2026-05-28,GB,youtube,Millet snacks,Food,37.61,0.48,0.8,15,0.23,0.18,1
2026-05-28,GB,marketplace,Millet snacks,Food,23.9,0.5,0.73,15,0.23,0.18,1
2026-05-28,GB,news,Millet snacks,Food,14.51,0.5,0.78,15,0.23,0.18,1
2026-05-28,GB,search,Portable blender,Home,26.47,0.35,0.49,16,0.29,0.22,1
2026-05-28,GB,reddit,Portable blender,Home,19.34,0.24,0.45,16,0.29,0.22,1
2026-05-28,GB,youtube,Portable blender,Home,35.22,0.32,0.53,16,0.29,0.22,1
2026-05-28,GB,marketplace,Portable blender,Home,24.02,0.28,0.5,16,0.29,0.22,1
2026-05-28,GB,news,Portable blender,Home,14.97,0.31,0.51,16,0.29,0.22,1
2026-05-28,EU,search,Waterless skincare,Beauty,35.37,0.54,0.7,15,0.23,0.18,1
2026-05-28,EU,reddit,Waterless skincare,Beauty,25.78,0.5,0.68,15,0.23,0.18,1
2026-05-28,EU,youtube,Waterless skincare,Beauty,42.77,0.52,0.74,15,0.23,0.18,1
2026-05-28,EU,marketplace,Waterless skincare,Beauty,30.32,0.46,0.73,15,0.23,0.18,1
2026-05-28,EU,news,Waterless skincare,Beauty,18.69,0.49,0.74,15,0.23,0.18,1
2026-05-28,EU,search,Smart hydration bottle,Electronics,29.52,0.44,0.68,15,0.23,0.18,1
2026-05-28,EU,reddit,Smart hydration bottle,Electronics,21.69,0.47,0.69,15,0.23,0.18,1
2026-05-28,EU,youtube,Smart hydration bottle,Electronics,36.13,0.42,0.72,15,0.23,0.18,1
2026-05-28,EU,marketplace,Smart hydration bottle,Electronics,26.57,0.44,0.71,15,0.23,0.18,1
2026-05-28,EU,news,Smart hydration bottle,Electronics,14.55,0.48,0.68,15,0.23,0.18,1
2026-05-28,EU,search,Walking pad,Fitness,28.1,0.37,0.55,16,0.29,0.22,1
2026-05-28,EU,reddit,Walking pad,Fitness,20.43,0.39,0.58,16,0.29,0.22,1
2026-05-28,EU,youtube,Walking pad,Fitness,34.44,0.4,0.6,16,0.29,0.22,1
2026-05-28,EU,marketplace,Walking pad,Fitness,25.58,0.33,0.56,16,0.29,0.22,1
2026-05-28,EU,news,Walking pad,Fitness,14.15,0.37,0.58,16,0.29,0.22,1
2026-05-28,EU,search,Millet snacks,Food,26.39,0.39,0.73,15,0.23,0.18,1
2026-05-28,EU,reddit,Millet snacks,Food,19.9,0.45,0.8,15,0.23,0.18,1
2026-05-28,EU,youtube,Millet snacks,Food,35.16,0.5,0.76,15,0.23,0.18,1
2026-05-28,EU,marketplace,Millet snacks,Food,24.59,0.44,0.75,15,0.23,0.18,1
2026-05-28,EU,news,Millet snacks,Food,16.28,0.38,0.74,15,0.23,0.18,1
2026-05-28,EU,search,Portable blender,Home,29.92,0.3,0.51,16,0.29,0.22,1
2026-05-28,EU,reddit,Portable blender,Home,21.59,0.29,0.49,16,0.29,0.22,1
2026-05-28,EU,youtube,Portable blender,Home,39.06,0.3,0.53,16,0.29,0.22,1
2026-05-28,EU,marketplace,Portable blender,Home,24.82,0.3,0.45,16,0.29,0.22,1
2026-05-28,EU,news,Portable blender,Home,14.62,0.33,0.45,16,0.29,0.22,1
2026-05-28,IN,search,Waterless skincare,Beauty,32.92,0.5,0.75,15,0.23,0.18,1
2026-05-28,IN,reddit,Waterless skincare,Beauty,27.47,0.53,0.69,15,0.23,0.18,1
2026-05-28,IN,youtube,Waterless skincare,Beauty,45.56,0.48,0.73,15,0.23,0.18,1
2026-05-28,IN,marketplace,Waterless skincare,Beauty,29.14,0.49,0.71,15,0.23,0.18,1
2026-05-28,IN,news,Waterless skincare,Beauty,20.01,0.51,0.68,15,0.23,0.18,1
2026-05-28,IN,search,Smart hydration bottle,Electronics,28.08,0.47,0.7,15,0.23,0.18,1
2026-05-28,IN,reddit,Smart hydration bottle,Electronics,21.92,0.42,0.7,15,0.23,0.18,1
2026-05-28,IN,youtube,Smart hydration bottle,Electronics,41.98,0.5,0.65,15,0.23,0.18,1
2026-05-28,IN,marketplace,Smart hydration bottle,Electronics,25.7,0.49,0.71,15,0.23,0.18,1
2026-05-28,IN,news,Smart hydration bottle,Electronics,16.23,0.47,0.65,15,0.23,0.18,1
2026-05-28,IN,search,Walking pad,Fitness,29.13,0.36,0.5,16,0.29,0.22,1
2026-05-28,IN,reddit,Walking pad,Fitness,20.74,0.32,0.51,16,0.29,0.22,1
2026-05-28,IN,youtube,Walking pad,Fitness,34.78,0.37,0.51,16,0.29,0.22,1
2026-05-28,IN,marketplace,Walking pad,Fitness,25.01,0.35,0.53,16,0.29,0.22,1
2026-05-28,IN,news,Walking pad,Fitness,14.51,0.41,0.52,16,0.29,0.22,1
2026-05-28,IN,search,Millet snacks,Food,33.9,0.42,0.81,15,0.23,0.18,1
2026-05-28,IN,reddit,Millet snacks,Food,26.84,0.39,0.8,15,0.23,0.18,1
2026-05-28,IN,youtube,Millet snacks,Food,46.91,0.47,0.74,15,0.23,0.18,1
2026-05-28,IN,marketplace,Millet snacks,Food,34.23,0.44,0.76,15,0.23,0.18,1
2026-05-28,IN,news,Millet snacks,Food,20.58,0.48,0.77,15,0.23,0.18,1
2026-05-28,IN,search,Portable blender,Home,26.58,0.34,0.45,16,0.29,0.22,1
2026-05-28,IN,reddit,Portable blender,Home,20.87,0.28,0.46,16,0.29,0.22,1
2026-05-28,IN,youtube,Portable blender,Home,36.55,0.35,0.48,16,0.29,0.22,1
2026-05-28,IN,marketplace,Portable blender,Home,23.88,0.34,0.48,16,0.29,0.22,1
2026-05-28,IN,news,Portable blender,Home,13.65,0.24,0.48,16,0.29,0.22,1
2026-05-29,US,search,Waterless skincare,Beauty,28.72,0.48,0.71,15,0.24,0.18,1
2026-05-29,US,reddit,Waterless skincare,Beauty,23.37,0.47,0.74,15,0.24,0.18,1
2026-05-29,US,youtube,Waterless skincare,Beauty,43.44,0.54,0.69,15,0.24,0.18,1
2026-05-29,US,marketplace,Waterless skincare,Beauty,27.57,0.54,0.69,15,0.24,0.18,1
2026-05-29,US,news,Waterless skincare,Beauty,17.72,0.56,0.72,15,0.24,0.18,1
2026-05-29,US,search,Smart hydration bottle,Electronics,33.39,0.47,0.72,15,0.24,0.18,1
2026-05-29,US,reddit,Smart hydration bottle,Electronics,27.23,0.51,0.66,15,0.24,0.18,1
2026-05-29,US,youtube,Smart hydration bottle,Electronics,48.87,0.53,0.67,15,0.24,0.18,1
2026-05-29,US,marketplace,Smart hydration bottle,Electronics,30.21,0.43,0.64,15,0.24,0.18,1
2026-05-29,US,news,Smart hydration bottle,Electronics,19.57,0.53,0.65,15,0.24,0.18,1
2026-05-29,US,search,Walking pad,Fitness,28.56,0.4,0.56,16,0.29,0.22,1
2026-05-29,US,reddit,Walking pad,Fitness,22.81,0.41,0.6,16,0.29,0.22,1
2026-05-29,US,youtube,Walking pad,Fitness,40.67,0.37,0.57,16,0.29,0.22,1
2026-05-29,US,marketplace,Walking pad,Fitness,27.33,0.37,0.6,16,0.29,0.22,1
2026-05-29,US,news,Walking pad,Fitness,17.66,0.39,0.54,16,0.29,0.22,1
2026-05-29,US,search,Millet snacks,Food,28.96,0.49,0.78,15,0.24,0.18,1
2026-05-29,US,reddit,Millet snacks,Food,22.01,0.46,0.78,15,0.24,0.18,1
2026-05-29,US,youtube,Millet snacks,Food,37.09,0.47,0.81,15,0.24,0.18,1
2026-05-29,US,marketplace,Millet snacks,Food,26.81,0.48,0.76,15,0.24,0.18,1
2026-05-29,US,news,Millet snacks,Food,15.91,0.45,0.81,15,0.24,0.18,1
2026-05-29,US,search,Portable blender,Home,26.66,0.34,0.48,16,0.29,0.22,1
2026-05-29,US,reddit,Portable blender,Home,18.77,0.24,0.51,16,0.29,0.22,1
2026-05-29,US,youtube,Portable blender,Home,35.2,0.35,0.47,16,0.29,0.22,1
2026-05-29,US,marketplace,Portable blender,Home,23.02,0.28,0.44,16,0.29,0.22,1
2026-05-29,US,news,Portable blender,Home,15.14,0.26,0.48,16,0.29,0.22,1
2026-05-29,GB,search,Waterless skincare,Beauty,32.9,0.47,0.7,15,0.24,0.18,1
2026-05-29,GB,reddit,Waterless skincare,Beauty,23.1,0.49,0.74,15,0.24,0.18,1
2026-05-29,GB,youtube,Waterless skincare,Beauty,43.23,0.49,0.7,15,0.24,0.18,1
2026-05-29,GB,marketplace,Waterless skincare,Beauty,30.28,0.54,0.75,15,0.24,0.18,1
2026-05-29,GB,news,Waterless skincare,Beauty,16.31,0.52,0.73,15,0.24,0.18,1
2026-05-29,GB,search,Smart hydration bottle,Electronics,28.54,0.46,0.69,15,0.24,0.18,1
2026-05-29,GB,reddit,Smart hydration bottle,Electronics,20.93,0.46,0.63,15,0.24,0.18,1
2026-05-29,GB,youtube,Smart hydration bottle,Electronics,40.7,0.44,0.67,15,0.24,0.18,1
2026-05-29,GB,marketplace,Smart hydration bottle,Electronics,24.29,0.47,0.64,15,0.24,0.18,1
2026-05-29,GB,news,Smart hydration bottle,Electronics,15.75,0.43,0.64,15,0.24,0.18,1
2026-05-29,GB,search,Walking pad,Fitness,30.89,0.33,0.57,16,0.29,0.22,1
2026-05-29,GB,reddit,Walking pad,Fitness,22.32,0.35,0.53,16,0.29,0.22,1
2026-05-29,GB,youtube,Walking pad,Fitness,41.36,0.33,0.58,16,0.29,0.22,1
2026-05-29,GB,marketplace,Walking pad,Fitness,26.33,0.36,0.58,16,0.29,0.22,1
2026-05-29,GB,news,Walking pad,Fitness,16.22,0.35,0.54,16,0.29,0.22,1
2026-05-29,GB,search,Millet snacks,Food,27.45,0.48,0.73,15,0.24,0.18,1
2026-05-29,GB,reddit,Millet snacks,Food,20.09,0.38,0.75,15,0.24,0.18,1
2026-05-29,GB,youtube,Millet snacks,Food,39.09,0.49,0.73,15,0.24,0.18,1
2026-05-29,GB,marketplace,Millet snacks,Food,24.14,0.44,0.78,15,0.24,0.18,1
2026-05-29,GB,news,Millet snacks,Food,14.9,0.43,0.77,15,0.24,0.18,1
2026-05-29,GB,search,Portable blender,Home,27.02,0.32,0.46,16,0.29,0.22,1
2026-05-29,GB,reddit,Portable blender,Home,20.17,0.34,0.48,16,0.29,0.22,1
2026-05-29,GB,youtube,Portable blender,Home,37.08,0.34,0.47,16,0.29,0.22,1
2026-05-29,GB,marketplace,Portable blender,Home,22.06,0.25,0.43,16,0.29,0.22,1
2026-05-29,GB,news,Portable blender,Home,13.57,0.3,0.51,16,0.29,0.22,1
2026-05-29,EU,search,Waterless skincare,Beauty,32.3,0.54,0.7,15,0.24,0.18,1
2026-05-29,EU,reddit,Waterless skincare,Beauty,26.83,0.55,0.71,15,0.24,0.18,1
2026-05-29,EU,youtube,Waterless skincare,Beauty,43.94,0.52,0.75,15,0.24,0.18,1
2026-05-29,EU,marketplace,Waterless skincare,Beauty,29.11,0.48,0.72,15,0.24,0.18,1
2026-05-29,EU,news,Waterless skincare,Beauty,17.8,0.55,0.76,15,0.24,0.18,1
2026-05-29,EU,search,Smart hydration bottle,Electronics,30.18,0.44,0.71,15,0.24,0.18,1
2026-05-29,EU,reddit,Smart hydration bottle,Electronics,20.28,0.5,0.71,15,0.24,0.18,1
2026-05-29,EU,youtube,Smart hydration bottle,Electronics,39.18,0.48,0.65,15,0.24,0.18,1
2026-05-29,EU,marketplace,Smart hydration bottle,Electronics,27.16,0.49,0.69,15,0.24,0.18,1
2026-05-29,EU,news,Smart hydration bottle,Electronics,14.94,0.43,0.63,15,0.24,0.18,1
2026-05-29,EU,search,Walking pad,Fitness,28.59,0.42,0.54,16,0.29,0.22,1
2026-05-29,EU,reddit,Walking pad,Fitness,20.39,0.32,0.51,16,0.29,0.22,1
2026-05-29,EU,youtube,Walking pad,Fitness,35.64,0.34,0.56,16,0.29,0.22,1
2026-05-29,EU,marketplace,Walking pad,Fitness,23.17,0.35,0.55,16,0.29,0.22,1
2026-05-29,EU,news,Walking pad,Fitness,14.73,0.38,0.53,16,0.29,0.22,1
2026-05-29,EU,search,Millet snacks,Food,26.82,0.41,0.75,15,0.24,0.18,1
2026-05-29,EU,reddit,Millet snacks,Food,20.55,0.42,0.71,15,0.24,0.18,1
2026-05-29,EU,youtube,Millet snacks,Food,35.01,0.39,0.78,15,0.24,0.18,1
2026-05-29,EU,marketplace,Millet snacks,Food,23.94,0.44,0.8,15,0.24,0.18,1
2026-05-29,EU,news,Millet snacks,Food,14.39,0.4,0.8,15,0.24,0.18,1
2026-05-29,EU,search,Portable blender,Home,27.41,0.27,0.44,16,0.29,0.22,1
2026-05-29,EU,reddit,Portable blender,Home,19.53,0.3,0.52,16,0.29,0.22,1
2026-05-29,EU,youtube,Portable blender,Home,36.83,0.32,0.47,16,0.29,0.22,1
2026-05-29,EU,marketplace,Portable blender,Home,26.13,0.3,0.47,16,0.29,0.22,1
2026-05-29,EU,news,Portable blender,Home,15.69,0.26,0.47,16,0.29,0.22,1
2026-05-29,IN,search,Waterless skincare,Beauty,36.18,0.48,0.74,15,0.24,0.18,1
2026-05-29,IN,reddit,Waterless skincare,Beauty,24.37,0.53,0.76,15,0.24,0.18,1
2026-05-29,IN,youtube,Waterless skincare,Beauty,47.33,0.48,0.74,15,0.24,0.18,1
2026-05-29,IN,marketplace,Waterless skincare,Beauty,32.73,0.47,0.72,15,0.24,0.18,1
2026-05-29,IN,news,Waterless skincare,Beauty,18.46,0.55,0.77,15,0.24,0.18,1
2026-05-29,IN,search,Smart hydration bottle,Electronics,27.75,0.5,0.63,15,0.24,0.18,1
2026-05-29,IN,reddit,Smart hydration bottle,Electronics,20.78,0.48,0.66,15,0.24,0.18,1
2026-05-29,IN,youtube,Smart hydration bottle,Electronics,41.16,0.52,0.72,15,0.24,0.18,1
2026-05-29,IN,marketplace,Smart hydration bottle,Electronics,27.8,0.52,0.67,15,0.24,0.18,1
2026-05-29,IN,news,Smart hydration bottle,Electronics,16.41,0.52,0.64,15,0.24,0.18,1
2026-05-29,IN,search,Walking pad,Fitness,26.77,0.42,0.55,16,0.29,0.22,1
2026-05-29,IN,reddit,Walking pad,Fitness,18.95,0.38,0.57,16,0.29,0.22,1
2026-05-29,IN,youtube,Walking pad,Fitness,34.65,0.31,0.56,16,0.29,0.22,1
2026-05-29,IN,marketplace,Walking pad,Fitness,25.37,0.39,0.57,16,0.29,0.22,1
2026-05-29,IN,news,Walking pad,Fitness,14.68,0.39,0.59,16,0.29,0.22,1
2026-05-29,IN,search,Millet snacks,Food,38.61,0.4,0.79,15,0.24,0.18,1
2026-05-29,IN,reddit,Millet snacks,Food,26.72,0.47,0.75,15,0.24,0.18,1
2026-05-29,IN,youtube,Millet snacks,Food,47.33,0.4,0.73,15,0.24,0.18,1
2026-05-29,IN,marketplace,Millet snacks,Food,31.31,0.46,0.8,15,0.24,0.18,1
2026-05-29,IN,news,Millet snacks,Food,20.73,0.43,0.78,15,0.24,0.18,1
2026-05-29,IN,search,Portable blender,Home,26.08,0.27,0.45,16,0.29,0.22,1
2026-05-29,IN,reddit,Portable blender,Home,20.06,0.3,0.45,16,0.29,0.22,1
2026-05-29,IN,youtube,Portable blender,Home,32.85,0.26,0.43,16,0.29,0.22,1
2026-05-29,IN,marketplace,Portable blender,Home,22.24,0.34,0.52,16,0.29,0.22,1
2026-05-29,IN,news,Portable blender,Home,13.83,0.33,0.49,16,0.29,0.22,1
2026-05-30,US,search,Waterless skincare,Beauty,29.06,0.56,0.72,15,0.24,0.18,1
2026-05-30,US,reddit,Waterless skincare,Beauty,21.01,0.5,0.73,15,0.24,0.18,1
2026-05-30,US,youtube,Waterless skincare,Beauty,39.91,0.47,0.74,15,0.24,0.18,1
2026-05-30,US,marketplace,Waterless skincare,Beauty,27.29,0.55,0.71,15,0.24,0.18,1
2026-05-30,US,news,Waterless skincare,Beauty,16.82,0.5,0.68,15,0.24,0.18,1
2026-05-30,US,search,Smart hydration bottle,Electronics,35.89,0.51,0.65,15,0.24,0.18,1
2026-05-30,US,reddit,Smart hydration bottle,Electronics,27.46,0.44,0.73,15,0.24,0.18,1
2026-05-30,US,youtube,Smart hydration bottle,Electronics,46.64,0.53,0.71,15,0.24,0.18,1
2026-05-30,US,marketplace,Smart hydration bottle,Electronics,32.15,0.43,0.7,15,0.24,0.18,1
2026-05-30,US,news,Smart hydration bottle,Electronics,18.59,0.49,0.72,15,0.24,0.18,1
2026-05-30,US,search,Walking pad,Fitness,30.86,0.37,0.58,16,0.3,0.22,1
2026-05-30,US,reddit,Walking pad,Fitness,21.83,0.34,0.56,16,0.3,0.22,1
2026-05-30,US,youtube,Walking pad,Fitness,42.65,0.4,0.52,16,0.3,0.22,1
2026-05-30,US,marketplace,Walking pad,Fitness,26.24,0.39,0.54,16,0.3,0.22,1
2026-05-30,US,news,Walking pad,Fitness,17.6,0.32,0.52,16,0.3,0.22,1
2026-05-30,US,search,Millet snacks,Food,27.14,0.48,0.73,15,0.24,0.18,1
2026-05-30,US,reddit,Millet snacks,Food,21.26,0.47,0.77,15,0.24,0.18,1
2026-05-30,US,youtube,Millet snacks,Food,35.76,0.4,0.73,15,0.24,0.18,1
2026-05-30,US,marketplace,Millet snacks,Food,25.17,0.45,0.72,15,0.24,0.18,1
2026-05-30,US,news,Millet snacks,Food,14.68,0.41,0.8,15,0.24,0.18,1
2026-05-30,US,search,Portable blender,Home,27.56,0.25,0.48,16,0.3,0.22,1
2026-05-30,US,reddit,Portable blender,Home,20.01,0.33,0.49,16,0.3,0.22,1
2026-05-30,US,youtube,Portable blender,Home,34.31,0.24,0.51,16,0.3,0.22,1
2026-05-30,US,marketplace,Portable blender,Home,24.13,0.31,0.43,16,0.3,0.22,1
2026-05-30,US,news,Portable blender,Home,13.72,0.25,0.44,16,0.3,0.22,1
2026-05-30,GB,search,Waterless skincare,Beauty,32.22,0.46,0.77,15,0.24,0.18,1
2026-05-30,GB,reddit,Waterless skincare,Beauty,25.26,0.47,0.74,15,0.24,0.18,1
2026-05-30,GB,youtube,Waterless skincare,Beauty,41.77,0.54,0.69,15,0.24,0.18,1
2026-05-30,GB,marketplace,Waterless skincare,Beauty,28.41,0.53,0.71,15,0.24,0.18,1
2026-05-30,GB,news,Waterless skincare,Beauty,16.59,0.5,0.69,15,0.24,0.18,1
2026-05-30,GB,search,Smart hydration bottle,Electronics,26.73,0.5,0.69,15,0.24,0.18,1
2026-05-30,GB,reddit,Smart hydration bottle,Electronics,20.25,0.51,0.64,15,0.24,0.18,1
2026-05-30,GB,youtube,Smart hydration bottle,Electronics,37.38,0.48,0.71,15,0.24,0.18,1
2026-05-30,GB,marketplace,Smart hydration bottle,Electronics,24.37,0.52,0.63,15,0.24,0.18,1
2026-05-30,GB,news,Smart hydration bottle,Electronics,15.52,0.43,0.7,15,0.24,0.18,1
2026-05-30,GB,search,Walking pad,Fitness,29.6,0.41,0.54,16,0.3,0.22,1
2026-05-30,GB,reddit,Walking pad,Fitness,24.33,0.41,0.51,16,0.3,0.22,1
2026-05-30,GB,youtube,Walking pad,Fitness,39.64,0.32,0.51,16,0.3,0.22,1
2026-05-30,GB,marketplace,Walking pad,Fitness,29.47,0.35,0.56,16,0.3,0.22,1
2026-05-30,GB,news,Walking pad,Fitness,16.03,0.42,0.59,16,0.3,0.22,1
2026-05-30,GB,search,Millet snacks,Food,29.44,0.45,0.73,15,0.24,0.18,1
2026-05-30,GB,reddit,Millet snacks,Food,21.01,0.45,0.78,15,0.24,0.18,1
2026-05-30,GB,youtube,Millet snacks,Food,35.81,0.46,0.74,15,0.24,0.18,1
2026-05-30,GB,marketplace,Millet snacks,Food,26.22,0.42,0.72,15,0.24,0.18,1
2026-05-30,GB,news,Millet snacks,Food,16.24,0.46,0.8,15,0.24,0.18,1
2026-05-30,GB,search,Portable blender,Home,26.88,0.32,0.44,16,0.3,0.22,1
2026-05-30,GB,reddit,Portable blender,Home,17.97,0.35,0.44,16,0.3,0.22,1
2026-05-30,GB,youtube,Portable blender,Home,35.53,0.27,0.47,16,0.3,0.22,1
2026-05-30,GB,marketplace,Portable blender,Home,23.9,0.33,0.48,16,0.3,0.22,1
2026-05-30,GB,news,Portable blender,Home,13.31,0.3,0.53,16,0.3,0.22,1
2026-05-30,EU,search,Waterless skincare,Beauty,32.43,0.47,0.77,15,0.24,0.18,1
2026-05-30,EU,reddit,Waterless skincare,Beauty,23.98,0.51,0.7,15,0.24,0.18,1
2026-05-30,EU,youtube,Waterless skincare,Beauty,44.69,0.54,0.71,15,0.24,0.18,1
2026-05-30,EU,marketplace,Waterless skincare,Beauty,31.36,0.5,0.75,15,0.24,0.18,1
2026-05-30,EU,news,Waterless skincare,Beauty,18.8,0.49,0.71,15,0.24,0.18,1
2026-05-30,EU,search,Smart hydration bottle,Electronics,28.13,0.48,0.68,15,0.24,0.18,1
2026-05-30,EU,reddit,Smart hydration bottle,Electronics,22.06,0.46,0.69,15,0.24,0.18,1
2026-05-30,EU,youtube,Smart hydration bottle,Electronics,37.57,0.48,0.7,15,0.24,0.18,1
2026-05-30,EU,marketplace,Smart hydration bottle,Electronics,26.21,0.5,0.65,15,0.24,0.18,1
2026-05-30,EU,news,Smart hydration bottle,Electronics,14.4,0.53,0.63,15,0.24,0.18,1
2026-05-30,EU,search,Walking pad,Fitness,26.83,0.42,0.59,16,0.3,0.22,1
2026-05-30,EU,reddit,Walking pad,Fitness,18.73,0.35,0.58,16,0.3,0.22,1
2026-05-30,EU,youtube,Walking pad,Fitness,37.77,0.41,0.53,16,0.3,0.22,1
2026-05-30,EU,marketplace,Walking pad,Fitness,22.75,0.41,0.6,16,0.3,0.22,1
2026-05-30,EU,news,Walking pad,Fitness,15.48,0.34,0.58,16,0.3,0.22,1
2026-05-30,EU,search,Millet snacks,Food,25.89,0.4,0.81,15,0.24,0.18,1
2026-05-30,EU,reddit,Millet snacks,Food,21.3,0.42,0.71,15,0.24,0.18,1
2026-05-30,EU,youtube,Millet snacks,Food,39.69,0.42,0.78,15,0.24,0.18,1
2026-05-30,EU,marketplace,Millet snacks,Food,25.41,0.39,0.79,15,0.24,0.18,1
2026-05-30,EU,news,Millet snacks,Food,15.97,0.38,0.75,15,0.24,0.18,1
2026-05-30,EU,search,Portable blender,Home,26.12,0.24,0.49,16,0.3,0.22,1
2026-05-30,EU,reddit,Portable blender,Home,21.73,0.25,0.45,16,0.3,0.22,1
2026-05-30,EU,youtube,Portable blender,Home,38.75,0.32,0.5,16,0.3,0.22,1
2026-05-30,EU,marketplace,Portable blender,Home,24.28,0.28,0.46,16,0.3,0.22,1
2026-05-30,EU,news,Portable blender,Home,15.87,0.32,0.46,16,0.3,0.22,1
2026-05-30,IN,search,Waterless skincare,Beauty,32.61,0.57,0.67,15,0.24,0.18,1
2026-05-30,IN,reddit,Waterless skincare,Beauty,26.6,0.52,0.67,15,0.24,0.18,1
2026-05-30,IN,youtube,Waterless skincare,Beauty,48.4,0.54,0.76,15,0.24,0.18,1
2026-05-30,IN,marketplace,Waterless skincare,Beauty,31.06,0.56,0.76,15,0.24,0.18,1
2026-05-30,IN,news,Waterless skincare,Beauty,18.85,0.55,0.71,15,0.24,0.18,1
2026-05-30,IN,search,Smart hydration bottle,Electronics,27.49,0.53,0.68,15,0.24,0.18,1
2026-05-30,IN,reddit,Smart hydration bottle,Electronics,23.1,0.43,0.65,15,0.24,0.18,1
2026-05-30,IN,youtube,Smart hydration bottle,Electronics,39.63,0.44,0.65,15,0.24,0.18,1
2026-05-30,IN,marketplace,Smart hydration bottle,Electronics,26.88,0.48,0.71,15,0.24,0.18,1
2026-05-30,IN,news,Smart hydration bottle,Electronics,16.58,0.47,0.66,15,0.24,0.18,1
2026-05-30,IN,search,Walking pad,Fitness,27.47,0.41,0.52,16,0.3,0.22,1
2026-05-30,IN,reddit,Walking pad,Fitness,21.06,0.38,0.52,16,0.3,0.22,1
2026-05-30,IN,youtube,Walking pad,Fitness,34.37,0.32,0.56,16,0.3,0.22,1
2026-05-30,IN,marketplace,Walking pad,Fitness,25.42,0.31,0.53,16,0.3,0.22,1
2026-05-30,IN,news,Walking pad,Fitness,14.9,0.31,0.56,16,0.3,0.22,1
2026-05-30,IN,search,Millet snacks,Food,37.38,0.42,0.77,15,0.24,0.18,1
2026-05-30,IN,reddit,Millet snacks,Food,27.59,0.38,0.74,15,0.24,0.18,1
2026-05-30,IN,youtube,Millet snacks,Food,51.96,0.45,0.77,15,0.24,0.18,1
2026-05-30,IN,marketplace,Millet snacks,Food,33.79,0.38,0.74,15,0.24,0.18,1
2026-05-30,IN,news,Millet snacks,Food,21.08,0.38,0.75,15,0.24,0.18,1
2026-05-30,IN,search,Portable blender,Home,25.03,0.28,0.45,16,0.3,0.22,1
2026-05-30,IN,reddit,Portable blender,Home,20.04,0.32,0.53,16,0.3,0.22,1
2026-05-30,IN,youtube,Portable blender,Home,35.84,0.25,0.47,16,0.3,0.22,1
2026-05-30,IN,marketplace,Portable blender,Home,24.02,0.25,0.51,16,0.3,0.22,1
2026-05-30,IN,news,Portable blender,Home,13.5,0.31,0.47,16,0.3,0.22,1
2026-05-31,US,search,Waterless skincare,Beauty,30.47,0.56,0.7,16,0.24,0.18,1
2026-05-31,US,reddit,Waterless skincare,Beauty,21.48,0.52,0.76,16,0.24,0.18,1
2026-05-31,US,youtube,Waterless skincare,Beauty,38.33,0.55,0.76,16,0.24,0.18,1
2026-05-31,US,marketplace,Waterless skincare,Beauty,28.26,0.54,0.75,16,0.24,0.18,1
2026-05-31,US,news,Waterless skincare,Beauty,15.77,0.58,0.72,16,0.24,0.18,1
2026-05-31,US,search,Smart hydration bottle,Electronics,35.42,0.49,0.72,16,0.24,0.18,1
2026-05-31,US,reddit,Smart hydration bottle,Electronics,25.17,0.51,0.66,16,0.24,0.18,1
2026-05-31,US,youtube,Smart hydration bottle,Electronics,45.43,0.52,0.67,16,0.24,0.18,1
2026-05-31,US,marketplace,Smart hydration bottle,Electronics,32.58,0.51,0.67,16,0.24,0.18,1
2026-05-31,US,news,Smart hydration bottle,Electronics,18.11,0.49,0.64,16,0.24,0.18,1
2026-05-31,US,search,Walking pad,Fitness,28.71,0.38,0.55,16,0.3,0.22,1
2026-05-31,US,reddit,Walking pad,Fitness,23.6,0.32,0.59,16,0.3,0.22,1
2026-05-31,US,youtube,Walking pad,Fitness,41.0,0.42,0.58,16,0.3,0.22,1
2026-05-31,US,marketplace,Walking pad,Fitness,25.59,0.32,0.53,16,0.3,0.22,1
2026-05-31,US,news,Walking pad,Fitness,17.6,0.33,0.53,16,0.3,0.22,1
2026-05-31,US,search,Millet snacks,Food,27.78,0.39,0.73,16,0.24,0.18,1
2026-05-31,US,reddit,Millet snacks,Food,22.05,0.41,0.76,16,0.24,0.18,1
2026-05-31,US,youtube,Millet snacks,Food,36.93,0.48,0.78,16,0.24,0.18,1
2026-05-31,US,marketplace,Millet snacks,Food,24.21,0.39,0.77,16,0.24,0.18,1
2026-05-31,US,news,Millet snacks,Food,14.57,0.48,0.75,16,0.24,0.18,1
2026-05-31,US,search,Portable blender,Home,27.01,0.35,0.44,16,0.3,0.22,1
2026-05-31,US,reddit,Portable blender,Home,18.93,0.34,0.53,16,0.3,0.22,1
2026-05-31,US,youtube,Portable blender,Home,34.11,0.32,0.48,16,0.3,0.22,1
2026-05-31,US,marketplace,Portable blender,Home,22.38,0.34,0.5,16,0.3,0.22,1
2026-05-31,US,news,Portable blender,Home,14.39,0.31,0.5,16,0.3,0.22,1
2026-05-31,GB,search,Waterless skincare,Beauty,30.51,0.56,0.67,16,0.24,0.18,1
2026-05-31,GB,reddit,Waterless skincare,Beauty,24.9,0.49,0.69,16,0.24,0.18,1
2026-05-31,GB,youtube,Waterless skincare,Beauty,42.11,0.47,0.71,16,0.24,0.18,1
2026-05-31,GB,marketplace,Waterless skincare,Beauty,28.32,0.47,0.72,16,0.24,0.18,1
2026-05-31,GB,news,Waterless skincare,Beauty,17.75,0.57,0.72,16,0.24,0.18,1
2026-05-31,GB,search,Smart hydration bottle,Electronics,26.81,0.5,0.72,16,0.24,0.18,1
2026-05-31,GB,reddit,Smart hydration bottle,Electronics,22.6,0.51,0.65,16,0.24,0.18,1
2026-05-31,GB,youtube,Smart hydration bottle,Electronics,37.5,0.45,0.73,16,0.24,0.18,1
2026-05-31,GB,marketplace,Smart hydration bottle,Electronics,25.56,0.5,0.68,16,0.24,0.18,1
2026-05-31,GB,news,Smart hydration bottle,Electronics,15.17,0.42,0.65,16,0.24,0.18,1
2026-05-31,GB,search,Walking pad,Fitness,30.54,0.38,0.53,16,0.3,0.22,1
2026-05-31,GB,reddit,Walking pad,Fitness,21.49,0.38,0.54,16,0.3,0.22,1
2026-05-31,GB,youtube,Walking pad,Fitness,43.93,0.35,0.54,16,0.3,0.22,1
2026-05-31,GB,marketplace,Walking pad,Fitness,27.5,0.31,0.59,16,0.3,0.22,1
2026-05-31,GB,news,Walking pad,Fitness,17.94,0.39,0.53,16,0.3,0.22,1
2026-05-31,GB,search,Millet snacks,Food,28.36,0.39,0.72,16,0.24,0.18,1
2026-05-31,GB,reddit,Millet snacks,Food,20.59,0.41,0.78,16,0.24,0.18,1
2026-05-31,GB,youtube,Millet snacks,Food,39.52,0.44,0.78,16,0.24,0.18,1
2026-05-31,GB,marketplace,Millet snacks,Food,24.2,0.48,0.72,16,0.24,0.18,1
2026-05-31,GB,news,Millet snacks,Food,16.17,0.42,0.79,16,0.24,0.18,1
2026-05-31,GB,search,Portable blender,Home,24.42,0.28,0.47,16,0.3,0.22,1
2026-05-31,GB,reddit,Portable blender,Home,19.15,0.32,0.45,16,0.3,0.22,1
2026-05-31,GB,youtube,Portable blender,Home,35.55,0.28,0.5,16,0.3,0.22,1
2026-05-31,GB,marketplace,Portable blender,Home,22.71,0.24,0.51,16,0.3,0.22,1
2026-05-31,GB,news,Portable blender,Home,14.29,0.24,0.5,16,0.3,0.22,1
2026-05-31,EU,search,Waterless skincare,Beauty,33.99,0.5,0.77,16,0.24,0.18,1
2026-05-31,EU,reddit,Waterless skincare,Beauty,26.62,0.55,0.74,16,0.24,0.18,1
2026-05-31,EU,youtube,Waterless skincare,Beauty,43.99,0.48,0.72,16,0.24,0.18,1
2026-05-31,EU,marketplace,Waterless skincare,Beauty,28.61,0.56,0.68,16,0.24,0.18,1
2026-05-31,EU,news,Waterless skincare,Beauty,19.6,0.51,0.72,16,0.24,0.18,1
2026-05-31,EU,search,Smart hydration bottle,Electronics,26.14,0.47,0.71,16,0.24,0.18,1
2026-05-31,EU,reddit,Smart hydration bottle,Electronics,19.97,0.47,0.73,16,0.24,0.18,1
2026-05-31,EU,youtube,Smart hydration bottle,Electronics,35.79,0.44,0.73,16,0.24,0.18,1
2026-05-31,EU,marketplace,Smart hydration bottle,Electronics,25.0,0.48,0.65,16,0.24,0.18,1
2026-05-31,EU,news,Smart hydration bottle,Electronics,15.19,0.46,0.73,16,0.24,0.18,1
2026-05-31,EU,search,Walking pad,Fitness,28.26,0.38,0.5,16,0.3,0.22,1
2026-05-31,EU,reddit,Walking pad,Fitness,20.75,0.31,0.59,16,0.3,0.22,1
2026-05-31,EU,youtube,Walking pad,Fitness,35.79,0.41,0.57,16,0.3,0.22,1
2026-05-31,EU,marketplace,Walking pad,Fitness,24.35,0.36,0.54,16,0.3,0.22,1
2026-05-31,EU,news,Walking pad,Fitness,14.28,0.37,0.55,16,0.3,0.22,1
2026-05-31,EU,search,Millet snacks,Food,28.56,0.39,0.73,16,0.24,0.18,1
2026-05-31,EU,reddit,Millet snacks,Food,20.45,0.4,0.77,16,0.24,0.18,1
2026-05-31,EU,youtube,Millet snacks,Food,37.4,0.42,0.79,16,0.24,0.18,1
2026-05-31,EU,marketplace,Millet snacks,Food,25.44,0.43,0.74,16,0.24,0.18,1
2026-05-31,EU,news,Millet snacks,Food,15.4,0.49,0.8,16,0.24,0.18,1
2026-05-31,EU,search,Portable blender,Home,29.53,0.33,0.44,16,0.3,0.22,1
2026-05-31,EU,reddit,Portable blender,Home,21.15,0.31,0.47,16,0.3,0.22,1
2026-05-31,EU,youtube,Portable blender,Home,37.26,0.33,0.52,16,0.3,0.22,1
2026-05-31,EU,marketplace,Portable blender,Home,23.46,0.29,0.49,16,0.3,0.22,1
2026-05-31,EU,news,Portable blender,Home,14.2,0.27,0.47,16,0.3,0.22,1
2026-05-31,IN,search,Waterless skincare,Beauty,32.91,0.51,0.71,16,0.24,0.18,1
2026-05-31,IN,reddit,Waterless skincare,Beauty,24.59,0.52,0.68,16,0.24,0.18,1
2026-05-31,IN,youtube,Waterless skincare,Beauty,49.25,0.57,0.71,16,0.24,0.18,1
2026-05-31,IN,marketplace,Waterless skincare,Beauty,32.2,0.54,0.74,16,0.24,0.18,1
2026-05-31,IN,news,Waterless skincare,Beauty,17.54,0.5,0.69,16,0.24,0.18,1
2026-05-31,IN,search,Smart hydration bottle,Electronics,27.96,0.52,0.66,16,0.24,0.18,1
2026-05-31,IN,reddit,Smart hydration bottle,Electronics,22.65,0.51,0.67,16,0.24,0.18,1
2026-05-31,IN,youtube,Smart hydration bottle,Electronics,37.51,0.52,0.67,16,0.24,0.18,1
2026-05-31,IN,marketplace,Smart hydration bottle,Electronics,24.19,0.43,0.67,16,0.24,0.18,1
2026-05-31,IN,news,Smart hydration bottle,Electronics,16.56,0.51,0.69,16,0.24,0.18,1
2026-05-31,IN,search,Walking pad,Fitness,26.21,0.42,0.6,16,0.3,0.22,1
2026-05-31,IN,reddit,Walking pad,Fitness,19.4,0.42,0.52,16,0.3,0.22,1
2026-05-31,IN,youtube,Walking pad,Fitness,36.95,0.41,0.58,16,0.3,0.22,1
2026-05-31,IN,marketplace,Walking pad,Fitness,24.41,0.32,0.56,16,0.3,0.22,1
2026-05-31,IN,news,Walking pad,Fitness,15.74,0.33,0.59,16,0.3,0.22,1
2026-05-31,IN,search,Millet snacks,Food,36.08,0.43,0.72,16,0.24,0.18,1
2026-05-31,IN,reddit,Millet snacks,Food,28.14,0.44,0.77,16,0.24,0.18,1
2026-05-31,IN,youtube,Millet snacks,Food,50.53,0.48,0.77,16,0.24,0.18,1
2026-05-31,IN,marketplace,Millet snacks,Food,31.31,0.45,0.8,16,0.24,0.18,1
2026-05-31,IN,news,Millet snacks,Food,18.98,0.39,0.75,16,0.24,0.18,1
2026-05-31,IN,search,Portable blender,Home,26.15,0.31,0.43,16,0.3,0.22,1
2026-05-31,IN,reddit,Portable blender,Home,19.82,0.35,0.44,16,0.3,0.22,1
2026-05-31,IN,youtube,Portable blender,Home,34.1,0.32,0.44,16,0.3,0.22,1
2026-05-31,IN,marketplace,Portable blender,Home,22.97,0.31,0.47,16,0.3,0.22,1
2026-05-31,IN,news,Portable blender,Home,13.61,0.34,0.46,16,0.3,0.22,1
2026-06-01,US,search,Waterless skincare,Beauty,30.3,0.49,0.75,16,0.24,0.18,1
2026-06-01,US,reddit,Waterless skincare,Beauty,23.52,0.55,0.74,16,0.24,0.18,1
2026-06-01,US,youtube,Waterless skincare,Beauty,39.42,0.57,0.73,16,0.24,0.18,1
2026-06-01,US,marketplace,Waterless skincare,Beauty,27.66,0.53,0.68,16,0.24,0.18,1
2026-06-01,US,news,Waterless skincare,Beauty,16.49,0.53,0.68,16,0.24,0.18,1
2026-06-01,US,search,Smart hydration bottle,Electronics,33.28,0.52,0.64,16,0.24,0.18,1
2026-06-01,US,reddit,Smart hydration bottle,Electronics,25.72,0.46,0.71,16,0.24,0.18,1
2026-06-01,US,youtube,Smart hydration bottle,Electronics,45.63,0.47,0.63,16,0.24,0.18,1
2026-06-01,US,marketplace,Smart hydration bottle,Electronics,29.05,0.53,0.64,16,0.24,0.18,1
2026-06-01,US,news,Smart hydration bottle,Electronics,19.37,0.46,0.66,16,0.24,0.18,1
2026-06-01,US,search,Walking pad,Fitness,31.83,0.4,0.52,17,0.3,0.23,1
2026-06-01,US,reddit,Walking pad,Fitness,21.03,0.33,0.56,17,0.3,0.23,1
2026-06-01,US,youtube,Walking pad,Fitness,41.25,0.31,0.6,17,0.3,0.23,1
2026-06-01,US,marketplace,Walking pad,Fitness,28.97,0.37,0.56,17,0.3,0.23,1
2026-06-01,US,news,Walking pad,Fitness,16.67,0.33,0.57,17,0.3,0.23,1
2026-06-01,US,search,Millet snacks,Food,30.0,0.4,0.71,16,0.24,0.18,1
2026-06-01,US,reddit,Millet snacks,Food,19.81,0.44,0.73,16,0.24,0.18,1
2026-06-01,US,youtube,Millet snacks,Food,40.18,0.39,0.73,16,0.24,0.18,1
2026-06-01,US,marketplace,Millet snacks,Food,24.86,0.41,0.78,16,0.24,0.18,1
2026-06-01,US,news,Millet snacks,Food,16.53,0.41,0.76,16,0.24,0.18,1
2026-06-01,US,search,Portable blender,Home,27.26,0.28,0.49,17,0.3,0.23,1
2026-06-01,US,reddit,Portable blender,Home,18.67,0.32,0.48,17,0.3,0.23,1
2026-06-01,US,youtube,Portable blender,Home,34.66,0.28,0.45,17,0.3,0.23,1
2026-06-01,US,marketplace,Portable blender,Home,22.01,0.32,0.52,17,0.3,0.23,1
2026-06-01,US,news,Portable blender,Home,13.66,0.28,0.49,17,0.3,0.23,1
2026-06-01,GB,search,Waterless skincare,Beauty,32.85,0.5,0.75,16,0.24,0.18,1
2026-06-01,GB,reddit,Waterless skincare,Beauty,25.26,0.52,0.76,16,0.24,0.18,1
2026-06-01,GB,youtube,Waterless skincare,Beauty,42.3,0.55,0.75,16,0.24,0.18,1
2026-06-01,GB,marketplace,Waterless skincare,Beauty,29.0,0.53,0.71,16,0.24,0.18,1
2026-06-01,GB,news,Waterless skincare,Beauty,17.58,0.5,0.73,16,0.24,0.18,1
2026-06-01,GB,search,Smart hydration bottle,Electronics,26.72,0.44,0.63,16,0.24,0.18,1
2026-06-01,GB,reddit,Smart hydration bottle,Electronics,21.38,0.49,0.66,16,0.24,0.18,1
2026-06-01,GB,youtube,Smart hydration bottle,Electronics,40.17,0.49,0.73,16,0.24,0.18,1
2026-06-01,GB,marketplace,Smart hydration bottle,Electronics,25.08,0.42,0.65,16,0.24,0.18,1
2026-06-01,GB,news,Smart hydration bottle,Electronics,15.26,0.51,0.67,16,0.24,0.18,1
2026-06-01,GB,search,Walking pad,Fitness,28.77,0.39,0.54,17,0.3,0.23,1
2026-06-01,GB,reddit,Walking pad,Fitness,23.85,0.32,0.53,17,0.3,0.23,1
2026-06-01,GB,youtube,Walking pad,Fitness,38.48,0.35,0.55,17,0.3,0.23,1
2026-06-01,GB,marketplace,Walking pad,Fitness,28.68,0.41,0.56,17,0.3,0.23,1
2026-06-01,GB,news,Walking pad,Fitness,16.56,0.38,0.55,17,0.3,0.23,1
2026-06-01,GB,search,Millet snacks,Food,26.26,0.41,0.77,16,0.24,0.18,1
2026-06-01,GB,reddit,Millet snacks,Food,21.97,0.48,0.72,16,0.24,0.18,1
2026-06-01,GB,youtube,Millet snacks,Food,39.6,0.43,0.79,16,0.24,0.18,1
2026-06-01,GB,marketplace,Millet snacks,Food,24.39,0.42,0.73,16,0.24,0.18,1
2026-06-01,GB,news,Millet snacks,Food,15.94,0.44,0.81,16,0.24,0.18,1
2026-06-01,GB,search,Portable blender,Home,25.25,0.25,0.45,17,0.3,0.23,1
2026-06-01,GB,reddit,Portable blender,Home,18.69,0.28,0.49,17,0.3,0.23,1
2026-06-01,GB,youtube,Portable blender,Home,33.44,0.31,0.52,17,0.3,0.23,1
2026-06-01,GB,marketplace,Portable blender,Home,24.55,0.34,0.46,17,0.3,0.23,1
2026-06-01,GB,news,Portable blender,Home,14.72,0.28,0.52,17,0.3,0.23,1
2026-06-01,EU,search,Waterless skincare,Beauty,35.44,0.46,0.73,16,0.24,0.18,1
2026-06-01,EU,reddit,Waterless skincare,Beauty,23.59,0.47,0.75,16,0.24,0.18,1
2026-06-01,EU,youtube,Waterless skincare,Beauty,46.61,0.49,0.75,16,0.24,0.18,1
2026-06-01,EU,marketplace,Waterless skincare,Beauty,29.71,0.53,0.7,16,0.24,0.18,1
2026-06-01,EU,news,Waterless skincare,Beauty,18.7,0.51,0.74,16,0.24,0.18,1
2026-06-01,EU,search,Smart hydration bottle,Electronics,27.91,0.52,0.73,16,0.24,0.18,1
2026-06-01,EU,reddit,Smart hydration bottle,Electronics,19.95,0.46,0.69,16,0.24,0.18,1
2026-06-01,EU,youtube,Smart hydration bottle,Electronics,35.43,0.42,0.63,16,0.24,0.18,1
2026-06-01,EU,marketplace,Smart hydration bottle,Electronics,23.89,0.45,0.7,16,0.24,0.18,1
2026-06-01,EU,news,Smart hydration bottle,Electronics,15.31,0.44,0.65,16,0.24,0.18,1
2026-06-01,EU,search,Walking pad,Fitness,27.93,0.35,0.59,17,0.3,0.23,1
2026-06-01,EU,reddit,Walking pad,Fitness,21.19,0.42,0.59,17,0.3,0.23,1
2026-06-01,EU,youtube,Walking pad,Fitness,34.5,0.4,0.51,17,0.3,0.23,1
2026-06-01,EU,marketplace,Walking pad,Fitness,25.29,0.32,0.53,17,0.3,0.23,1
2026-06-01,EU,news,Walking pad,Fitness,14.77,0.4,0.53,17,0.3,0.23,1
2026-06-01,EU,search,Millet snacks,Food,26.25,0.4,0.76,16,0.24,0.18,1
2026-06-01,EU,reddit,Millet snacks,Food,19.56,0.48,0.79,16,0.24,0.18,1
2026-06-01,EU,youtube,Millet snacks,Food,39.16,0.49,0.75,16,0.24,0.18,1
2026-06-01,EU,marketplace,Millet snacks,Food,24.58,0.39,0.76,16,0.24,0.18,1
2026-06-01,EU,news,Millet snacks,Food,15.3,0.46,0.81,16,0.24,0.18,1
2026-06-01,EU,search,Portable blender,Home,26.83,0.32,0.45,17,0.3,0.23,1
2026-06-01,EU,reddit,Portable blender,Home,19.96,0.27,0.44,17,0.3,0.23,1
2026-06-01,EU,youtube,Portable blender,Home,37.46,0.34,0.5,17,0.3,0.23,1
2026-06-01,EU,marketplace,Portable blender,Home,25.58,0.26,0.44,17,0.3,0.23,1
2026-06-01,EU,news,Portable blender,Home,16.14,0.24,0.43,17,0.3,0.23,1
2026-06-01,IN,search,Waterless skincare,Beauty,32.92,0.56,0.69,16,0.24,0.18,1
2026-06-01,IN,reddit,Waterless skincare,Beauty,24.29,0.49,0.73,16,0.24,0.18,1
2026-06-01,IN,youtube,Waterless skincare,Beauty,46.46,0.56,0.75,16,0.24,0.18,1
2026-06-01,IN,marketplace,Waterless skincare,Beauty,30.04,0.51,0.69,16,0.24,0.18,1
2026-06-01,IN,news,Waterless skincare,Beauty,18.87,0.57,0.69,16,0.24,0.18,1
2026-06-01,IN,search,Smart hydration bottle,Electronics,28.28,0.53,0.72,16,0.24,0.18,1
2026-06-01,IN,reddit,Smart hydration bottle,Electronics,21.67,0.51,0.65,16,0.24,0.18,1
2026-06-01,IN,youtube,Smart hydration bottle,Electronics,37.71,0.43,0.66,16,0.24,0.18,1
2026-06-01,IN,marketplace,Smart hydration bottle,Electronics,27.29,0.49,0.64,16,0.24,0.18,1
2026-06-01,IN,news,Smart hydration bottle,Electronics,16.69,0.5,0.65,16,0.24,0.18,1
2026-06-01,IN,search,Walking pad,Fitness,28.25,0.33,0.5,17,0.3,0.23,1
2026-06-01,IN,reddit,Walking pad,Fitness,20.53,0.36,0.53,17,0.3,0.23,1
2026-06-01,IN,youtube,Walking pad,Fitness,38.3,0.32,0.54,17,0.3,0.23,1
2026-06-01,IN,marketplace,Walking pad,Fitness,22.91,0.37,0.55,17,0.3,0.23,1
2026-06-01,IN,news,Walking pad,Fitness,13.8,0.34,0.51,17,0.3,0.23,1
2026-06-01,IN,search,Millet snacks,Food,36.72,0.47,0.75,16,0.24,0.18,1
2026-06-01,IN,reddit,Millet snacks,Food,26.2,0.43,0.77,16,0.24,0.18,1
2026-06-01,IN,youtube,Millet snacks,Food,48.76,0.44,0.75,16,0.24,0.18,1
2026-06-01,IN,marketplace,Millet snacks,Food,33.2,0.46,0.81,16,0.24,0.18,1
2026-06-01,IN,news,Millet snacks,Food,19.01,0.39,0.71,16,0.24,0.18,1
2026-06-01,IN,search,Portable blender,Home,24.75,0.24,0.44,17,0.3,0.23,1
2026-06-01,IN,reddit,Portable blender,Home,18.46,0.31,0.5,17,0.3,0.23,1
2026-06-01,IN,youtube,Portable blender,Home,34.03,0.25,0.5,17,0.3,0.23,1
2026-06-01,IN,marketplace,Portable blender,Home,24.26,0.27,0.45,17,0.3,0.23,1
2026-06-01,IN,news,Portable blender,Home,14.64,0.28,0.46,17,0.3,0.23,1
2026-06-02,US,search,Waterless skincare,Beauty,30.65,0.55,0.68,16,0.24,0.18,1
2026-06-02,US,reddit,Waterless skincare,Beauty,22.69,0.54,0.72,16,0.24,0.18,1
2026-06-02,US,youtube,Waterless skincare,Beauty,39.71,0.57,0.69,16,0.24,0.18,1
2026-06-02,US,marketplace,Waterless skincare,Beauty,26.51,0.47,0.69,16,0.24,0.18,1
2026-06-02,US,news,Waterless skincare,Beauty,17.56,0.48,0.67,16,0.24,0.18,1
2026-06-02,US,search,Smart hydration bottle,Electronics,34.27,0.46,0.65,16,0.24,0.18,1
2026-06-02,US,reddit,Smart hydration bottle,Electronics,24.94,0.42,0.7,16,0.24,0.18,1
2026-06-02,US,youtube,Smart hydration bottle,Electronics,48.72,0.49,0.73,16,0.24,0.18,1
2026-06-02,US,marketplace,Smart hydration bottle,Electronics,31.31,0.47,0.65,16,0.24,0.18,1
2026-06-02,US,news,Smart hydration bottle,Electronics,17.88,0.51,0.69,16,0.24,0.18,1
2026-06-02,US,search,Walking pad,Fitness,32.16,0.41,0.55,17,0.31,0.23,1
2026-06-02,US,reddit,Walking pad,Fitness,21.52,0.32,0.51,17,0.31,0.23,1
2026-06-02,US,youtube,Walking pad,Fitness,39.51,0.4,0.55,17,0.31,0.23,1
2026-06-02,US,marketplace,Walking pad,Fitness,27.97,0.43,0.53,17,0.31,0.23,1
2026-06-02,US,news,Walking pad,Fitness,16.52,0.35,0.5,17,0.31,0.23,1
2026-06-02,US,search,Millet snacks,Food,27.75,0.46,0.8,16,0.24,0.18,1
2026-06-02,US,reddit,Millet snacks,Food,22.07,0.48,0.8,16,0.24,0.18,1
2026-06-02,US,youtube,Millet snacks,Food,38.76,0.39,0.78,16,0.24,0.18,1
2026-06-02,US,marketplace,Millet snacks,Food,26.32,0.38,0.81,16,0.24,0.18,1
2026-06-02,US,news,Millet snacks,Food,16.36,0.46,0.72,16,0.24,0.18,1
2026-06-02,US,search,Portable blender,Home,25.57,0.26,0.5,17,0.31,0.23,1
2026-06-02,US,reddit,Portable blender,Home,20.46,0.28,0.5,17,0.31,0.23,1
2026-06-02,US,youtube,Portable blender,Home,33.05,0.35,0.49,17,0.31,0.23,1
2026-06-02,US,marketplace,Portable blender,Home,24.52,0.34,0.5,17,0.31,0.23,1
2026-06-02,US,news,Portable blender,Home,14.86,0.29,0.53,17,0.31,0.23,1
2026-06-02,GB,search,Waterless skincare,Beauty,31.88,0.49,0.74,16,0.24,0.18,1
2026-06-02,GB,reddit,Waterless skincare,Beauty,25.12,0.51,0.71,16,0.24,0.18,1
2026-06-02,GB,youtube,Waterless skincare,Beauty,45.84,0.5,0.67,16,0.24,0.18,1
2026-06-02,GB,marketplace,Waterless skincare,Beauty,28.67,0.5,0.73,16,0.24,0.18,1
2026-06-02,GB,news,Waterless skincare,Beauty,17.31,0.51,0.77,16,0.24,0.18,1
2026-06-02,GB,search,Smart hydration bottle,Electronics,29.67,0.45,0.73,16,0.24,0.18,1
2026-06-02,GB,reddit,Smart hydration bottle,Electronics,21.38,0.5,0.68,16,0.24,0.18,1
2026-06-02,GB,youtube,Smart hydration bottle,Electronics,36.6,0.53,0.69,16,0.24,0.18,1
2026-06-02,GB,marketplace,Smart hydration bottle,Electronics,26.25,0.45,0.66,16,0.24,0.18,1
2026-06-02,GB,news,Smart hydration bottle,Electronics,16.34,0.42,0.63,16,0.24,0.18,1
2026-06-02,GB,search,Walking pad,Fitness,29.65,0.38,0.51,17,0.31,0.23,1
2026-06-02,GB,reddit,Walking pad,Fitness,22.31,0.36,0.57,17,0.31,0.23,1
2026-06-02,GB,youtube,Walking pad,Fitness,38.4,0.34,0.54,17,0.31,0.23,1
2026-06-02,GB,marketplace,Walking pad,Fitness,26.69,0.41,0.57,17,0.31,0.23,1
2026-06-02,GB,news,Walking pad,Fitness,17.45,0.33,0.51,17,0.31,0.23,1
2026-06-02,GB,search,Millet snacks,Food,26.94,0.5,0.73,16,0.24,0.18,1
2026-06-02,GB,reddit,Millet snacks,Food,21.12,0.39,0.73,16,0.24,0.18,1
2026-06-02,GB,youtube,Millet snacks,Food,37.43,0.42,0.79,16,0.24,0.18,1
2026-06-02,GB,marketplace,Millet snacks,Food,25.53,0.43,0.81,16,0.24,0.18,1
2026-06-02,GB,news,Millet snacks,Food,14.45,0.41,0.74,16,0.24,0.18,1
2026-06-02,GB,search,Portable blender,Home,24.81,0.3,0.5,17,0.31,0.23,1
2026-06-02,GB,reddit,Portable blender,Home,18.64,0.3,0.5,17,0.31,0.23,1
2026-06-02,GB,youtube,Portable blender,Home,32.96,0.25,0.49,17,0.31,0.23,1
2026-06-02,GB,marketplace,Portable blender,Home,22.3,0.25,0.49,17,0.31,0.23,1
2026-06-02,GB,news,Portable blender,Home,14.27,0.3,0.47,17,0.31,0.23,1
2026-06-02,EU,search,Waterless skincare,Beauty,35.33,0.51,0.68,16,0.24,0.18,1
2026-06-02,EU,reddit,Waterless skincare,Beauty,24.97,0.5,0.76,16,0.24,0.18,1
2026-06-02,EU,youtube,Waterless skincare,Beauty,46.66,0.52,0.71,16,0.24,0.18,1
2026-06-02,EU,marketplace,Waterless skincare,Beauty,29.87,0.51,0.67,16,0.24,0.18,1
2026-06-02,EU,news,Waterless skincare,Beauty,18.61,0.57,0.71,16,0.24,0.18,1
2026-06-02,EU,search,Smart hydration bottle,Electronics,29.15,0.49,0.66,16,0.24,0.18,1
2026-06-02,EU,reddit,Smart hydration bottle,Electronics,20.34,0.48,0.64,16,0.24,0.18,1
2026-06-02,EU,youtube,Smart hydration bottle,Electronics,38.22,0.48,0.66,16,0.24,0.18,1
2026-06-02,EU,marketplace,Smart hydration bottle,Electronics,26.23,0.46,0.67,16,0.24,0.18,1
2026-06-02,EU,news,Smart hydration bottle,Electronics,14.41,0.51,0.72,16,0.24,0.18,1
2026-06-02,EU,search,Walking pad,Fitness,26.28,0.31,0.51,17,0.31,0.23,1
2026-06-02,EU,reddit,Walking pad,Fitness,20.74,0.38,0.53,17,0.31,0.23,1
2026-06-02,EU,youtube,Walking pad,Fitness,33.67,0.34,0.55,17,0.31,0.23,1
2026-06-02,EU,marketplace,Walking pad,Fitness,23.23,0.31,0.57,17,0.31,0.23,1
2026-06-02,EU,news,Walking pad,Fitness,14.89,0.4,0.51,17,0.31,0.23,1
2026-06-02,EU,search,Millet snacks,Food,26.4,0.4,0.78,16,0.24,0.18,1
2026-06-02,EU,reddit,Millet snacks,Food,20.64,0.41,0.78,16,0.24,0.18,1
2026-06-02,EU,youtube,Millet snacks,Food,39.01,0.42,0.74,16,0.24,0.18,1
2026-06-02,EU,marketplace,Millet snacks,Food,26.48,0.38,0.76,16,0.24,0.18,1
2026-06-02,EU,news,Millet snacks,Food,15.54,0.39,0.71,16,0.24,0.18,1
2026-06-02,EU,search,Portable blender,Home,27.87,0.25,0.44,17,0.31,0.23,1
2026-06-02,EU,reddit,Portable blender,Home,19.75,0.29,0.51,17,0.31,0.23,1
2026-06-02,EU,youtube,Portable blender,Home,36.79,0.24,0.44,17,0.31,0.23,1
2026-06-02,EU,marketplace,Portable blender,Home,24.39,0.35,0.51,17,0.31,0.23,1
2026-06-02,EU,news,Portable blender,Home,15.83,0.3,0.51,17,0.31,0.23,1
2026-06-02,IN,search,Waterless skincare,Beauty,35.26,0.56,0.73,16,0.24,0.18,1
2026-06-02,IN,reddit,Waterless skincare,Beauty,25.54,0.54,0.69,16,0.24,0.18,1
2026-06-02,IN,youtube,Waterless skincare,Beauty,48.49,0.54,0.69,16,0.24,0.18,1
2026-06-02,IN,marketplace,Waterless skincare,Beauty,31.99,0.53,0.72,16,0.24,0.18,1
2026-06-02,IN,news,Waterless skincare,Beauty,18.36,0.54,0.77,16,0.24,0.18,1
2026-06-02,IN,search,Smart hydration bottle,Electronics,28.86,0.5,0.67,16,0.24,0.18,1
2026-06-02,IN,reddit,Smart hydration bottle,Electronics,22.26,0.43,0.67,16,0.24,0.18,1
2026-06-02,IN,youtube,Smart hydration bottle,Electronics,38.59,0.42,0.68,16,0.24,0.18,1
2026-06-02,IN,marketplace,Smart hydration bottle,Electronics,26.23,0.42,0.66,16,0.24,0.18,1
2026-06-02,IN,news,Smart hydration bottle,Electronics,16.21,0.52,0.69,16,0.24,0.18,1
2026-06-02,IN,search,Walking pad,Fitness,25.04,0.42,0.6,17,0.31,0.23,1
2026-06-02,IN,reddit,Walking pad,Fitness,19.98,0.39,0.53,17,0.31,0.23,1
2026-06-02,IN,youtube,Walking pad,Fitness,38.56,0.35,0.59,17,0.31,0.23,1
2026-06-02,IN,marketplace,Walking pad,Fitness,24.09,0.35,0.57,17,0.31,0.23,1
2026-06-02,IN,news,Walking pad,Fitness,14.49,0.31,0.57,17,0.31,0.23,1
2026-06-02,IN,search,Millet snacks,Food,35.26,0.47,0.74,16,0.24,0.18,1
2026-06-02,IN,reddit,Millet snacks,Food,27.82,0.47,0.74,16,0.24,0.18,1
2026-06-02,IN,youtube,Millet snacks,Food,50.4,0.42,0.75,16,0.24,0.18,1
2026-06-02,IN,marketplace,Millet snacks,Food,34.29,0.46,0.75,16,0.24,0.18,1
2026-06-02,IN,news,Millet snacks,Food,19.73,0.46,0.77,16,0.24,0.18,1
2026-06-02,IN,search,Portable blender,Home,27.07,0.33,0.48,17,0.31,0.23,1
2026-06-02,IN,reddit,Portable blender,Home,18.16,0.27,0.53,17,0.31,0.23,1
2026-06-02,IN,youtube,Portable blender,Home,33.75,0.31,0.47,17,0.31,0.23,1
2026-06-02,IN,marketplace,Portable blender,Home,21.53,0.34,0.45,17,0.31,0.23,1
2026-06-02,IN,news,Portable blender,Home,13.26,0.25,0.52,17,0.31,0.23,1
2026-06-03,US,search,Waterless skincare,Beauty,30.28,0.55,0.77,16,0.25,0.18,1
2026-06-03,US,reddit,Waterless skincare,Beauty,23.77,0.55,0.69,16,0.25,0.18,1
2026-06-03,US,youtube,Waterless skincare,Beauty,43.31,0.48,0.76,16,0.25,0.18,1
2026-06-03,US,marketplace,Waterless skincare,Beauty,28.32,0.51,0.68,16,0.25,0.18,1
2026-06-03,US,news,Waterless skincare,Beauty,16.97,0.47,0.75,16,0.25,0.18,1
2026-06-03,US,search,Smart hydration bottle,Electronics,32.45,0.51,0.69,16,0.25,0.18,1
2026-06-03,US,reddit,Smart hydration bottle,Electronics,27.12,0.53,0.66,16,0.25,0.18,1
2026-06-03,US,youtube,Smart hydration bottle,Electronics,47.89,0.46,0.73,16,0.25,0.18,1
2026-06-03,US,marketplace,Smart hydration bottle,Electronics,31.39,0.44,0.66,16,0.25,0.18,1
2026-06-03,US,news,Smart hydration bottle,Electronics,18.82,0.45,0.65,16,0.25,0.18,1
2026-06-03,US,search,Walking pad,Fitness,28.7,0.4,0.58,17,0.31,0.23,1
2026-06-03,US,reddit,Walking pad,Fitness,21.62,0.38,0.56,17,0.31,0.23,1
2026-06-03,US,youtube,Walking pad,Fitness,41.63,0.33,0.58,17,0.31,0.23,1
2026-06-03,US,marketplace,Walking pad,Fitness,28.61,0.35,0.54,17,0.31,0.23,1
2026-06-03,US,news,Walking pad,Fitness,16.68,0.32,0.52,17,0.31,0.23,1
2026-06-03,US,search,Millet snacks,Food,29.33,0.49,0.77,16,0.25,0.18,1
2026-06-03,US,reddit,Millet snacks,Food,21.3,0.48,0.77,16,0.25,0.18,1
2026-06-03,US,youtube,Millet snacks,Food,38.22,0.42,0.77,16,0.25,0.18,1
2026-06-03,US,marketplace,Millet snacks,Food,25.78,0.4,0.72,16,0.25,0.18,1
2026-06-03,US,news,Millet snacks,Food,15.47,0.42,0.72,16,0.25,0.18,1
2026-06-03,US,search,Portable blender,Home,24.07,0.33,0.46,17,0.31,0.23,1
2026-06-03,US,reddit,Portable blender,Home,18.16,0.26,0.49,17,0.31,0.23,1
2026-06-03,US,youtube,Portable blender,Home,33.71,0.26,0.52,17,0.31,0.23,1
2026-06-03,US,marketplace,Portable blender,Home,24.38,0.27,0.5,17,0.31,0.23,1
2026-06-03,US,news,Portable blender,Home,13.22,0.34,0.53,17,0.31,0.23,1
2026-06-03,GB,search,Waterless skincare,Beauty,30.01,0.53,0.76,16,0.25,0.18,1
2026-06-03,GB,reddit,Waterless skincare,Beauty,25.38,0.52,0.71,16,0.25,0.18,1
2026-06-03,GB,youtube,Waterless skincare,Beauty,40.4,0.54,0.68,16,0.25,0.18,1
2026-06-03,GB,marketplace,Waterless skincare,Beauty,28.6,0.57,0.7,16,0.25,0.18,1
2026-06-03,GB,news,Waterless skincare,Beauty,16.4,0.5,0.7,16,0.25,0.18,1
2026-06-03,GB,search,Smart hydration bottle,Electronics,27.94,0.51,0.64,16,0.25,0.18,1
2026-06-03,GB,reddit,Smart hydration bottle,Electronics,21.6,0.5,0.72,16,0.25,0.18,1
2026-06-03,GB,youtube,Smart hydration bottle,Electronics,39.5,0.52,0.65,16,0.25,0.18,1
2026-06-03,GB,marketplace,Smart hydration bottle,Electronics,24.21,0.53,0.72,16,0.25,0.18,1
2026-06-03,GB,news,Smart hydration bottle,Electronics,16.18,0.51,0.63,16,0.25,0.18,1
2026-06-03,GB,search,Walking pad,Fitness,32.68,0.42,0.56,17,0.31,0.23,1
2026-06-03,GB,reddit,Walking pad,Fitness,23.32,0.32,0.56,17,0.31,0.23,1
2026-06-03,GB,youtube,Walking pad,Fitness,43.92,0.34,0.5,17,0.31,0.23,1
2026-06-03,GB,marketplace,Walking pad,Fitness,25.76,0.37,0.57,17,0.31,0.23,1
2026-06-03,GB,news,Walking pad,Fitness,16.68,0.34,0.58,17,0.31,0.23,1
2026-06-03,GB,search,Millet snacks,Food,29.75,0.38,0.72,16,0.25,0.18,1
2026-06-03,GB,reddit,Millet snacks,Food,21.73,0.48,0.76,16,0.25,0.18,1
2026-06-03,GB,youtube,Millet snacks,Food,39.57,0.46,0.78,16,0.25,0.18,1
2026-06-03,GB,marketplace,Millet snacks,Food,25.3,0.39,0.79,16,0.25,0.18,1
2026-06-03,GB,news,Millet snacks,Food,15.77,0.43,0.75,16,0.25,0.18,1
2026-06-03,GB,search,Portable blender,Home,24.19,0.29,0.52,17,0.31,0.23,1
2026-06-03,GB,reddit,Portable blender,Home,20.4,0.28,0.45,17,0.31,0.23,1
2026-06-03,GB,youtube,Portable blender,Home,34.1,0.24,0.45,17,0.31,0.23,1
2026-06-03,GB,marketplace,Portable blender,Home,23.22,0.26,0.5,17,0.31,0.23,1
2026-06-03,GB,news,Portable blender,Home,14.78,0.33,0.49,17,0.31,0.23,1
2026-06-03,EU,search,Waterless skincare,Beauty,36.04,0.46,0.74,16,0.25,0.18,1
2026-06-03,EU,reddit,Waterless skincare,Beauty,26.4,0.47,0.68,16,0.25,0.18,1
2026-06-03,EU,youtube,Waterless skincare,Beauty,43.48,0.47,0.7,16,0.25,0.18,1
2026-06-03,EU,marketplace,Waterless skincare,Beauty,31.01,0.49,0.7,16,0.25,0.18,1
2026-06-03,EU,news,Waterless skincare,Beauty,18.82,0.52,0.68,16,0.25,0.18,1
2026-06-03,EU,search,Smart hydration bottle,Electronics,26.56,0.45,0.68,16,0.25,0.18,1
2026-06-03,EU,reddit,Smart hydration bottle,Electronics,21.16,0.5,0.67,16,0.25,0.18,1
2026-06-03,EU,youtube,Smart hydration bottle,Electronics,40.33,0.44,0.7,16,0.25,0.18,1
2026-06-03,EU,marketplace,Smart hydration bottle,Electronics,26.98,0.51,0.66,16,0.25,0.18,1
2026-06-03,EU,news,Smart hydration bottle,Electronics,15.86,0.48,0.66,16,0.25,0.18,1
2026-06-03,EU,search,Walking pad,Fitness,27.19,0.37,0.51,17,0.31,0.23,1
2026-06-03,EU,reddit,Walking pad,Fitness,20.96,0.39,0.56,17,0.31,0.23,1
2026-06-03,EU,youtube,Walking pad,Fitness,34.62,0.33,0.51,17,0.31,0.23,1
2026-06-03,EU,marketplace,Walking pad,Fitness,25.4,0.33,0.57,17,0.31,0.23,1
2026-06-03,EU,news,Walking pad,Fitness,13.96,0.35,0.58,17,0.31,0.23,1
2026-06-03,EU,search,Millet snacks,Food,26.23,0.5,0.78,16,0.25,0.18,1
2026-06-03,EU,reddit,Millet snacks,Food,21.14,0.43,0.72,16,0.25,0.18,1
2026-06-03,EU,youtube,Millet snacks,Food,37.27,0.38,0.74,16,0.25,0.18,1
2026-06-03,EU,marketplace,Millet snacks,Food,24.45,0.48,0.72,16,0.25,0.18,1
2026-06-03,EU,news,Millet snacks,Food,14.72,0.45,0.76,16,0.25,0.18,1
2026-06-03,EU,search,Portable blender,Home,28.86,0.28,0.43,17,0.31,0.23,1
2026-06-03,EU,reddit,Portable blender,Home,19.75,0.26,0.47,17,0.31,0.23,1
2026-06-03,EU,youtube,Portable blender,Home,34.75,0.27,0.48,17,0.31,0.23,1
2026-06-03,EU,marketplace,Portable blender,Home,24.19,0.24,0.49,17,0.31,0.23,1
2026-06-03,EU,news,Portable blender,Home,15.94,0.35,0.52,17,0.31,0.23,1
2026-06-03,IN,search,Waterless skincare,Beauty,36.05,0.53,0.75,16,0.25,0.18,1
2026-06-03,IN,reddit,Waterless skincare,Beauty,25.33,0.56,0.71,16,0.25,0.18,1
2026-06-03,IN,youtube,Waterless skincare,Beauty,46.17,0.55,0.74,16,0.25,0.18,1
2026-06-03,IN,marketplace,Waterless skincare,Beauty,29.17,0.47,0.71,16,0.25,0.18,1
2026-06-03,IN,news,Waterless skincare,Beauty,19.59,0.54,0.76,16,0.25,0.18,1
2026-06-03,IN,search,Smart hydration bottle,Electronics,30.77,0.47,0.69,16,0.25,0.18,1
2026-06-03,IN,reddit,Smart hydration bottle,Electronics,21.95,0.48,0.65,16,0.25,0.18,1
2026-06-03,IN,youtube,Smart hydration bottle,Electronics,38.49,0.5,0.72,16,0.25,0.18,1
2026-06-03,IN,marketplace,Smart hydration bottle,Electronics,24.75,0.42,0.71,16,0.25,0.18,1
2026-06-03,IN,news,Smart hydration bottle,Electronics,16.95,0.43,0.65,16,0.25,0.18,1
2026-06-03,IN,search,Walking pad,Fitness,26.95,0.35,0.54,17,0.31,0.23,1
2026-06-03,IN,reddit,Walking pad,Fitness,20.42,0.35,0.57,17,0.31,0.23,1
2026-06-03,IN,youtube,Walking pad,Fitness,37.59,0.4,0.56,17,0.31,0.23,1
2026-06-03,IN,marketplace,Walking pad,Fitness,22.84,0.38,0.53,17,0.31,0.23,1
2026-06-03,IN,news,Walking pad,Fitness,14.25,0.33,0.55,17,0.31,0.23,1
2026-06-03,IN,search,Millet snacks,Food,35.8,0.43,0.81,16,0.25,0.18,1
2026-06-03,IN,reddit,Millet snacks,Food,27.0,0.48,0.73,16,0.25,0.18,1
2026-06-03,IN,youtube,Millet snacks,Food,45.73,0.49,0.74,16,0.25,0.18,1
2026-06-03,IN,marketplace,Millet snacks,Food,33.0,0.42,0.72,16,0.25,0.18,1
2026-06-03,IN,news,Millet snacks,Food,18.97,0.47,0.74,16,0.25,0.18,1
2026-06-03,IN,search,Portable blender,Home,26.86,0.25,0.49,17,0.31,0.23,1
2026-06-03,IN,reddit,Portable blender,Home,18.21,0.31,0.43,17,0.31,0.23,1
2026-06-03,IN,youtube,Portable blender,Home,32.62,0.24,0.5,17,0.31,0.23,1
2026-06-03,IN,marketplace,Portable blender,Home,24.15,0.3,0.43,17,0.31,0.23,1
2026-06-03,IN,news,Portable blender,Home,14.47,0.24,0.5,17,0.31,0.23,1
2026-06-04,US,search,Waterless skincare,Beauty,29.55,0.49,0.74,16,0.25,0.19,1
2026-06-04,US,reddit,Waterless skincare,Beauty,24.09,0.5,0.74,16,0.25,0.19,1
2026-06-04,US,youtube,Waterless skincare,Beauty,41.87,0.5,0.68,16,0.25,0.19,1
2026-06-04,US,marketplace,Waterless skincare,Beauty,27.31,0.52,0.69,16,0.25,0.19,1
2026-06-04,US,news,Waterless skincare,Beauty,16.41,0.5,0.75,16,0.25,0.19,1
2026-06-04,US,search,Smart hydration bottle,Electronics,34.3,0.49,0.72,16,0.25,0.19,1
2026-06-04,US,reddit,Smart hydration bottle,Electronics,24.73,0.45,0.71,16,0.25,0.19,1
2026-06-04,US,youtube,Smart hydration bottle,Electronics,45.77,0.46,0.7,16,0.25,0.19,1
2026-06-04,US,marketplace,Smart hydration bottle,Electronics,31.11,0.53,0.69,16,0.25,0.19,1
2026-06-04,US,news,Smart hydration bottle,Electronics,18.18,0.42,0.72,16,0.25,0.19,1
2026-06-04,US,search,Walking pad,Fitness,31.96,0.31,0.56,17,0.32,0.24,1
2026-06-04,US,reddit,Walking pad,Fitness,23.64,0.37,0.58,17,0.32,0.24,1
2026-06-04,US,youtube,Walking pad,Fitness,40.84,0.38,0.53,17,0.32,0.24,1
2026-06-04,US,marketplace,Walking pad,Fitness,26.11,0.41,0.5,17,0.32,0.24,1
2026-06-04,US,news,Walking pad,Fitness,17.15,0.35,0.6,17,0.32,0.24,1
2026-06-04,US,search,Millet snacks,Food,26.86,0.39,0.8,16,0.25,0.19,1
2026-06-04,US,reddit,Millet snacks,Food,20.58,0.44,0.77,16,0.25,0.19,1
2026-06-04,US,youtube,Millet snacks,Food,38.79,0.43,0.78,16,0.25,0.19,1
2026-06-04,US,marketplace,Millet snacks,Food,26.94,0.44,0.72,16,0.25,0.19,1
2026-06-04,US,news,Millet snacks,Food,15.64,0.44,0.75,16,0.25,0.19,1
2026-06-04,US,search,Portable blender,Home,24.79,0.34,0.46,17,0.32,0.24,1
2026-06-04,US,reddit,Portable blender,Home,18.53,0.26,0.51,17,0.32,0.24,1
2026-06-04,US,youtube,Portable blender,Home,33.92,0.29,0.5,17,0.32,0.24,1
2026-06-04,US,marketplace,Portable blender,Home,21.82,0.26,0.5,17,0.32,0.24,1
2026-06-04,US,news,Portable blender,Home,14.84,0.28,0.47,17,0.32,0.24,1
2026-06-04,GB,search,Waterless skincare,Beauty,32.14,0.57,0.74,16,0.25,0.19,1
2026-06-04,GB,reddit,Waterless skincare,Beauty,24.44,0.51,0.71,16,0.25,0.19,1
2026-06-04,GB,youtube,Waterless skincare,Beauty,43.78,0.56,0.68,16,0.25,0.19,1
2026-06-04,GB,marketplace,Waterless skincare,Beauty,29.06,0.55,0.71,16,0.25,0.19,1
2026-06-04,GB,news,Waterless skincare,Beauty,17.87,0.48,0.7,16,0.25,0.19,1
2026-06-04,GB,search,Smart hydration bottle,Electronics,27.9,0.45,0.64,16,0.25,0.19,1
2026-06-04,GB,reddit,Smart hydration bottle,Electronics,21.33,0.53,0.69,16,0.25,0.19,1
2026-06-04,GB,youtube,Smart hydration bottle,Electronics,39.55,0.51,0.72,16,0.25,0.19,1
2026-06-04,GB,marketplace,Smart hydration bottle,Electronics,27.25,0.42,0.64,16,0.25,0.19,1
2026-06-04,GB,news,Smart hydration bottle,Electronics,15.29,0.48,0.72,16,0.25,0.19,1
2026-06-04,GB,search,Walking pad,Fitness,31.75,0.32,0.5,17,0.32,0.24,1
2026-06-04,GB,reddit,Walking pad,Fitness,22.81,0.39,0.6,17,0.32,0.24,1
2026-06-04,GB,youtube,Walking pad,Fitness,39.32,0.41,0.59,17,0.32,0.24,1
2026-06-04,GB,marketplace,Walking pad,Fitness,29.2,0.35,0.54,17,0.32,0.24,1
2026-06-04,GB,news,Walking pad,Fitness,17.02,0.39,0.51,17,0.32,0.24,1
2026-06-04,GB,search,Millet snacks,Food,29.59,0.49,0.77,16,0.25,0.19,1
2026-06-04,GB,reddit,Millet snacks,Food,21.37,0.5,0.71,16,0.25,0.19,1
2026-06-04,GB,youtube,Millet snacks,Food,39.11,0.42,0.75,16,0.25,0.19,1
2026-06-04,GB,marketplace,Millet snacks,Food,24.91,0.43,0.79,16,0.25,0.19,1
2026-06-04,GB,news,Millet snacks,Food,14.96,0.44,0.72,16,0.25,0.19,1
2026-06-04,GB,search,Portable blender,Home,24.4,0.33,0.52,17,0.32,0.24,1
2026-06-04,GB,reddit,Portable blender,Home,20.32,0.25,0.52,17,0.32,0.24,1
2026-06-04,GB,youtube,Portable blender,Home,34.91,0.28,0.49,17,0.32,0.24,1
2026-06-04,GB,marketplace,Portable blender,Home,22.59,0.29,0.48,17,0.32,0.24,1
2026-06-04,GB,news,Portable blender,Home,14.21,0.35,0.44,17,0.32,0.24,1
2026-06-04,EU,search,Waterless skincare,Beauty,32.97,0.5,0.73,16,0.25,0.19,1
2026-06-04,EU,reddit,Waterless skincare,Beauty,26.86,0.53,0.75,16,0.25,0.19,1
2026-06-04,EU,youtube,Waterless skincare,Beauty,45.34,0.5,0.7,16,0.25,0.19,1
2026-06-04,EU,marketplace,Waterless skincare,Beauty,29.16,0.48,0.75,16,0.25,0.19,1
2026-06-04,EU,news,Waterless skincare,Beauty,19.28,0.58,0.69,16,0.25,0.19,1
2026-06-04,EU,search,Smart hydration bottle,Electronics,28.46,0.48,0.69,16,0.25,0.19,1
2026-06-04,EU,reddit,Smart hydration bottle,Electronics,20.09,0.45,0.64,16,0.25,0.19,1
2026-06-04,EU,youtube,Smart hydration bottle,Electronics,37.11,0.47,0.72,16,0.25,0.19,1
2026-06-04,EU,marketplace,Smart hydration bottle,Electronics,24.79,0.53,0.73,16,0.25,0.19,1
2026-06-04,EU,news,Smart hydration bottle,Electronics,16.17,0.53,0.7,16,0.25,0.19,1
2026-06-04,EU,search,Walking pad,Fitness,25.2,0.33,0.58,17,0.32,0.24,1
2026-06-04,EU,reddit,Walking pad,Fitness,20.61,0.31,0.59,17,0.32,0.24,1
2026-06-04,EU,youtube,Walking pad,Fitness,38.13,0.37,0.58,17,0.32,0.24,1
2026-06-04,EU,marketplace,Walking pad,Fitness,22.23,0.41,0.5,17,0.32,0.24,1
2026-06-04,EU,news,Walking pad,Fitness,13.99,0.42,0.56,17,0.32,0.24,1
2026-06-04,EU,search,Millet snacks,Food,28.64,0.44,0.79,16,0.25,0.19,1
2026-06-04,EU,reddit,Millet snacks,Food,20.2,0.39,0.78,16,0.25,0.19,1
2026-06-04,EU,youtube,Millet snacks,Food,39.25,0.43,0.75,16,0.25,0.19,1
2026-06-04,EU,marketplace,Millet snacks,Food,24.13,0.48,0.81,16,0.25,0.19,1
2026-06-04,EU,news,Millet snacks,Food,15.75,0.39,0.75,16,0.25,0.19,1
2026-06-04,EU,search,Portable blender,Home,25.89,0.33,0.5,17,0.32,0.24,1
2026-06-04,EU,reddit,Portable blender,Home,20.13,0.3,0.46,17,0.32,0.24,1
2026-06-04,EU,youtube,Portable blender,Home,37.82,0.3,0.51,17,0.32,0.24,1
2026-06-04,EU,marketplace,Portable blender,Home,25.47,0.27,0.52,17,0.32,0.24,1
2026-06-04,EU,news,Portable blender,Home,14.99,0.35,0.51,17,0.32,0.24,1
2026-06-04,IN,search,Waterless skincare,Beauty,33.89,0.56,0.74,16,0.25,0.19,1
2026-06-04,IN,reddit,Waterless skincare,Beauty,27.46,0.46,0.73,16,0.25,0.19,1
2026-06-04,IN,youtube,Waterless skincare,Beauty,43.71,0.48,0.71,16,0.25,0.19,1
2026-06-04,IN,marketplace,Waterless skincare,Beauty,33.24,0.54,0.7,16,0.25,0.19,1
2026-06-04,IN,news,Waterless skincare,Beauty,18.19,0.56,0.74,16,0.25,0.19,1
2026-06-04,IN,search,Smart hydration bottle,Electronics,28.26,0.44,0.72,16,0.25,0.19,1
2026-06-04,IN,reddit,Smart hydration bottle,Electronics,23.24,0.52,0.7,16,0.25,0.19,1
2026-06-04,IN,youtube,Smart hydration bottle,Electronics,36.61,0.42,0.69,16,0.25,0.19,1
2026-06-04,IN,marketplace,Smart hydration bottle,Electronics,25.16,0.44,0.67,16,0.25,0.19,1
2026-06-04,IN,news,Smart hydration bottle,Electronics,15.5,0.46,0.69,16,0.25,0.19,1
2026-06-04,IN,search,Walking pad,Fitness,27.39,0.37,0.57,17,0.32,0.24,1
2026-06-04,IN,reddit,Walking pad,Fitness,19.25,0.34,0.52,17,0.32,0.24,1
2026-06-04,IN,youtube,Walking pad,Fitness,35.22,0.37,0.58,17,0.32,0.24,1
2026-06-04,IN,marketplace,Walking pad,Fitness,23.82,0.35,0.55,17,0.32,0.24,1
2026-06-04,IN,news,Walking pad,Fitness,13.94,0.32,0.59,17,0.32,0.24,1
2026-06-04,IN,search,Millet snacks,Food,37.56,0.41,0.81,16,0.25,0.19,1
2026-06-04,IN,reddit,Millet snacks,Food,26.54,0.46,0.72,16,0.25,0.19,1
2026-06-04,IN,youtube,Millet snacks,Food,48.72,0.42,0.72,16,0.25,0.19,1
2026-06-04,IN,marketplace,Millet snacks,Food,33.54,0.46,0.79,16,0.25,0.19,1
2026-06-04,IN,news,Millet snacks,Food,19.9,0.48,0.76,16,0.25,0.19,1
2026-06-04,IN,search,Portable blender,Home,25.27,0.26,0.46,17,0.32,0.24,1
2026-06-04,IN,reddit,Portable blender,Home,19.21,0.34,0.51,17,0.32,0.24,1
2026-06-04,IN,youtube,Portable blender,Home,32.41,0.33,0.46,17,0.32,0.24,1
2026-06-04,IN,marketplace,Portable blender,Home,22.44,0.28,0.47,17,0.32,0.24,1
2026-06-04,IN,news,Portable blender,Home,13.87,0.34,0.46,17,0.32,0.24,1
2026-06-05,US,search,Waterless skincare,Beauty,31.83,0.5,0.75,16,0.25,0.19,1
2026-06-05,US,reddit,Waterless skincare,Beauty,22.51,0.51,0.73,16,0.25,0.19,1
2026-06-05,US,youtube,Waterless skincare,Beauty,39.69,0.48,0.73,16,0.25,0.19,1
2026-06-05,US,marketplace,Waterless skincare,Beauty,29.5,0.53,0.7,16,0.25,0.19,1
2026-06-05,US,news,Waterless skincare,Beauty,17.21,0.46,0.74,16,0.25,0.19,1
2026-06-05,US,search,Smart hydration bottle,Electronics,36.44,0.43,0.7,16,0.25,0.19,1
2026-06-05,US,reddit,Smart hydration bottle,Electronics,27.73,0.51,0.69,16,0.25,0.19,1
2026-06-05,US,youtube,Smart hydration bottle,Electronics,48.21,0.48,0.67,16,0.25,0.19,1
2026-06-05,US,marketplace,Smart hydration bottle,Electronics,30.13,0.43,0.68,16,0.25,0.19,1
2026-06-05,US,news,Smart hydration bottle,Electronics,20.19,0.44,0.71,16,0.25,0.19,1
2026-06-05,US,search,Walking pad,Fitness,32.11,0.35,0.52,18,0.32,0.24,1
2026-06-05,US,reddit,Walking pad,Fitness,23.51,0.42,0.5,18,0.32,0.24,1
2026-06-05,US,youtube,Walking pad,Fitness,38.23,0.42,0.51,18,0.32,0.24,1
2026-06-05,US,marketplace,Walking pad,Fitness,26.93,0.37,0.52,18,0.32,0.24,1
2026-06-05,US,news,Walking pad,Fitness,16.23,0.33,0.58,18,0.32,0.24,1
2026-06-05,US,search,Millet snacks,Food,27.71,0.41,0.72,16,0.25,0.19,1
2026-06-05,US,reddit,Millet snacks,Food,22.4,0.46,0.72,16,0.25,0.19,1
2026-06-05,US,youtube,Millet snacks,Food,40.08,0.41,0.72,16,0.25,0.19,1
2026-06-05,US,marketplace,Millet snacks,Food,24.31,0.47,0.79,16,0.25,0.19,1
2026-06-05,US,news,Millet snacks,Food,15.61,0.38,0.79,16,0.25,0.19,1
2026-06-05,US,search,Portable blender,Home,26.08,0.25,0.5,18,0.32,0.24,1
2026-06-05,US,reddit,Portable blender,Home,20.07,0.26,0.49,18,0.32,0.24,1
2026-06-05,US,youtube,Portable blender,Home,33.79,0.27,0.48,18,0.32,0.24,1
2026-06-05,US,marketplace,Portable blender,Home,21.59,0.27,0.45,18,0.32,0.24,1
2026-06-05,US,news,Portable blender,Home,13.67,0.31,0.48,18,0.32,0.24,1
2026-06-05,GB,search,Waterless skincare,Beauty,31.43,0.47,0.77,16,0.25,0.19,1
2026-06-05,GB,reddit,Waterless skincare,Beauty,24.49,0.52,0.76,16,0.25,0.19,1
2026-06-05,GB,youtube,Waterless skincare,Beauty,43.92,0.49,0.67,16,0.25,0.19,1
2026-06-05,GB,marketplace,Waterless skincare,Beauty,29.13,0.51,0.71,16,0.25,0.19,1
2026-06-05,GB,news,Waterless skincare,Beauty,17.92,0.47,0.69,16,0.25,0.19,1
2026-06-05,GB,search,Smart hydration bottle,Electronics,30.89,0.46,0.65,16,0.25,0.19,1
2026-06-05,GB,reddit,Smart hydration bottle,Electronics,21.33,0.48,0.69,16,0.25,0.19,1
2026-06-05,GB,youtube,Smart hydration bottle,Electronics,38.18,0.51,0.73,16,0.25,0.19,1
2026-06-05,GB,marketplace,Smart hydration bottle,Electronics,24.59,0.44,0.72,16,0.25,0.19,1
2026-06-05,GB,news,Smart hydration bottle,Electronics,15.91,0.44,0.64,16,0.25,0.19,1
2026-06-05,GB,search,Walking pad,Fitness,31.36,0.36,0.57,18,0.32,0.24,1
2026-06-05,GB,reddit,Walking pad,Fitness,23.35,0.33,0.58,18,0.32,0.24,1
2026-06-05,GB,youtube,Walking pad,Fitness,40.2,0.34,0.53,18,0.32,0.24,1
2026-06-05,GB,marketplace,Walking pad,Fitness,26.41,0.35,0.56,18,0.32,0.24,1
2026-06-05,GB,news,Walking pad,Fitness,16.75,0.31,0.57,18,0.32,0.24,1
2026-06-05,GB,search,Millet snacks,Food,29.21,0.47,0.76,16,0.25,0.19,1
2026-06-05,GB,reddit,Millet snacks,Food,20.6,0.46,0.74,16,0.25,0.19,1
2026-06-05,GB,youtube,Millet snacks,Food,39.19,0.44,0.8,16,0.25,0.19,1
2026-06-05,GB,marketplace,Millet snacks,Food,27.14,0.39,0.72,16,0.25,0.19,1
2026-06-05,GB,news,Millet snacks,Food,15.95,0.42,0.79,16,0.25,0.19,1
2026-06-05,GB,search,Portable blender,Home,24.4,0.32,0.45,18,0.32,0.24,1
2026-06-05,GB,reddit,Portable blender,Home,19.04,0.35,0.43,18,0.32,0.24,1
2026-06-05,GB,youtube,Portable blender,Home,34.21,0.26,0.51,18,0.32,0.24,1
2026-06-05,GB,marketplace,Portable blender,Home,23.01,0.32,0.48,18,0.32,0.24,1
2026-06-05,GB,news,Portable blender,Home,13.89,0.27,0.47,18,0.32,0.24,1
2026-06-05,EU,search,Waterless skincare,Beauty,33.22,0.57,0.74,16,0.25,0.19,1
2026-06-05,EU,reddit,Waterless skincare,Beauty,25.74,0.53,0.71,16,0.25,0.19,1
2026-06-05,EU,youtube,Waterless skincare,Beauty,47.15,0.48,0.72,16,0.25,0.19,1
2026-06-05,EU,marketplace,Waterless skincare,Beauty,29.51,0.53,0.74,16,0.25,0.19,1
2026-06-05,EU,news,Waterless skincare,Beauty,18.87,0.49,0.72,16,0.25,0.19,1
2026-06-05,EU,search,Smart hydration bottle,Electronics,30.33,0.53,0.7,16,0.25,0.19,1
2026-06-05,EU,reddit,Smart hydration bottle,Electronics,22.5,0.43,0.68,16,0.25,0.19,1
2026-06-05,EU,youtube,Smart hydration bottle,Electronics,40.37,0.42,0.67,16,0.25,0.19,1
2026-06-05,EU,marketplace,Smart hydration bottle,Electronics,24.47,0.42,0.73,16,0.25,0.19,1
2026-06-05,EU,news,Smart hydration bottle,Electronics,15.31,0.44,0.7,16,0.25,0.19,1
2026-06-05,EU,search,Walking pad,Fitness,26.8,0.35,0.51,18,0.32,0.24,1
2026-06-05,EU,reddit,Walking pad,Fitness,19.91,0.33,0.54,18,0.32,0.24,1
2026-06-05,EU,youtube,Walking pad,Fitness,36.29,0.33,0.56,18,0.32,0.24,1
2026-06-05,EU,marketplace,Walking pad,Fitness,25.43,0.34,0.58,18,0.32,0.24,1
2026-06-05,EU,news,Walking pad,Fitness,15.42,0.38,0.53,18,0.32,0.24,1
2026-06-05,EU,search,Millet snacks,Food,28.39,0.43,0.74,16,0.25,0.19,1
2026-06-05,EU,reddit,Millet snacks,Food,21.05,0.46,0.72,16,0.25,0.19,1
2026-06-05,EU,youtube,Millet snacks,Food,35.84,0.47,0.74,16,0.25,0.19,1
2026-06-05,EU,marketplace,Millet snacks,Food,24.28,0.39,0.79,16,0.25,0.19,1
2026-06-05,EU,news,Millet snacks,Food,15.54,0.47,0.74,16,0.25,0.19,1
2026-06-05,EU,search,Portable blender,Home,28.65,0.31,0.46,18,0.32,0.24,1
2026-06-05,EU,reddit,Portable blender,Home,21.59,0.34,0.5,18,0.32,0.24,1
2026-06-05,EU,youtube,Portable blender,Home,37.12,0.26,0.51,18,0.32,0.24,1
2026-06-05,EU,marketplace,Portable blender,Home,26.54,0.25,0.51,18,0.32,0.24,1
2026-06-05,EU,news,Portable blender,Home,14.43,0.25,0.52,18,0.32,0.24,1
2026-06-05,IN,search,Waterless skincare,Beauty,34.2,0.57,0.68,16,0.25,0.19,1
2026-06-05,IN,reddit,Waterless skincare,Beauty,26.34,0.51,0.74,16,0.25,0.19,1
2026-06-05,IN,youtube,Waterless skincare,Beauty,46.19,0.52,0.68,16,0.25,0.19,1
2026-06-05,IN,marketplace,Waterless skincare,Beauty,31.82,0.51,0.71,16,0.25,0.19,1
2026-06-05,IN,news,Waterless skincare,Beauty,19.22,0.5,0.72,16,0.25,0.19,1
2026-06-05,IN,search,Smart hydration bottle,Electronics,29.48,0.52,0.71,16,0.25,0.19,1
2026-06-05,IN,reddit,Smart hydration bottle,Electronics,23.42,0.53,0.71,16,0.25,0.19,1
2026-06-05,IN,youtube,Smart hydration bottle,Electronics,40.8,0.52,0.69,16,0.25,0.19,1
2026-06-05,IN,marketplace,Smart hydration bottle,Electronics,26.38,0.51,0.7,16,0.25,0.19,1
2026-06-05,IN,news,Smart hydration bottle,Electronics,16.28,0.47,0.66,16,0.25,0.19,1
2026-06-05,IN,search,Walking pad,Fitness,25.2,0.35,0.55,18,0.32,0.24,1
2026-06-05,IN,reddit,Walking pad,Fitness,20.73,0.39,0.52,18,0.32,0.24,1
2026-06-05,IN,youtube,Walking pad,Fitness,36.75,0.43,0.59,18,0.32,0.24,1
2026-06-05,IN,marketplace,Walking pad,Fitness,23.9,0.33,0.57,18,0.32,0.24,1
2026-06-05,IN,news,Walking pad,Fitness,13.83,0.36,0.55,18,0.32,0.24,1
2026-06-05,IN,search,Millet snacks,Food,33.97,0.42,0.72,16,0.25,0.19,1
2026-06-05,IN,reddit,Millet snacks,Food,26.87,0.41,0.8,16,0.25,0.19,1
2026-06-05,IN,youtube,Millet snacks,Food,50.01,0.38,0.74,16,0.25,0.19,1
2026-06-05,IN,marketplace,Millet snacks,Food,32.75,0.38,0.78,16,0.25,0.19,1
2026-06-05,IN,news,Millet snacks,Food,19.38,0.45,0.81,16,0.25,0.19,1
2026-06-05,IN,search,Portable blender,Home,26.83,0.34,0.52,18,0.32,0.24,1
2026-06-05,IN,reddit,Portable blender,Home,20.59,0.31,0.48,18,0.32,0.24,1
2026-06-05,IN,youtube,Portable blender,Home,34.53,0.34,0.51,18,0.32,0.24,1
2026-06-05,IN,marketplace,Portable blender,Home,24.1,0.24,0.43,18,0.32,0.24,1
2026-06-05,IN,news,Portable blender,Home,14.9,0.25,0.5,18,0.32,0.24,1
2026-06-06,US,search,Waterless skincare,Beauty,32.77,0.48,0.71,17,0.25,0.19,1
2026-06-06,US,reddit,Waterless skincare,Beauty,24.5,0.47,0.73,17,0.25,0.19,1
2026-06-06,US,youtube,Waterless skincare,Beauty,39.48,0.47,0.72,17,0.25,0.19,1
2026-06-06,US,marketplace,Waterless skincare,Beauty,29.94,0.48,0.73,17,0.25,0.19,1
2026-06-06,US,news,Waterless skincare,Beauty,15.98,0.56,0.75,17,0.25,0.19,1
2026-06-06,US,search,Smart hydration bottle,Electronics,34.36,0.5,0.72,17,0.25,0.19,1
2026-06-06,US,reddit,Smart hydration bottle,Electronics,26.77,0.53,0.68,17,0.25,0.19,1
2026-06-06,US,youtube,Smart hydration bottle,Electronics,50.55,0.46,0.71,17,0.25,0.19,1
2026-06-06,US,marketplace,Smart hydration bottle,Electronics,32.5,0.42,0.71,17,0.25,0.19,1
2026-06-06,US,news,Smart hydration bottle,Electronics,19.4,0.5,0.64,17,0.25,0.19,1
2026-06-06,US,search,Walking pad,Fitness,30.31,0.34,0.52,18,0.32,0.24,1
2026-06-06,US,reddit,Walking pad,Fitness,22.94,0.33,0.57,18,0.32,0.24,1
2026-06-06,US,youtube,Walking pad,Fitness,43.2,0.31,0.53,18,0.32,0.24,1
2026-06-06,US,marketplace,Walking pad,Fitness,26.93,0.35,0.56,18,0.32,0.24,1
2026-06-06,US,news,Walking pad,Fitness,17.27,0.37,0.55,18,0.32,0.24,1
2026-06-06,US,search,Millet snacks,Food,27.4,0.39,0.78,17,0.25,0.19,1
2026-06-06,US,reddit,Millet snacks,Food,20.76,0.45,0.81,17,0.25,0.19,1
2026-06-06,US,youtube,Millet snacks,Food,40.55,0.47,0.73,17,0.25,0.19,1
2026-06-06,US,marketplace,Millet snacks,Food,25.6,0.39,0.78,17,0.25,0.19,1
2026-06-06,US,news,Millet snacks,Food,15.36,0.48,0.77,17,0.25,0.19,1
2026-06-06,US,search,Portable blender,Home,27.29,0.26,0.51,18,0.32,0.24,1
2026-06-06,US,reddit,Portable blender,Home,18.38,0.24,0.5,18,0.32,0.24,1
2026-06-06,US,youtube,Portable blender,Home,33.31,0.25,0.46,18,0.32,0.24,1
2026-06-06,US,marketplace,Portable blender,Home,22.36,0.26,0.52,18,0.32,0.24,1
2026-06-06,US,news,Portable blender,Home,13.57,0.27,0.5,18,0.32,0.24,1
2026-06-06,GB,search,Waterless skincare,Beauty,31.62,0.52,0.73,17,0.25,0.19,1
2026-06-06,GB,reddit,Waterless skincare,Beauty,24.01,0.54,0.71,17,0.25,0.19,1
2026-06-06,GB,youtube,Waterless skincare,Beauty,44.96,0.56,0.67,17,0.25,0.19,1
2026-06-06,GB,marketplace,Waterless skincare,Beauty,30.81,0.51,0.72,17,0.25,0.19,1
2026-06-06,GB,news,Waterless skincare,Beauty,17.26,0.54,0.7,17,0.25,0.19,1
2026-06-06,GB,search,Smart hydration bottle,Electronics,30.49,0.51,0.65,17,0.25,0.19,1
2026-06-06,GB,reddit,Smart hydration bottle,Electronics,22.53,0.48,0.71,17,0.25,0.19,1
2026-06-06,GB,youtube,Smart hydration bottle,Electronics,41.07,0.43,0.71,17,0.25,0.19,1
2026-06-06,GB,marketplace,Smart hydration bottle,Electronics,25.41,0.47,0.63,17,0.25,0.19,1
2026-06-06,GB,news,Smart hydration bottle,Electronics,15.21,0.49,0.65,17,0.25,0.19,1
2026-06-06,GB,search,Walking pad,Fitness,29.48,0.38,0.54,18,0.32,0.24,1
2026-06-06,GB,reddit,Walking pad,Fitness,22.89,0.38,0.5,18,0.32,0.24,1
2026-06-06,GB,youtube,Walking pad,Fitness,43.1,0.38,0.59,18,0.32,0.24,1
2026-06-06,GB,marketplace,Walking pad,Fitness,26.02,0.36,0.53,18,0.32,0.24,1
2026-06-06,GB,news,Walking pad,Fitness,17.43,0.32,0.59,18,0.32,0.24,1
2026-06-06,GB,search,Millet snacks,Food,27.66,0.44,0.73,17,0.25,0.19,1
2026-06-06,GB,reddit,Millet snacks,Food,19.9,0.48,0.76,17,0.25,0.19,1
2026-06-06,GB,youtube,Millet snacks,Food,38.79,0.43,0.75,17,0.25,0.19,1
2026-06-06,GB,marketplace,Millet snacks,Food,26.79,0.41,0.75,17,0.25,0.19,1
2026-06-06,GB,news,Millet snacks,Food,15.28,0.46,0.74,17,0.25,0.19,1
2026-06-06,GB,search,Portable blender,Home,27.44,0.34,0.51,18,0.32,0.24,1
2026-06-06,GB,reddit,Portable blender,Home,20.39,0.3,0.47,18,0.32,0.24,1
2026-06-06,GB,youtube,Portable blender,Home,36.09,0.35,0.47,18,0.32,0.24,1
2026-06-06,GB,marketplace,Portable blender,Home,21.64,0.3,0.52,18,0.32,0.24,1
2026-06-06,GB,news,Portable blender,Home,14.93,0.35,0.52,18,0.32,0.24,1
2026-06-06,EU,search,Waterless skincare,Beauty,33.09,0.58,0.75,17,0.25,0.19,1
2026-06-06,EU,reddit,Waterless skincare,Beauty,24.57,0.5,0.77,17,0.25,0.19,1
2026-06-06,EU,youtube,Waterless skincare,Beauty,49.71,0.5,0.75,17,0.25,0.19,1
2026-06-06,EU,marketplace,Waterless skincare,Beauty,32.4,0.52,0.69,17,0.25,0.19,1
2026-06-06,EU,news,Waterless skincare,Beauty,17.67,0.48,0.76,17,0.25,0.19,1
2026-06-06,EU,search,Smart hydration bottle,Electronics,28.03,0.42,0.65,17,0.25,0.19,1
2026-06-06,EU,reddit,Smart hydration bottle,Electronics,20.73,0.43,0.65,17,0.25,0.19,1
2026-06-06,EU,youtube,Smart hydration bottle,Electronics,39.93,0.52,0.67,17,0.25,0.19,1
2026-06-06,EU,marketplace,Smart hydration bottle,Electronics,25.87,0.46,0.68,17,0.25,0.19,1
2026-06-06,EU,news,Smart hydration bottle,Electronics,16.27,0.5,0.72,17,0.25,0.19,1
2026-06-06,EU,search,Walking pad,Fitness,27.47,0.41,0.57,18,0.32,0.24,1
2026-06-06,EU,reddit,Walking pad,Fitness,20.87,0.32,0.51,18,0.32,0.24,1
2026-06-06,EU,youtube,Walking pad,Fitness,37.56,0.32,0.58,18,0.32,0.24,1
2026-06-06,EU,marketplace,Walking pad,Fitness,25.5,0.41,0.57,18,0.32,0.24,1
2026-06-06,EU,news,Walking pad,Fitness,14.6,0.35,0.51,18,0.32,0.24,1
2026-06-06,EU,search,Millet snacks,Food,28.08,0.47,0.77,17,0.25,0.19,1
2026-06-06,EU,reddit,Millet snacks,Food,20.27,0.45,0.79,17,0.25,0.19,1
2026-06-06,EU,youtube,Millet snacks,Food,37.28,0.42,0.79,17,0.25,0.19,1
2026-06-06,EU,marketplace,Millet snacks,Food,25.71,0.47,0.8,17,0.25,0.19,1
2026-06-06,EU,news,Millet snacks,Food,15.79,0.4,0.73,17,0.25,0.19,1
2026-06-06,EU,search,Portable blender,Home,26.62,0.29,0.46,18,0.32,0.24,1
2026-06-06,EU,reddit,Portable blender,Home,21.26,0.29,0.46,18,0.32,0.24,1
2026-06-06,EU,youtube,Portable blender,Home,36.86,0.33,0.43,18,0.32,0.24,1
2026-06-06,EU,marketplace,Portable blender,Home,26.57,0.29,0.45,18,0.32,0.24,1
2026-06-06,EU,news,Portable blender,Home,15.65,0.34,0.48,18,0.32,0.24,1
2026-06-06,IN,search,Waterless skincare,Beauty,33.35,0.54,0.68,17,0.25,0.19,1
2026-06-06,IN,reddit,Waterless skincare,Beauty,27.91,0.56,0.67,17,0.25,0.19,1
2026-06-06,IN,youtube,Waterless skincare,Beauty,46.6,0.53,0.71,17,0.25,0.19,1
2026-06-06,IN,marketplace,Waterless skincare,Beauty,31.68,0.52,0.77,17,0.25,0.19,1
2026-06-06,IN,news,Waterless skincare,Beauty,19.21,0.55,0.7,17,0.25,0.19,1
2026-06-06,IN,search,Smart hydration bottle,Electronics,28.62,0.49,0.69,17,0.25,0.19,1
2026-06-06,IN,reddit,Smart hydration bottle,Electronics,23.15,0.47,0.67,17,0.25,0.19,1
2026-06-06,IN,youtube,Smart hydration bottle,Electronics,39.84,0.46,0.68,17,0.25,0.19,1
2026-06-06,IN,marketplace,Smart hydration bottle,Electronics,26.15,0.51,0.73,17,0.25,0.19,1
2026-06-06,IN,news,Smart hydration bottle,Electronics,16.36,0.46,0.7,17,0.25,0.19,1
2026-06-06,IN,search,Walking pad,Fitness,25.84,0.35,0.59,18,0.32,0.24,1
2026-06-06,IN,reddit,Walking pad,Fitness,20.63,0.33,0.58,18,0.32,0.24,1
2026-06-06,IN,youtube,Walking pad,Fitness,37.85,0.36,0.5,18,0.32,0.24,1
2026-06-06,IN,marketplace,Walking pad,Fitness,23.7,0.32,0.55,18,0.32,0.24,1
2026-06-06,IN,news,Walking pad,Fitness,14.66,0.41,0.57,18,0.32,0.24,1
2026-06-06,IN,search,Millet snacks,Food,35.52,0.42,0.74,17,0.25,0.19,1
2026-06-06,IN,reddit,Millet snacks,Food,28.83,0.44,0.73,17,0.25,0.19,1
2026-06-06,IN,youtube,Millet snacks,Food,48.67,0.38,0.74,17,0.25,0.19,1
2026-06-06,IN,marketplace,Millet snacks,Food,33.74,0.45,0.75,17,0.25,0.19,1
2026-06-06,IN,news,Millet snacks,Food,18.92,0.47,0.73,17,0.25,0.19,1
2026-06-06,IN,search,Portable blender,Home,24.3,0.25,0.5,18,0.32,0.24,1
2026-06-06,IN,reddit,Portable blender,Home,19.71,0.29,0.46,18,0.32,0.24,1
2026-06-06,IN,youtube,Portable blender,Home,37.13,0.32,0.45,18,0.32,0.24,1
2026-06-06,IN,marketplace,Portable blender,Home,24.28,0.34,0.5,18,0.32,0.24,1
2026-06-06,IN,news,Portable blender,Home,14.24,0.29,0.44,18,0.32,0.24,1
2026-06-07,US,search,Waterless skincare,Beauty,30.96,0.48,0.77,17,0.25,0.19,1
2026-06-07,US,reddit,Waterless skincare,Beauty,24.1,0.57,0.71,17,0.25,0.19,1
2026-06-07,US,youtube,Waterless skincare,Beauty,45.42,0.47,0.76,17,0.25,0.19,1
2026-06-07,US,marketplace,Waterless skincare,Beauty,29.36,0.51,0.67,17,0.25,0.19,1
2026-06-07,US,news,Waterless skincare,Beauty,18.43,0.49,0.74,17,0.25,0.19,1
2026-06-07,US,search,Smart hydration bottle,Electronics,37.55,0.52,0.67,17,0.25,0.19,1
2026-06-07,US,reddit,Smart hydration bottle,Electronics,25.3,0.44,0.66,17,0.25,0.19,1
2026-06-07,US,youtube,Smart hydration bottle,Electronics,46.79,0.48,0.72,17,0.25,0.19,1
2026-06-07,US,marketplace,Smart hydration bottle,Electronics,30.93,0.51,0.67,17,0.25,0.19,1
2026-06-07,US,news,Smart hydration bottle,Electronics,19.53,0.51,0.67,17,0.25,0.19,1
2026-06-07,US,search,Walking pad,Fitness,31.87,0.4,0.53,18,0.33,0.25,1
2026-06-07,US,reddit,Walking pad,Fitness,23.66,0.38,0.59,18,0.33,0.25,1
2026-06-07,US,youtube,Walking pad,Fitness,42.62,0.34,0.54,18,0.33,0.25,1
2026-06-07,US,marketplace,Walking pad,Fitness,25.85,0.36,0.51,18,0.33,0.25,1
2026-06-07,US,news,Walking pad,Fitness,16.39,0.38,0.6,18,0.33,0.25,1
2026-06-07,US,search,Millet snacks,Food,28.49,0.41,0.71,17,0.25,0.19,1
2026-06-07,US,reddit,Millet snacks,Food,21.39,0.39,0.74,17,0.25,0.19,1
2026-06-07,US,youtube,Millet snacks,Food,40.64,0.48,0.77,17,0.25,0.19,1
2026-06-07,US,marketplace,Millet snacks,Food,26.81,0.42,0.75,17,0.25,0.19,1
2026-06-07,US,news,Millet snacks,Food,17.05,0.38,0.74,17,0.25,0.19,1
2026-06-07,US,search,Portable blender,Home,25.45,0.29,0.48,18,0.33,0.25,1
2026-06-07,US,reddit,Portable blender,Home,20.17,0.26,0.5,18,0.33,0.25,1
2026-06-07,US,youtube,Portable blender,Home,35.96,0.27,0.43,18,0.33,0.25,1
2026-06-07,US,marketplace,Portable blender,Home,24.56,0.35,0.49,18,0.33,0.25,1
2026-06-07,US,news,Portable blender,Home,14.43,0.28,0.45,18,0.33,0.25,1
2026-06-07,GB,search,Waterless skincare,Beauty,35.33,0.5,0.7,17,0.25,0.19,1
2026-06-07,GB,reddit,Waterless skincare,Beauty,24.17,0.54,0.67,17,0.25,0.19,1
2026-06-07,GB,youtube,Waterless skincare,Beauty,45.44,0.48,0.71,17,0.25,0.19,1
2026-06-07,GB,marketplace,Waterless skincare,Beauty,29.49,0.58,0.67,17,0.25,0.19,1
2026-06-07,GB,news,Waterless skincare,Beauty,19.4,0.53,0.72,17,0.25,0.19,1
2026-06-07,GB,search,Smart hydration bottle,Electronics,28.43,0.53,0.64,17,0.25,0.19,1
2026-06-07,GB,reddit,Smart hydration bottle,Electronics,22.48,0.52,0.64,17,0.25,0.19,1
2026-06-07,GB,youtube,Smart hydration bottle,Electronics,38.29,0.53,0.69,17,0.25,0.19,1
2026-06-07,GB,marketplace,Smart hydration bottle,Electronics,25.38,0.43,0.71,17,0.25,0.19,1
2026-06-07,GB,news,Smart hydration bottle,Electronics,16.77,0.46,0.67,17,0.25,0.19,1
2026-06-07,GB,search,Walking pad,Fitness,32.4,0.36,0.56,18,0.33,0.25,1
2026-06-07,GB,reddit,Walking pad,Fitness,22.88,0.35,0.51,18,0.33,0.25,1
2026-06-07,GB,youtube,Walking pad,Fitness,44.53,0.42,0.58,18,0.33,0.25,1
2026-06-07,GB,marketplace,Walking pad,Fitness,27.45,0.37,0.54,18,0.33,0.25,1
2026-06-07,GB,news,Walking pad,Fitness,18.08,0.37,0.55,18,0.33,0.25,1
2026-06-07,GB,search,Millet snacks,Food,30.01,0.43,0.8,17,0.25,0.19,1
2026-06-07,GB,reddit,Millet snacks,Food,20.56,0.41,0.76,17,0.25,0.19,1
2026-06-07,GB,youtube,Millet snacks,Food,37.85,0.43,0.73,17,0.25,0.19,1
2026-06-07,GB,marketplace,Millet snacks,Food,27.31,0.43,0.78,17,0.25,0.19,1
2026-06-07,GB,news,Millet snacks,Food,16.84,0.43,0.77,17,0.25,0.19,1
2026-06-07,GB,search,Portable blender,Home,26.35,0.25,0.49,18,0.33,0.25,1
2026-06-07,GB,reddit,Portable blender,Home,20.79,0.31,0.5,18,0.33,0.25,1
2026-06-07,GB,youtube,Portable blender,Home,37.17,0.27,0.45,18,0.33,0.25,1
2026-06-07,GB,marketplace,Portable blender,Home,23.55,0.29,0.44,18,0.33,0.25,1
2026-06-07,GB,news,Portable blender,Home,13.99,0.32,0.52,18,0.33,0.25,1
2026-06-07,EU,search,Waterless skincare,Beauty,35.7,0.53,0.76,17,0.25,0.19,1
2026-06-07,EU,reddit,Waterless skincare,Beauty,27.49,0.48,0.71,17,0.25,0.19,1
2026-06-07,EU,youtube,Waterless skincare,Beauty,49.65,0.48,0.76,17,0.25,0.19,1
2026-06-07,EU,marketplace,Waterless skincare,Beauty,33.3,0.5,0.7,17,0.25,0.19,1
2026-06-07,EU,news,Waterless skincare,Beauty,20.28,0.48,0.72,17,0.25,0.19,1
2026-06-07,EU,search,Smart hydration bottle,Electronics,28.09,0.49,0.73,17,0.25,0.19,1
2026-06-07,EU,reddit,Smart hydration bottle,Electronics,22.76,0.53,0.68,17,0.25,0.19,1
2026-06-07,EU,youtube,Smart hydration bottle,Electronics,37.19,0.49,0.66,17,0.25,0.19,1
2026-06-07,EU,marketplace,Smart hydration bottle,Electronics,27.76,0.43,0.68,17,0.25,0.19,1
2026-06-07,EU,news,Smart hydration bottle,Electronics,17.06,0.42,0.63,17,0.25,0.19,1
2026-06-07,EU,search,Walking pad,Fitness,27.72,0.41,0.6,18,0.33,0.25,1
2026-06-07,EU,reddit,Walking pad,Fitness,21.31,0.32,0.54,18,0.33,0.25,1
2026-06-07,EU,youtube,Walking pad,Fitness,35.29,0.39,0.51,18,0.33,0.25,1
2026-06-07,EU,marketplace,Walking pad,Fitness,25.29,0.38,0.55,18,0.33,0.25,1
2026-06-07,EU,news,Walking pad,Fitness,13.88,0.36,0.57,18,0.33,0.25,1
2026-06-07,EU,search,Millet snacks,Food,27.57,0.43,0.79,17,0.25,0.19,1
2026-06-07,EU,reddit,Millet snacks,Food,22.1,0.42,0.78,17,0.25,0.19,1
2026-06-07,EU,youtube,Millet snacks,Food,38.4,0.46,0.75,17,0.25,0.19,1
2026-06-07,EU,marketplace,Millet snacks,Food,24.21,0.4,0.74,17,0.25,0.19,1
2026-06-07,EU,news,Millet snacks,Food,16.33,0.47,0.72,17,0.25,0.19,1
2026-06-07,EU,search,Portable blender,Home,26.63,0.28,0.46,18,0.33,0.25,1
2026-06-07,EU,reddit,Portable blender,Home,22.16,0.33,0.45,18,0.33,0.25,1
2026-06-07,EU,youtube,Portable blender,Home,35.57,0.31,0.44,18,0.33,0.25,1
2026-06-07,EU,marketplace,Portable blender,Home,26.54,0.29,0.45,18,0.33,0.25,1
2026-06-07,EU,news,Portable blender,Home,14.84,0.27,0.47,18,0.33,0.25,1
2026-06-07,IN,search,Waterless skincare,Beauty,37.28,0.54,0.73,17,0.25,0.19,1
2026-06-07,IN,reddit,Waterless skincare,Beauty,27.23,0.55,0.68,17,0.25,0.19,1
2026-06-07,IN,youtube,Waterless skincare,Beauty,46.94,0.49,0.71,17,0.25,0.19,1
2026-06-07,IN,marketplace,Waterless skincare,Beauty,31.63,0.49,0.76,17,0.25,0.19,1
2026-06-07,IN,news,Waterless skincare,Beauty,18.77,0.54,0.72,17,0.25,0.19,1
2026-06-07,IN,search,Smart hydration bottle,Electronics,29.68,0.45,0.7,17,0.25,0.19,1
2026-06-07,IN,reddit,Smart hydration bottle,Electronics,23.06,0.43,0.66,17,0.25,0.19,1
2026-06-07,IN,youtube,Smart hydration bottle,Electronics,39.75,0.49,0.63,17,0.25,0.19,1
2026-06-07,IN,marketplace,Smart hydration bottle,Electronics,25.85,0.45,0.69,17,0.25,0.19,1
2026-06-07,IN,news,Smart hydration bottle,Electronics,15.91,0.5,0.7,17,0.25,0.19,1
2026-06-07,IN,search,Walking pad,Fitness,29.29,0.36,0.56,18,0.33,0.25,1
2026-06-07,IN,reddit,Walking pad,Fitness,19.59,0.35,0.52,18,0.33,0.25,1
2026-06-07,IN,youtube,Walking pad,Fitness,38.8,0.34,0.54,18,0.33,0.25,1
2026-06-07,IN,marketplace,Walking pad,Fitness,25.91,0.37,0.52,18,0.33,0.25,1
2026-06-07,IN,news,Walking pad,Fitness,15.12,0.33,0.59,18,0.33,0.25,1
2026-06-07,IN,search,Millet snacks,Food,34.62,0.49,0.74,17,0.25,0.19,1
2026-06-07,IN,reddit,Millet snacks,Food,27.12,0.41,0.74,17,0.25,0.19,1
2026-06-07,IN,youtube,Millet snacks,Food,52.1,0.47,0.77,17,0.25,0.19,1
2026-06-07,IN,marketplace,Millet snacks,Food,32.76,0.43,0.8,17,0.25,0.19,1
2026-06-07,IN,news,Millet snacks,Food,21.59,0.48,0.79,17,0.25,0.19,1
2026-06-07,IN,search,Portable blender,Home,27.0,0.3,0.45,18,0.33,0.25,1
2026-06-07,IN,reddit,Portable blender,Home,18.67,0.31,0.47,18,0.33,0.25,1
2026-06-07,IN,youtube,Portable blender,Home,33.09,0.27,0.44,18,0.33,0.25,1
2026-06-07,IN,marketplace,Portable blender,Home,23.55,0.3,0.5,18,0.33,0.25,1
2026-06-07,IN,news,Portable blender,Home,15.03,0.35,0.44,18,0.33,0.25,1
2026-06-08,US,search,Waterless skincare,Beauty,32.24,0.49,0.7,17,0.26,0.19,1
2026-06-08,US,reddit,Waterless skincare,Beauty,24.76,0.54,0.74,17,0.26,0.19,1
2026-06-08,US,youtube,Waterless skincare,Beauty,41.58,0.54,0.72,17,0.26,0.19,1
2026-06-08,US,marketplace,Waterless skincare,Beauty,26.9,0.53,0.73,17,0.26,0.19,1
2026-06-08,US,news,Waterless skincare,Beauty,16.56,0.48,0.75,17,0.26,0.19,1
2026-06-08,US,search,Smart hydration bottle,Electronics,33.87,0.52,0.68,17,0.26,0.19,1
2026-06-08,US,reddit,Smart hydration bottle,Electronics,25.39,0.44,0.69,17,0.26,0.19,1
2026-06-08,US,youtube,Smart hydration bottle,Electronics,49.25,0.47,0.68,17,0.26,0.19,1
2026-06-08,US,marketplace,Smart hydration bottle,Electronics,33.74,0.45,0.69,17,0.26,0.19,1
2026-06-08,US,news,Smart hydration bottle,Electronics,19.0,0.43,0.64,17,0.26,0.19,1
2026-06-08,US,search,Walking pad,Fitness,29.78,0.37,0.52,18,0.33,0.25,1
2026-06-08,US,reddit,Walking pad,Fitness,23.28,0.38,0.56,18,0.33,0.25,1
2026-06-08,US,youtube,Walking pad,Fitness,44.1,0.32,0.59,18,0.33,0.25,1
2026-06-08,US,marketplace,Walking pad,Fitness,29.07,0.33,0.58,18,0.33,0.25,1
2026-06-08,US,news,Walking pad,Fitness,17.38,0.36,0.5,18,0.33,0.25,1
2026-06-08,US,search,Millet snacks,Food,30.62,0.45,0.76,17,0.26,0.19,1
2026-06-08,US,reddit,Millet snacks,Food,21.17,0.44,0.76,17,0.26,0.19,1
2026-06-08,US,youtube,Millet snacks,Food,42.43,0.41,0.8,17,0.26,0.19,1
2026-06-08,US,marketplace,Millet snacks,Food,25.67,0.41,0.77,17,0.26,0.19,1
2026-06-08,US,news,Millet snacks,Food,15.82,0.43,0.81,17,0.26,0.19,1
2026-06-08,US,search,Portable blender,Home,27.86,0.29,0.46,18,0.33,0.25,1
2026-06-08,US,reddit,Portable blender,Home,20.97,0.29,0.45,18,0.33,0.25,1
2026-06-08,US,youtube,Portable blender,Home,33.25,0.29,0.46,18,0.33,0.25,1
2026-06-08,US,marketplace,Portable blender,Home,25.0,0.29,0.49,18,0.33,0.25,1
2026-06-08,US,news,Portable blender,Home,14.5,0.26,0.51,18,0.33,0.25,1
2026-06-08,GB,search,Waterless skincare,Beauty,34.75,0.49,0.72,17,0.26,0.19,1
2026-06-08,GB,reddit,Waterless skincare,Beauty,24.5,0.52,0.68,17,0.26,0.19,1
2026-06-08,GB,youtube,Waterless skincare,Beauty,43.98,0.53,0.73,17,0.26,0.19,1
2026-06-08,GB,marketplace,Waterless skincare,Beauty,28.7,0.48,0.75,17,0.26,0.19,1
2026-06-08,GB,news,Waterless skincare,Beauty,19.17,0.56,0.73,17,0.26,0.19,1
2026-06-08,GB,search,Smart hydration bottle,Electronics,28.44,0.53,0.73,17,0.26,0.19,1
2026-06-08,GB,reddit,Smart hydration bottle,Electronics,22.89,0.51,0.71,17,0.26,0.19,1
2026-06-08,GB,youtube,Smart hydration bottle,Electronics,39.03,0.53,0.68,17,0.26,0.19,1
2026-06-08,GB,marketplace,Smart hydration bottle,Electronics,28.23,0.45,0.64,17,0.26,0.19,1
2026-06-08,GB,news,Smart hydration bottle,Electronics,16.05,0.46,0.7,17,0.26,0.19,1
2026-06-08,GB,search,Walking pad,Fitness,31.37,0.36,0.54,18,0.33,0.25,1
2026-06-08,GB,reddit,Walking pad,Fitness,23.42,0.4,0.54,18,0.33,0.25,1
2026-06-08,GB,youtube,Walking pad,Fitness,45.45,0.35,0.58,18,0.33,0.25,1
2026-06-08,GB,marketplace,Walking pad,Fitness,30.33,0.4,0.5,18,0.33,0.25,1
2026-06-08,GB,news,Walking pad,Fitness,17.87,0.33,0.57,18,0.33,0.25,1
2026-06-08,GB,search,Millet snacks,Food,28.19,0.42,0.74,17,0.26,0.19,1
2026-06-08,GB,reddit,Millet snacks,Food,22.65,0.42,0.77,17,0.26,0.19,1
2026-06-08,GB,youtube,Millet snacks,Food,37.53,0.4,0.76,17,0.26,0.19,1
2026-06-08,GB,marketplace,Millet snacks,Food,27.42,0.39,0.73,17,0.26,0.19,1
2026-06-08,GB,news,Millet snacks,Food,15.57,0.44,0.78,17,0.26,0.19,1
2026-06-08,GB,search,Portable blender,Home,26.01,0.35,0.43,18,0.33,0.25,1
2026-06-08,GB,reddit,Portable blender,Home,20.03,0.32,0.52,18,0.33,0.25,1
2026-06-08,GB,youtube,Portable blender,Home,35.2,0.27,0.49,18,0.33,0.25,1
2026-06-08,GB,marketplace,Portable blender,Home,23.1,0.25,0.49,18,0.33,0.25,1
2026-06-08,GB,news,Portable blender,Home,13.92,0.28,0.52,18,0.33,0.25,1
2026-06-08,EU,search,Waterless skincare,Beauty,33.47,0.48,0.74,17,0.26,0.19,1
2026-06-08,EU,reddit,Waterless skincare,Beauty,25.89,0.55,0.71,17,0.26,0.19,1
2026-06-08,EU,youtube,Waterless skincare,Beauty,45.45,0.48,0.7,17,0.26,0.19,1
2026-06-08,EU,marketplace,Waterless skincare,Beauty,30.52,0.47,0.69,17,0.26,0.19,1
2026-06-08,EU,news,Waterless skincare,Beauty,19.67,0.55,0.7,17,0.26,0.19,1
2026-06-08,EU,search,Smart hydration bottle,Electronics,29.61,0.45,0.63,17,0.26,0.19,1
2026-06-08,EU,reddit,Smart hydration bottle,Electronics,22.95,0.42,0.71,17,0.26,0.19,1
2026-06-08,EU,youtube,Smart hydration bottle,Electronics,40.97,0.45,0.72,17,0.26,0.19,1
2026-06-08,EU,marketplace,Smart hydration bottle,Electronics,28.03,0.47,0.72,17,0.26,0.19,1
2026-06-08,EU,news,Smart hydration bottle,Electronics,15.5,0.47,0.68,17,0.26,0.19,1
2026-06-08,EU,search,Walking pad,Fitness,26.67,0.39,0.57,18,0.33,0.25,1
2026-06-08,EU,reddit,Walking pad,Fitness,19.78,0.4,0.5,18,0.33,0.25,1
2026-06-08,EU,youtube,Walking pad,Fitness,34.89,0.36,0.54,18,0.33,0.25,1
2026-06-08,EU,marketplace,Walking pad,Fitness,24.53,0.31,0.55,18,0.33,0.25,1
2026-06-08,EU,news,Walking pad,Fitness,15.89,0.37,0.5,18,0.33,0.25,1
2026-06-08,EU,search,Millet snacks,Food,28.45,0.38,0.76,17,0.26,0.19,1
2026-06-08,EU,reddit,Millet snacks,Food,22.43,0.47,0.76,17,0.26,0.19,1
2026-06-08,EU,youtube,Millet snacks,Food,39.16,0.46,0.78,17,0.26,0.19,1
2026-06-08,EU,marketplace,Millet snacks,Food,26.07,0.5,0.79,17,0.26,0.19,1
2026-06-08,EU,news,Millet snacks,Food,15.86,0.47,0.79,17,0.26,0.19,1
2026-06-08,EU,search,Portable blender,Home,26.53,0.35,0.49,18,0.33,0.25,1
2026-06-08,EU,reddit,Portable blender,Home,22.57,0.33,0.51,18,0.33,0.25,1
2026-06-08,EU,youtube,Portable blender,Home,37.64,0.27,0.48,18,0.33,0.25,1
2026-06-08,EU,marketplace,Portable blender,Home,26.69,0.32,0.5,18,0.33,0.25,1
2026-06-08,EU,news,Portable blender,Home,14.56,0.31,0.46,18,0.33,0.25,1
2026-06-08,IN,search,Waterless skincare,Beauty,36.45,0.54,0.75,17,0.26,0.19,1
2026-06-08,IN,reddit,Waterless skincare,Beauty,26.97,0.46,0.73,17,0.26,0.19,1
2026-06-08,IN,youtube,Waterless skincare,Beauty,45.63,0.56,0.67,17,0.26,0.19,1
2026-06-08,IN,marketplace,Waterless skincare,Beauty,31.42,0.51,0.7,17,0.26,0.19,1
2026-06-08,IN,news,Waterless skincare,Beauty,19.19,0.54,0.7,17,0.26,0.19,1
2026-06-08,IN,search,Smart hydration bottle,Electronics,30.11,0.49,0.71,17,0.26,0.19,1
2026-06-08,IN,reddit,Smart hydration bottle,Electronics,22.95,0.46,0.72,17,0.26,0.19,1
2026-06-08,IN,youtube,Smart hydration bottle,Electronics,42.99,0.43,0.71,17,0.26,0.19,1
2026-06-08,IN,marketplace,Smart hydration bottle,Electronics,26.14,0.44,0.63,17,0.26,0.19,1
2026-06-08,IN,news,Smart hydration bottle,Electronics,16.9,0.52,0.71,17,0.26,0.19,1
2026-06-08,IN,search,Walking pad,Fitness,27.8,0.42,0.53,18,0.33,0.25,1
2026-06-08,IN,reddit,Walking pad,Fitness,20.2,0.33,0.52,18,0.33,0.25,1
2026-06-08,IN,youtube,Walking pad,Fitness,36.29,0.36,0.53,18,0.33,0.25,1
2026-06-08,IN,marketplace,Walking pad,Fitness,26.4,0.33,0.54,18,0.33,0.25,1
2026-06-08,IN,news,Walking pad,Fitness,14.43,0.41,0.54,18,0.33,0.25,1
2026-06-08,IN,search,Millet snacks,Food,39.31,0.42,0.75,17,0.26,0.19,1
2026-06-08,IN,reddit,Millet snacks,Food,29.13,0.47,0.75,17,0.26,0.19,1
2026-06-08,IN,youtube,Millet snacks,Food,50.33,0.43,0.73,17,0.26,0.19,1
2026-06-08,IN,marketplace,Millet snacks,Food,33.24,0.48,0.72,17,0.26,0.19,1
2026-06-08,IN,news,Millet snacks,Food,19.72,0.49,0.78,17,0.26,0.19,1
2026-06-08,IN,search,Portable blender,Home,24.8,0.33,0.44,18,0.33,0.25,1
2026-06-08,IN,reddit,Portable blender,Home,19.61,0.31,0.5,18,0.33,0.25,1
2026-06-08,IN,youtube,Portable blender,Home,34.44,0.26,0.53,18,0.33,0.25,1
2026-06-08,IN,marketplace,Portable blender,Home,24.55,0.28,0.46,18,0.33,0.25,1
2026-06-08,IN,news,Portable blender,Home,13.62,0.29,0.43,18,0.33,0.25,1
2026-06-09,US,search,Waterless skincare,Beauty,33.79,0.51,0.76,17,0.26,0.19,1
2026-06-09,US,reddit,Waterless skincare,Beauty,23.81,0.57,0.75,17,0.26,0.19,1
2026-06-09,US,youtube,Waterless skincare,Beauty,43.35,0.56,0.7,17,0.26,0.19,1
2026-06-09,US,marketplace,Waterless skincare,Beauty,31.21,0.47,0.73,17,0.26,0.19,1
2026-06-09,US,news,Waterless skincare,Beauty,17.55,0.52,0.77,17,0.26,0.19,1
2026-06-09,US,search,Smart hydration bottle,Electronics,35.4,0.49,0.66,17,0.26,0.19,1
2026-06-09,US,reddit,Smart hydration bottle,Electronics,26.04,0.44,0.69,17,0.26,0.19,1
2026-06-09,US,youtube,Smart hydration bottle,Electronics,46.78,0.43,0.7,17,0.26,0.19,1
2026-06-09,US,marketplace,Smart hydration bottle,Electronics,34.11,0.42,0.71,17,0.26,0.19,1
2026-06-09,US,news,Smart hydration bottle,Electronics,21.14,0.49,0.67,17,0.26,0.19,1
2026-06-09,US,search,Walking pad,Fitness,31.06,0.33,0.52,19,0.34,0.25,1
2026-06-09,US,reddit,Walking pad,Fitness,25.01,0.42,0.57,19,0.34,0.25,1
2026-06-09,US,youtube,Walking pad,Fitness,44.27,0.33,0.59,19,0.34,0.25,1
2026-06-09,US,marketplace,Walking pad,Fitness,26.74,0.33,0.55,19,0.34,0.25,1
2026-06-09,US,news,Walking pad,Fitness,16.82,0.38,0.59,19,0.34,0.25,1
2026-06-09,US,search,Millet snacks,Food,28.94,0.42,0.79,17,0.26,0.19,1
2026-06-09,US,reddit,Millet snacks,Food,21.92,0.49,0.71,17,0.26,0.19,1
2026-06-09,US,youtube,Millet snacks,Food,42.51,0.49,0.71,17,0.26,0.19,1
2026-06-09,US,marketplace,Millet snacks,Food,26.47,0.45,0.76,17,0.26,0.19,1
2026-06-09,US,news,Millet snacks,Food,15.67,0.38,0.8,17,0.26,0.19,1
2026-06-09,US,search,Portable blender,Home,24.96,0.35,0.44,19,0.34,0.25,1
2026-06-09,US,reddit,Portable blender,Home,19.78,0.35,0.52,19,0.34,0.25,1
2026-06-09,US,youtube,Portable blender,Home,35.91,0.25,0.49,19,0.34,0.25,1
2026-06-09,US,marketplace,Portable blender,Home,24.28,0.27,0.48,19,0.34,0.25,1
2026-06-09,US,news,Portable blender,Home,15.38,0.25,0.5,19,0.34,0.25,1
2026-06-09,GB,search,Waterless skincare,Beauty,33.36,0.53,0.74,17,0.26,0.19,1
2026-06-09,GB,reddit,Waterless skincare,Beauty,25.42,0.55,0.76,17,0.26,0.19,1
2026-06-09,GB,youtube,Waterless skincare,Beauty,43.94,0.49,0.68,17,0.26,0.19,1
2026-06-09,GB,marketplace,Waterless skincare,Beauty,32.49,0.49,0.68,17,0.26,0.19,1
2026-06-09,GB,news,Waterless skincare,Beauty,17.64,0.51,0.76,17,0.26,0.19,1
2026-06-09,GB,search,Smart hydration bottle,Electronics,28.6,0.44,0.65,17,0.26,0.19,1
2026-06-09,GB,reddit,Smart hydration bottle,Electronics,23.21,0.45,0.73,17,0.26,0.19,1
2026-06-09,GB,youtube,Smart hydration bottle,Electronics,41.83,0.48,0.69,17,0.26,0.19,1
2026-06-09,GB,marketplace,Smart hydration bottle,Electronics,28.71,0.51,0.64,17,0.26,0.19,1
2026-06-09,GB,news,Smart hydration bottle,Electronics,16.47,0.49,0.69,17,0.26,0.19,1
2026-06-09,GB,search,Walking pad,Fitness,33.88,0.31,0.59,19,0.34,0.25,1
2026-06-09,GB,reddit,Walking pad,Fitness,23.56,0.31,0.52,19,0.34,0.25,1
2026-06-09,GB,youtube,Walking pad,Fitness,41.19,0.32,0.5,19,0.34,0.25,1
2026-06-09,GB,marketplace,Walking pad,Fitness,29.93,0.33,0.53,19,0.34,0.25,1
2026-06-09,GB,news,Walking pad,Fitness,17.74,0.37,0.53,19,0.34,0.25,1
2026-06-09,GB,search,Millet snacks,Food,29.91,0.48,0.77,17,0.26,0.19,1
2026-06-09,GB,reddit,Millet snacks,Food,21.89,0.4,0.77,17,0.26,0.19,1
2026-06-09,GB,youtube,Millet snacks,Food,39.91,0.39,0.74,17,0.26,0.19,1
2026-06-09,GB,marketplace,Millet snacks,Food,27.43,0.49,0.74,17,0.26,0.19,1
2026-06-09,GB,news,Millet snacks,Food,17.05,0.41,0.79,17,0.26,0.19,1
2026-06-09,GB,search,Portable blender,Home,26.32,0.3,0.5,19,0.34,0.25,1
2026-06-09,GB,reddit,Portable blender,Home,20.24,0.28,0.48,19,0.34,0.25,1
2026-06-09,GB,youtube,Portable blender,Home,33.42,0.28,0.49,19,0.34,0.25,1
2026-06-09,GB,marketplace,Portable blender,Home,25.28,0.25,0.45,19,0.34,0.25,1
2026-06-09,GB,news,Portable blender,Home,14.42,0.25,0.49,19,0.34,0.25,1
2026-06-09,EU,search,Waterless skincare,Beauty,34.87,0.56,0.7,17,0.26,0.19,1
2026-06-09,EU,reddit,Waterless skincare,Beauty,26.68,0.58,0.68,17,0.26,0.19,1
2026-06-09,EU,youtube,Waterless skincare,Beauty,50.95,0.52,0.71,17,0.26,0.19,1
2026-06-09,EU,marketplace,Waterless skincare,Beauty,34.31,0.58,0.69,17,0.26,0.19,1
2026-06-09,EU,news,Waterless skincare,Beauty,20.68,0.49,0.67,17,0.26,0.19,1
2026-06-09,EU,search,Smart hydration bottle,Electronics,30.84,0.46,0.69,17,0.26,0.19,1
2026-06-09,EU,reddit,Smart hydration bottle,Electronics,21.31,0.52,0.68,17,0.26,0.19,1
2026-06-09,EU,youtube,Smart hydration bottle,Electronics,42.01,0.46,0.65,17,0.26,0.19,1
2026-06-09,EU,marketplace,Smart hydration bottle,Electronics,28.56,0.48,0.67,17,0.26,0.19,1
2026-06-09,EU,news,Smart hydration bottle,Electronics,15.51,0.43,0.69,17,0.26,0.19,1
2026-06-09,EU,search,Walking pad,Fitness,28.05,0.41,0.58,19,0.34,0.25,1
2026-06-09,EU,reddit,Walking pad,Fitness,19.69,0.42,0.56,19,0.34,0.25,1
2026-06-09,EU,youtube,Walking pad,Fitness,39.12,0.34,0.6,19,0.34,0.25,1
2026-06-09,EU,marketplace,Walking pad,Fitness,26.4,0.34,0.59,19,0.34,0.25,1
2026-06-09,EU,news,Walking pad,Fitness,16.18,0.41,0.55,19,0.34,0.25,1
2026-06-09,EU,search,Millet snacks,Food,27.58,0.49,0.71,17,0.26,0.19,1
2026-06-09,EU,reddit,Millet snacks,Food,21.03,0.45,0.74,17,0.26,0.19,1
2026-06-09,EU,youtube,Millet snacks,Food,41.55,0.45,0.81,17,0.26,0.19,1
2026-06-09,EU,marketplace,Millet snacks,Food,24.54,0.43,0.72,17,0.26,0.19,1
2026-06-09,EU,news,Millet snacks,Food,16.7,0.47,0.79,17,0.26,0.19,1
2026-06-09,EU,search,Portable blender,Home,30.21,0.26,0.51,19,0.34,0.25,1
2026-06-09,EU,reddit,Portable blender,Home,21.75,0.28,0.45,19,0.34,0.25,1
2026-06-09,EU,youtube,Portable blender,Home,40.16,0.24,0.53,19,0.34,0.25,1
2026-06-09,EU,marketplace,Portable blender,Home,24.77,0.34,0.44,19,0.34,0.25,1
2026-06-09,EU,news,Portable blender,Home,16.15,0.35,0.45,19,0.34,0.25,1
2026-06-09,IN,search,Waterless skincare,Beauty,36.54,0.54,0.75,17,0.26,0.19,1
2026-06-09,IN,reddit,Waterless skincare,Beauty,25.73,0.47,0.7,17,0.26,0.19,1
2026-06-09,IN,youtube,Waterless skincare,Beauty,46.96,0.54,0.72,17,0.26,0.19,1
2026-06-09,IN,marketplace,Waterless skincare,Beauty,33.9,0.5,0.68,17,0.26,0.19,1
2026-06-09,IN,news,Waterless skincare,Beauty,20.95,0.51,0.68,17,0.26,0.19,1
2026-06-09,IN,search,Smart hydration bottle,Electronics,32.75,0.52,0.66,17,0.26,0.19,1
2026-06-09,IN,reddit,Smart hydration bottle,Electronics,22.28,0.53,0.67,17,0.26,0.19,1
2026-06-09,IN,youtube,Smart hydration bottle,Electronics,43.7,0.43,0.68,17,0.26,0.19,1
2026-06-09,IN,marketplace,Smart hydration bottle,Electronics,27.95,0.52,0.7,17,0.26,0.19,1
2026-06-09,IN,news,Smart hydration bottle,Electronics,17.58,0.51,0.65,17,0.26,0.19,1
2026-06-09,IN,search,Walking pad,Fitness,26.39,0.43,0.56,19,0.34,0.25,1
2026-06-09,IN,reddit,Walking pad,Fitness,21.25,0.35,0.59,19,0.34,0.25,1
2026-06-09,IN,youtube,Walking pad,Fitness,38.59,0.41,0.6,19,0.34,0.25,1
2026-06-09,IN,marketplace,Walking pad,Fitness,24.87,0.38,0.59,19,0.34,0.25,1
2026-06-09,IN,news,Walking pad,Fitness,14.9,0.39,0.53,19,0.34,0.25,1
2026-06-09,IN,search,Millet snacks,Food,36.7,0.44,0.75,17,0.26,0.19,1
2026-06-09,IN,reddit,Millet snacks,Food,29.86,0.5,0.72,17,0.26,0.19,1
2026-06-09,IN,youtube,Millet snacks,Food,48.46,0.48,0.73,17,0.26,0.19,1
2026-06-09,IN,marketplace,Millet snacks,Food,34.2,0.45,0.78,17,0.26,0.19,1
2026-06-09,IN,news,Millet snacks,Food,19.75,0.47,0.78,17,0.26,0.19,1
2026-06-09,IN,search,Portable blender,Home,26.65,0.34,0.47,19,0.34,0.25,1
2026-06-09,IN,reddit,Portable blender,Home,19.87,0.35,0.47,19,0.34,0.25,1
2026-06-09,IN,youtube,Portable blender,Home,36.18,0.31,0.51,19,0.34,0.25,1
2026-06-09,IN,marketplace,Portable blender,Home,25.3,0.3,0.44,19,0.34,0.25,1
2026-06-09,IN,news,Portable blender,Home,15.07,0.28,0.5,19,0.34,0.25,1
2026-06-10,US,search,Waterless skincare,Beauty,34.78,0.51,0.71,17,0.26,0.2,1
2026-06-10,US,reddit,Waterless skincare,Beauty,25.53,0.5,0.75,17,0.26,0.2,1
2026-06-10,US,youtube,Waterless skincare,Beauty,46.63,0.53,0.72,17,0.26,0.2,1
2026-06-10,US,marketplace,Waterless skincare,Beauty,31.45,0.56,0.73,17,0.26,0.2,1
2026-06-10,US,news,Waterless skincare,Beauty,18.81,0.54,0.67,17,0.26,0.2,1
2026-06-10,US,search,Smart hydration bottle,Electronics,37.43,0.42,0.72,17,0.26,0.2,1
2026-06-10,US,reddit,Smart hydration bottle,Electronics,26.25,0.53,0.71,17,0.26,0.2,1
2026-06-10,US,youtube,Smart hydration bottle,Electronics,51.66,0.52,0.66,17,0.26,0.2,1
2026-06-10,US,marketplace,Smart hydration bottle,Electronics,34.86,0.46,0.73,17,0.26,0.2,1
2026-06-10,US,news,Smart hydration bottle,Electronics,19.68,0.47,0.63,17,0.26,0.2,1
2026-06-10,US,search,Walking pad,Fitness,31.61,0.43,0.53,19,0.34,0.26,1
2026-06-10,US,reddit,Walking pad,Fitness,24.83,0.33,0.58,19,0.34,0.26,1
2026-06-10,US,youtube,Walking pad,Fitness,43.22,0.35,0.54,19,0.34,0.26,1
2026-06-10,US,marketplace,Walking pad,Fitness,28.01,0.4,0.58,19,0.34,0.26,1
2026-06-10,US,news,Walking pad,Fitness,18.36,0.35,0.56,19,0.34,0.26,1
2026-06-10,US,search,Millet snacks,Food,31.35,0.48,0.73,17,0.26,0.2,1
2026-06-10,US,reddit,Millet snacks,Food,23.8,0.39,0.78,17,0.26,0.2,1
2026-06-10,US,youtube,Millet snacks,Food,41.75,0.42,0.76,17,0.26,0.2,1
2026-06-10,US,marketplace,Millet snacks,Food,26.1,0.42,0.74,17,0.26,0.2,1
2026-06-10,US,news,Millet snacks,Food,17.17,0.42,0.79,17,0.26,0.2,1
2026-06-10,US,search,Portable blender,Home,28.22,0.33,0.53,19,0.34,0.26,1
2026-06-10,US,reddit,Portable blender,Home,19.56,0.25,0.49,19,0.34,0.26,1
2026-06-10,US,youtube,Portable blender,Home,38.17,0.32,0.49,19,0.34,0.26,1
2026-06-10,US,marketplace,Portable blender,Home,24.93,0.3,0.47,19,0.34,0.26,1
2026-06-10,US,news,Portable blender,Home,15.11,0.26,0.44,19,0.34,0.26,1
2026-06-10,GB,search,Waterless skincare,Beauty,35.0,0.57,0.71,17,0.26,0.2,1
2026-06-10,GB,reddit,Waterless skincare,Beauty,25.03,0.55,0.72,17,0.26,0.2,1
2026-06-10,GB,youtube,Waterless skincare,Beauty,45.93,0.57,0.68,17,0.26,0.2,1
2026-06-10,GB,marketplace,Waterless skincare,Beauty,33.05,0.56,0.76,17,0.26,0.2,1
2026-06-10,GB,news,Waterless skincare,Beauty,18.44,0.53,0.68,17,0.26,0.2,1
2026-06-10,GB,search,Smart hydration bottle,Electronics,32.85,0.47,0.63,17,0.26,0.2,1
2026-06-10,GB,reddit,Smart hydration bottle,Electronics,23.18,0.5,0.66,17,0.26,0.2,1
2026-06-10,GB,youtube,Smart hydration bottle,Electronics,41.42,0.51,0.73,17,0.26,0.2,1
2026-06-10,GB,marketplace,Smart hydration bottle,Electronics,26.65,0.44,0.69,17,0.26,0.2,1
2026-06-10,GB,news,Smart hydration bottle,Electronics,16.21,0.42,0.65,17,0.26,0.2,1
2026-06-10,GB,search,Walking pad,Fitness,30.14,0.38,0.58,19,0.34,0.26,1
2026-06-10,GB,reddit,Walking pad,Fitness,23.94,0.37,0.56,19,0.34,0.26,1
2026-06-10,GB,youtube,Walking pad,Fitness,43.08,0.41,0.56,19,0.34,0.26,1
2026-06-10,GB,marketplace,Walking pad,Fitness,29.6,0.41,0.6,19,0.34,0.26,1
2026-06-10,GB,news,Walking pad,Fitness,18.38,0.39,0.6,19,0.34,0.26,1
2026-06-10,GB,search,Millet snacks,Food,31.04,0.41,0.75,17,0.26,0.2,1
2026-06-10,GB,reddit,Millet snacks,Food,23.58,0.49,0.74,17,0.26,0.2,1
2026-06-10,GB,youtube,Millet snacks,Food,39.39,0.49,0.72,17,0.26,0.2,1
2026-06-10,GB,marketplace,Millet snacks,Food,28.14,0.5,0.73,17,0.26,0.2,1
2026-06-10,GB,news,Millet snacks,Food,16.46,0.39,0.81,17,0.26,0.2,1
2026-06-10,GB,search,Portable blender,Home,27.7,0.3,0.48,19,0.34,0.26,1
2026-06-10,GB,reddit,Portable blender,Home,19.46,0.33,0.49,19,0.34,0.26,1
2026-06-10,GB,youtube,Portable blender,Home,37.08,0.32,0.49,19,0.34,0.26,1
2026-06-10,GB,marketplace,Portable blender,Home,24.16,0.35,0.48,19,0.34,0.26,1
2026-06-10,GB,news,Portable blender,Home,14.81,0.24,0.49,19,0.34,0.26,1
2026-06-10,EU,search,Waterless skincare,Beauty,36.44,0.51,0.77,17,0.26,0.2,1
2026-06-10,EU,reddit,Waterless skincare,Beauty,26.08,0.53,0.73,17,0.26,0.2,1
2026-06-10,EU,youtube,Waterless skincare,Beauty,46.16,0.5,0.76,17,0.26,0.2,1
2026-06-10,EU,marketplace,Waterless skincare,Beauty,31.19,0.54,0.68,17,0.26,0.2,1
2026-06-10,EU,news,Waterless skincare,Beauty,20.66,0.53,0.76,17,0.26,0.2,1
2026-06-10,EU,search,Smart hydration bottle,Electronics,31.25,0.5,0.68,17,0.26,0.2,1
2026-06-10,EU,reddit,Smart hydration bottle,Electronics,23.37,0.53,0.73,17,0.26,0.2,1
2026-06-10,EU,youtube,Smart hydration bottle,Electronics,39.26,0.47,0.68,17,0.26,0.2,1
2026-06-10,EU,marketplace,Smart hydration bottle,Electronics,27.93,0.45,0.69,17,0.26,0.2,1
2026-06-10,EU,news,Smart hydration bottle,Electronics,17.54,0.53,0.64,17,0.26,0.2,1
2026-06-10,EU,search,Walking pad,Fitness,28.07,0.39,0.53,19,0.34,0.26,1
2026-06-10,EU,reddit,Walking pad,Fitness,19.49,0.38,0.57,19,0.34,0.26,1
2026-06-10,EU,youtube,Walking pad,Fitness,36.94,0.32,0.6,19,0.34,0.26,1
2026-06-10,EU,marketplace,Walking pad,Fitness,25.53,0.37,0.57,19,0.34,0.26,1
2026-06-10,EU,news,Walking pad,Fitness,15.86,0.34,0.56,19,0.34,0.26,1
2026-06-10,EU,search,Millet snacks,Food,30.51,0.4,0.73,17,0.26,0.2,1
2026-06-10,EU,reddit,Millet snacks,Food,22.55,0.44,0.72,17,0.26,0.2,1
2026-06-10,EU,youtube,Millet snacks,Food,37.46,0.49,0.77,17,0.26,0.2,1
2026-06-10,EU,marketplace,Millet snacks,Food,28.17,0.43,0.75,17,0.26,0.2,1
2026-06-10,EU,news,Millet snacks,Food,16.64,0.4,0.74,17,0.26,0.2,1
2026-06-10,EU,search,Portable blender,Home,27.09,0.28,0.5,19,0.34,0.26,1
2026-06-10,EU,reddit,Portable blender,Home,22.68,0.29,0.45,19,0.34,0.26,1
2026-06-10,EU,youtube,Portable blender,Home,38.23,0.26,0.53,19,0.34,0.26,1
2026-06-10,EU,marketplace,Portable blender,Home,26.32,0.28,0.51,19,0.34,0.26,1
2026-06-10,EU,news,Portable blender,Home,15.84,0.24,0.49,19,0.34,0.26,1
2026-06-10,IN,search,Waterless skincare,Beauty,39.93,0.47,0.71,17,0.26,0.2,1
2026-06-10,IN,reddit,Waterless skincare,Beauty,26.75,0.58,0.72,17,0.26,0.2,1
2026-06-10,IN,youtube,Waterless skincare,Beauty,47.0,0.51,0.67,17,0.26,0.2,1
2026-06-10,IN,marketplace,Waterless skincare,Beauty,35.58,0.53,0.76,17,0.26,0.2,1
2026-06-10,IN,news,Waterless skincare,Beauty,21.89,0.48,0.73,17,0.26,0.2,1
2026-06-10,IN,search,Smart hydration bottle,Electronics,29.74,0.44,0.66,17,0.26,0.2,1
2026-06-10,IN,reddit,Smart hydration bottle,Electronics,24.56,0.52,0.69,17,0.26,0.2,1
2026-06-10,IN,youtube,Smart hydration bottle,Electronics,42.46,0.52,0.7,17,0.26,0.2,1
2026-06-10,IN,marketplace,Smart hydration bottle,Electronics,29.51,0.44,0.64,17,0.26,0.2,1
2026-06-10,IN,news,Smart hydration bottle,Electronics,17.89,0.42,0.63,17,0.26,0.2,1
2026-06-10,IN,search,Walking pad,Fitness,28.42,0.42,0.59,19,0.34,0.26,1
2026-06-10,IN,reddit,Walking pad,Fitness,22.12,0.34,0.53,19,0.34,0.26,1
2026-06-10,IN,youtube,Walking pad,Fitness,37.36,0.33,0.55,19,0.34,0.26,1
2026-06-10,IN,marketplace,Walking pad,Fitness,26.87,0.37,0.56,19,0.34,0.26,1
2026-06-10,IN,news,Walking pad,Fitness,16.63,0.42,0.59,19,0.34,0.26,1
2026-06-10,IN,search,Millet snacks,Food,40.85,0.44,0.75,17,0.26,0.2,1
2026-06-10,IN,reddit,Millet snacks,Food,28.69,0.39,0.77,17,0.26,0.2,1
2026-06-10,IN,youtube,Millet snacks,Food,50.84,0.42,0.73,17,0.26,0.2,1
2026-06-10,IN,marketplace,Millet snacks,Food,36.22,0.4,0.75,17,0.26,0.2,1
2026-06-10,IN,news,Millet snacks,Food,20.77,0.49,0.8,17,0.26,0.2,1
2026-06-10,IN,search,Portable blender,Home,27.86,0.34,0.5,19,0.34,0.26,1
2026-06-10,IN,reddit,Portable blender,Home,20.98,0.25,0.48,19,0.34,0.26,1
2026-06-10,IN,youtube,Portable blender,Home,36.87,0.27,0.48,19,0.34,0.26,1
2026-06-10,IN,marketplace,Portable blender,Home,24.28,0.3,0.47,19,0.34,0.26,1
2026-06-10,IN,news,Portable blender,Home,14.78,0.26,0.46,19,0.34,0.26,1
2026-06-11,US,search,Waterless skincare,Beauty,33.22,0.48,0.76,17,0.26,0.2,1
2026-06-11,US,reddit,Waterless skincare,Beauty,24.84,0.51,0.68,17,0.26,0.2,1
2026-06-11,US,youtube,Waterless skincare,Beauty,42.16,0.47,0.73,17,0.26,0.2,1
2026-06-11,US,marketplace,Waterless skincare,Beauty,30.58,0.5,0.77,17,0.26,0.2,1
2026-06-11,US,news,Waterless skincare,Beauty,19.1,0.55,0.74,17,0.26,0.2,1
2026-06-11,US,search,Smart hydration bottle,Electronics,37.79,0.42,0.72,17,0.26,0.2,1
2026-06-11,US,reddit,Smart hydration bottle,Electronics,27.47,0.49,0.72,17,0.26,0.2,1
2026-06-11,US,youtube,Smart hydration bottle,Electronics,51.13,0.49,0.7,17,0.26,0.2,1
2026-06-11,US,marketplace,Smart hydration bottle,Electronics,34.04,0.42,0.66,17,0.26,0.2,1
2026-06-11,US,news,Smart hydration bottle,Electronics,19.8,0.53,0.64,17,0.26,0.2,1
2026-06-11,US,search,Walking pad,Fitness,33.67,0.41,0.57,19,0.34,0.26,1
2026-06-11,US,reddit,Walking pad,Fitness,24.23,0.33,0.54,19,0.34,0.26,1
2026-06-11,US,youtube,Walking pad,Fitness,44.69,0.42,0.51,19,0.34,0.26,1
2026-06-11,US,marketplace,Walking pad,Fitness,30.81,0.41,0.57,19,0.34,0.26,1
2026-06-11,US,news,Walking pad,Fitness,16.65,0.33,0.52,19,0.34,0.26,1
2026-06-11,US,search,Millet snacks,Food,31.37,0.38,0.8,17,0.26,0.2,1
2026-06-11,US,reddit,Millet snacks,Food,22.12,0.46,0.8,17,0.26,0.2,1
2026-06-11,US,youtube,Millet snacks,Food,38.65,0.41,0.79,17,0.26,0.2,1
2026-06-11,US,marketplace,Millet snacks,Food,28.97,0.5,0.81,17,0.26,0.2,1
2026-06-11,US,news,Millet snacks,Food,17.69,0.42,0.79,17,0.26,0.2,1
2026-06-11,US,search,Portable blender,Home,25.32,0.25,0.45,19,0.34,0.26,1
2026-06-11,US,reddit,Portable blender,Home,20.76,0.34,0.47,19,0.34,0.26,1
2026-06-11,US,youtube,Portable blender,Home,36.87,0.34,0.49,19,0.34,0.26,1
2026-06-11,US,marketplace,Portable blender,Home,23.33,0.34,0.5,19,0.34,0.26,1
2026-06-11,US,news,Portable blender,Home,14.4,0.32,0.47,19,0.34,0.26,1
2026-06-11,GB,search,Waterless skincare,Beauty,34.66,0.49,0.76,17,0.26,0.2,1
2026-06-11,GB,reddit,Waterless skincare,Beauty,27.48,0.52,0.73,17,0.26,0.2,1
2026-06-11,GB,youtube,Waterless skincare,Beauty,48.21,0.51,0.74,17,0.26,0.2,1
2026-06-11,GB,marketplace,Waterless skincare,Beauty,31.35,0.54,0.69,17,0.26,0.2,1
2026-06-11,GB,news,Waterless skincare,Beauty,19.67,0.47,0.76,17,0.26,0.2,1
2026-06-11,GB,search,Smart hydration bottle,Electronics,31.12,0.44,0.66,17,0.26,0.2,1
2026-06-11,GB,reddit,Smart hydration bottle,Electronics,24.83,0.45,0.7,17,0.26,0.2,1
2026-06-11,GB,youtube,Smart hydration bottle,Electronics,44.61,0.46,0.68,17,0.26,0.2,1
2026-06-11,GB,marketplace,Smart hydration bottle,Electronics,27.21,0.48,0.64,17,0.26,0.2,1
2026-06-11,GB,news,Smart hydration bottle,Electronics,16.23,0.51,0.72,17,0.26,0.2,1
2026-06-11,GB,search,Walking pad,Fitness,34.78,0.37,0.55,19,0.34,0.26,1
2026-06-11,GB,reddit,Walking pad,Fitness,23.26,0.43,0.55,19,0.34,0.26,1
2026-06-11,GB,youtube,Walking pad,Fitness,41.75,0.33,0.58,19,0.34,0.26,1
2026-06-11,GB,marketplace,Walking pad,Fitness,28.14,0.4,0.58,19,0.34,0.26,1
2026-06-11,GB,news,Walking pad,Fitness,17.34,0.38,0.54,19,0.34,0.26,1
2026-06-11,GB,search,Millet snacks,Food,28.68,0.45,0.71,17,0.26,0.2,1
2026-06-11,GB,reddit,Millet snacks,Food,24.02,0.47,0.73,17,0.26,0.2,1
2026-06-11,GB,youtube,Millet snacks,Food,39.11,0.42,0.77,17,0.26,0.2,1
2026-06-11,GB,marketplace,Millet snacks,Food,28.88,0.42,0.81,17,0.26,0.2,1
2026-06-11,GB,news,Millet snacks,Food,17.59,0.42,0.73,17,0.26,0.2,1
2026-06-11,GB,search,Portable blender,Home,27.49,0.28,0.45,19,0.34,0.26,1
2026-06-11,GB,reddit,Portable blender,Home,19.62,0.24,0.45,19,0.34,0.26,1
2026-06-11,GB,youtube,Portable blender,Home,34.82,0.31,0.47,19,0.34,0.26,1
2026-06-11,GB,marketplace,Portable blender,Home,25.51,0.24,0.45,19,0.34,0.26,1
2026-06-11,GB,news,Portable blender,Home,14.88,0.3,0.44,19,0.34,0.26,1
2026-06-11,EU,search,Waterless skincare,Beauty,39.45,0.47,0.74,17,0.26,0.2,1
2026-06-11,EU,reddit,Waterless skincare,Beauty,27.43,0.52,0.73,17,0.26,0.2,1
2026-06-11,EU,youtube,Waterless skincare,Beauty,47.7,0.57,0.71,17,0.26,0.2,1
2026-06-11,EU,marketplace,Waterless skincare,Beauty,31.67,0.47,0.69,17,0.26,0.2,1
2026-06-11,EU,news,Waterless skincare,Beauty,20.03,0.53,0.75,17,0.26,0.2,1
2026-06-11,EU,search,Smart hydration bottle,Electronics,31.9,0.43,0.65,17,0.26,0.2,1
2026-06-11,EU,reddit,Smart hydration bottle,Electronics,23.47,0.48,0.64,17,0.26,0.2,1
2026-06-11,EU,youtube,Smart hydration bottle,Electronics,42.37,0.52,0.72,17,0.26,0.2,1
2026-06-11,EU,marketplace,Smart hydration bottle,Electronics,28.23,0.45,0.69,17,0.26,0.2,1
2026-06-11,EU,news,Smart hydration bottle,Electronics,16.79,0.5,0.7,17,0.26,0.2,1
2026-06-11,EU,search,Walking pad,Fitness,28.72,0.35,0.6,19,0.34,0.26,1
2026-06-11,EU,reddit,Walking pad,Fitness,21.07,0.42,0.52,19,0.34,0.26,1
2026-06-11,EU,youtube,Walking pad,Fitness,38.36,0.35,0.51,19,0.34,0.26,1
2026-06-11,EU,marketplace,Walking pad,Fitness,25.93,0.33,0.6,19,0.34,0.26,1
2026-06-11,EU,news,Walking pad,Fitness,16.64,0.41,0.54,19,0.34,0.26,1
2026-06-11,EU,search,Millet snacks,Food,27.86,0.48,0.72,17,0.26,0.2,1
2026-06-11,EU,reddit,Millet snacks,Food,22.27,0.46,0.76,17,0.26,0.2,1
2026-06-11,EU,youtube,Millet snacks,Food,38.77,0.43,0.79,17,0.26,0.2,1
2026-06-11,EU,marketplace,Millet snacks,Food,26.32,0.49,0.75,17,0.26,0.2,1
2026-06-11,EU,news,Millet snacks,Food,16.24,0.47,0.75,17,0.26,0.2,1
2026-06-11,EU,search,Portable blender,Home,28.58,0.28,0.46,19,0.34,0.26,1
2026-06-11,EU,reddit,Portable blender,Home,21.47,0.32,0.45,19,0.34,0.26,1
2026-06-11,EU,youtube,Portable blender,Home,37.64,0.26,0.45,19,0.34,0.26,1
2026-06-11,EU,marketplace,Portable blender,Home,27.5,0.31,0.49,19,0.34,0.26,1
2026-06-11,EU,news,Portable blender,Home,16.86,0.3,0.51,19,0.34,0.26,1
2026-06-11,IN,search,Waterless skincare,Beauty,37.54,0.54,0.69,17,0.26,0.2,1
2026-06-11,IN,reddit,Waterless skincare,Beauty,27.09,0.47,0.74,17,0.26,0.2,1
2026-06-11,IN,youtube,Waterless skincare,Beauty,49.9,0.56,0.75,17,0.26,0.2,1
2026-06-11,IN,marketplace,Waterless skincare,Beauty,34.81,0.47,0.69,17,0.26,0.2,1
2026-06-11,IN,news,Waterless skincare,Beauty,21.06,0.48,0.71,17,0.26,0.2,1
2026-06-11,IN,search,Smart hydration bottle,Electronics,31.68,0.44,0.67,17,0.26,0.2,1
2026-06-11,IN,reddit,Smart hydration bottle,Electronics,24.35,0.46,0.7,17,0.26,0.2,1
2026-06-11,IN,youtube,Smart hydration bottle,Electronics,41.31,0.5,0.69,17,0.26,0.2,1
2026-06-11,IN,marketplace,Smart hydration bottle,Electronics,27.07,0.46,0.71,17,0.26,0.2,1
2026-06-11,IN,news,Smart hydration bottle,Electronics,16.65,0.46,0.68,17,0.26,0.2,1
2026-06-11,IN,search,Walking pad,Fitness,30.11,0.32,0.59,19,0.34,0.26,1
2026-06-11,IN,reddit,Walking pad,Fitness,20.92,0.42,0.56,19,0.34,0.26,1
2026-06-11,IN,youtube,Walking pad,Fitness,39.92,0.41,0.57,19,0.34,0.26,1
2026-06-11,IN,marketplace,Walking pad,Fitness,26.8,0.32,0.5,19,0.34,0.26,1
2026-06-11,IN,news,Walking pad,Fitness,16.55,0.31,0.59,19,0.34,0.26,1
2026-06-11,IN,search,Millet snacks,Food,38.06,0.49,0.73,17,0.26,0.2,1
2026-06-11,IN,reddit,Millet snacks,Food,27.88,0.4,0.79,17,0.26,0.2,1
2026-06-11,IN,youtube,Millet snacks,Food,51.75,0.49,0.77,17,0.26,0.2,1
2026-06-11,IN,marketplace,Millet snacks,Food,36.79,0.44,0.78,17,0.26,0.2,1
2026-06-11,IN,news,Millet snacks,Food,20.86,0.39,0.77,17,0.26,0.2,1
2026-06-11,IN,search,Portable blender,Home,28.52,0.25,0.47,19,0.34,0.26,1
2026-06-11,IN,reddit,Portable blender,Home,20.34,0.31,0.45,19,0.34,0.26,1
2026-06-11,IN,youtube,Portable blender,Home,36.72,0.29,0.53,19,0.34,0.26,1
2026-06-11,IN,marketplace,Portable blender,Home,24.95,0.34,0.53,19,0.34,0.26,1
2026-06-11,IN,news,Portable blender,Home,15.19,0.25,0.47,19,0.34,0.26,1
2026-06-12,US,search,Waterless skincare,Beauty,35.25,0.48,0.71,18,0.26,0.2,1
2026-06-12,US,reddit,Waterless skincare,Beauty,25.1,0.48,0.67,18,0.26,0.2,1
2026-06-12,US,youtube,Waterless skincare,Beauty,47.16,0.56,0.76,18,0.26,0.2,1
2026-06-12,US,marketplace,Waterless skincare,Beauty,31.0,0.48,0.76,18,0.26,0.2,1
2026-06-12,US,news,Waterless skincare,Beauty,19.95,0.57,0.73,18,0.26,0.2,1
2026-06-12,US,search,Smart hydration bottle,Electronics,40.31,0.53,0.72,18,0.26,0.2,1
2026-06-12,US,reddit,Smart hydration bottle,Electronics,26.95,0.43,0.66,18,0.26,0.2,1
2026-06-12,US,youtube,Smart hydration bottle,Electronics,50.86,0.43,0.73,18,0.26,0.2,1
2026-06-12,US,marketplace,Smart hydration bottle,Electronics,35.82,0.5,0.73,18,0.26,0.2,1
2026-06-12,US,news,Smart hydration bottle,Electronics,20.51,0.5,0.72,18,0.26,0.2,1
2026-06-12,US,search,Walking pad,Fitness,30.72,0.38,0.58,19,0.35,0.26,1
2026-06-12,US,reddit,Walking pad,Fitness,22.81,0.41,0.54,19,0.35,0.26,1
2026-06-12,US,youtube,Walking pad,Fitness,42.01,0.41,0.52,19,0.35,0.26,1
2026-06-12,US,marketplace,Walking pad,Fitness,28.46,0.37,0.59,19,0.35,0.26,1
2026-06-12,US,news,Walking pad,Fitness,17.92,0.42,0.51,19,0.35,0.26,1
2026-06-12,US,search,Millet snacks,Food,30.08,0.42,0.75,18,0.26,0.2,1
2026-06-12,US,reddit,Millet snacks,Food,23.2,0.38,0.78,18,0.26,0.2,1
2026-06-12,US,youtube,Millet snacks,Food,43.69,0.43,0.72,18,0.26,0.2,1
2026-06-12,US,marketplace,Millet snacks,Food,28.3,0.39,0.81,18,0.26,0.2,1
2026-06-12,US,news,Millet snacks,Food,17.47,0.47,0.71,18,0.26,0.2,1
2026-06-12,US,search,Portable blender,Home,26.91,0.34,0.47,19,0.35,0.26,1
2026-06-12,US,reddit,Portable blender,Home,19.19,0.32,0.5,19,0.35,0.26,1
2026-06-12,US,youtube,Portable blender,Home,36.09,0.33,0.52,19,0.35,0.26,1
2026-06-12,US,marketplace,Portable blender,Home,25.61,0.28,0.46,19,0.35,0.26,1
2026-06-12,US,news,Portable blender,Home,15.98,0.32,0.49,19,0.35,0.26,1
2026-06-12,GB,search,Waterless skincare,Beauty,35.63,0.49,0.76,18,0.26,0.2,1
2026-06-12,GB,reddit,Waterless skincare,Beauty,28.33,0.47,0.74,18,0.26,0.2,1
2026-06-12,GB,youtube,Waterless skincare,Beauty,46.95,0.52,0.68,18,0.26,0.2,1
2026-06-12,GB,marketplace,Waterless skincare,Beauty,33.51,0.56,0.68,18,0.26,0.2,1
2026-06-12,GB,news,Waterless skincare,Beauty,18.46,0.5,0.69,18,0.26,0.2,1
2026-06-12,GB,search,Smart hydration bottle,Electronics,32.99,0.51,0.72,18,0.26,0.2,1
2026-06-12,GB,reddit,Smart hydration bottle,Electronics,22.11,0.42,0.71,18,0.26,0.2,1
2026-06-12,GB,youtube,Smart hydration bottle,Electronics,44.95,0.49,0.65,18,0.26,0.2,1
2026-06-12,GB,marketplace,Smart hydration bottle,Electronics,29.0,0.52,0.68,18,0.26,0.2,1
2026-06-12,GB,news,Smart hydration bottle,Electronics,18.32,0.51,0.64,18,0.26,0.2,1
2026-06-12,GB,search,Walking pad,Fitness,31.39,0.39,0.52,19,0.35,0.26,1
2026-06-12,GB,reddit,Walking pad,Fitness,25.72,0.32,0.51,19,0.35,0.26,1
2026-06-12,GB,youtube,Walking pad,Fitness,47.58,0.31,0.58,19,0.35,0.26,1
2026-06-12,GB,marketplace,Walking pad,Fitness,28.72,0.31,0.51,19,0.35,0.26,1
2026-06-12,GB,news,Walking pad,Fitness,17.77,0.37,0.55,19,0.35,0.26,1
2026-06-12,GB,search,Millet snacks,Food,29.34,0.5,0.77,18,0.26,0.2,1
2026-06-12,GB,reddit,Millet snacks,Food,21.97,0.41,0.78,18,0.26,0.2,1
2026-06-12,GB,youtube,Millet snacks,Food,43.48,0.39,0.73,18,0.26,0.2,1
2026-06-12,GB,marketplace,Millet snacks,Food,25.67,0.4,0.73,18,0.26,0.2,1
2026-06-12,GB,news,Millet snacks,Food,16.01,0.44,0.81,18,0.26,0.2,1
2026-06-12,GB,search,Portable blender,Home,28.02,0.32,0.44,19,0.35,0.26,1
2026-06-12,GB,reddit,Portable blender,Home,19.55,0.27,0.53,19,0.35,0.26,1
2026-06-12,GB,youtube,Portable blender,Home,35.06,0.31,0.49,19,0.35,0.26,1
2026-06-12,GB,marketplace,Portable blender,Home,24.88,0.3,0.46,19,0.35,0.26,1
2026-06-12,GB,news,Portable blender,Home,14.84,0.33,0.5,19,0.35,0.26,1
2026-06-12,EU,search,Waterless skincare,Beauty,37.83,0.54,0.77,18,0.26,0.2,1
2026-06-12,EU,reddit,Waterless skincare,Beauty,27.27,0.55,0.68,18,0.26,0.2,1
2026-06-12,EU,youtube,Waterless skincare,Beauty,47.74,0.5,0.74,18,0.26,0.2,1
2026-06-12,EU,marketplace,Waterless skincare,Beauty,34.47,0.56,0.68,18,0.26,0.2,1
2026-06-12,EU,news,Waterless skincare,Beauty,21.48,0.55,0.67,18,0.26,0.2,1
2026-06-12,EU,search,Smart hydration bottle,Electronics,32.29,0.43,0.69,18,0.26,0.2,1
2026-06-12,EU,reddit,Smart hydration bottle,Electronics,24.78,0.46,0.7,18,0.26,0.2,1
2026-06-12,EU,youtube,Smart hydration bottle,Electronics,43.21,0.42,0.66,18,0.26,0.2,1
2026-06-12,EU,marketplace,Smart hydration bottle,Electronics,29.44,0.47,0.7,18,0.26,0.2,1
2026-06-12,EU,news,Smart hydration bottle,Electronics,17.13,0.47,0.71,18,0.26,0.2,1
2026-06-12,EU,search,Walking pad,Fitness,27.9,0.43,0.52,19,0.35,0.26,1
2026-06-12,EU,reddit,Walking pad,Fitness,21.75,0.31,0.54,19,0.35,0.26,1
2026-06-12,EU,youtube,Walking pad,Fitness,38.48,0.36,0.59,19,0.35,0.26,1
2026-06-12,EU,marketplace,Walking pad,Fitness,27.03,0.42,0.55,19,0.35,0.26,1
2026-06-12,EU,news,Walking pad,Fitness,16.63,0.36,0.51,19,0.35,0.26,1
2026-06-12,EU,search,Millet snacks,Food,31.37,0.43,0.71,18,0.26,0.2,1
2026-06-12,EU,reddit,Millet snacks,Food,21.58,0.42,0.81,18,0.26,0.2,1
2026-06-12,EU,youtube,Millet snacks,Food,41.67,0.43,0.71,18,0.26,0.2,1
2026-06-12,EU,marketplace,Millet snacks,Food,28.39,0.46,0.73,18,0.26,0.2,1
2026-06-12,EU,news,Millet snacks,Food,16.88,0.4,0.72,18,0.26,0.2,1
2026-06-12,EU,search,Portable blender,Home,28.93,0.25,0.46,19,0.35,0.26,1
2026-06-12,EU,reddit,Portable blender,Home,20.56,0.28,0.46,19,0.35,0.26,1
2026-06-12,EU,youtube,Portable blender,Home,42.19,0.3,0.45,19,0.35,0.26,1
2026-06-12,EU,marketplace,Portable blender,Home,26.39,0.32,0.47,19,0.35,0.26,1
2026-06-12,EU,news,Portable blender,Home,17.17,0.25,0.53,19,0.35,0.26,1
2026-06-12,IN,search,Waterless skincare,Beauty,36.29,0.58,0.68,18,0.26,0.2,1
2026-06-12,IN,reddit,Waterless skincare,Beauty,28.29,0.52,0.7,18,0.26,0.2,1
2026-06-12,IN,youtube,Waterless skincare,Beauty,50.27,0.57,0.75,18,0.26,0.2,1
2026-06-12,IN,marketplace,Waterless skincare,Beauty,34.4,0.46,0.7,18,0.26,0.2,1
2026-06-12,IN,news,Waterless skincare,Beauty,20.25,0.54,0.74,18,0.26,0.2,1
2026-06-12,IN,search,Smart hydration bottle,Electronics,31.79,0.43,0.64,18,0.26,0.2,1
2026-06-12,IN,reddit,Smart hydration bottle,Electronics,23.34,0.5,0.71,18,0.26,0.2,1
2026-06-12,IN,youtube,Smart hydration bottle,Electronics,45.55,0.46,0.73,18,0.26,0.2,1
2026-06-12,IN,marketplace,Smart hydration bottle,Electronics,27.13,0.47,0.67,18,0.26,0.2,1
2026-06-12,IN,news,Smart hydration bottle,Electronics,16.94,0.45,0.65,18,0.26,0.2,1
2026-06-12,IN,search,Walking pad,Fitness,30.52,0.34,0.59,19,0.35,0.26,1
2026-06-12,IN,reddit,Walking pad,Fitness,23.2,0.4,0.56,19,0.35,0.26,1
2026-06-12,IN,youtube,Walking pad,Fitness,39.59,0.35,0.52,19,0.35,0.26,1
2026-06-12,IN,marketplace,Walking pad,Fitness,24.75,0.35,0.56,19,0.35,0.26,1
2026-06-12,IN,news,Walking pad,Fitness,17.01,0.33,0.56,19,0.35,0.26,1
2026-06-12,IN,search,Millet snacks,Food,38.21,0.48,0.76,18,0.26,0.2,1
2026-06-12,IN,reddit,Millet snacks,Food,29.62,0.38,0.76,18,0.26,0.2,1
2026-06-12,IN,youtube,Millet snacks,Food,50.52,0.47,0.77,18,0.26,0.2,1
2026-06-12,IN,marketplace,Millet snacks,Food,33.61,0.44,0.77,18,0.26,0.2,1
2026-06-12,IN,news,Millet snacks,Food,23.01,0.49,0.74,18,0.26,0.2,1
2026-06-12,IN,search,Portable blender,Home,27.13,0.33,0.51,19,0.35,0.26,1
2026-06-12,IN,reddit,Portable blender,Home,19.85,0.25,0.51,19,0.35,0.26,1
2026-06-12,IN,youtube,Portable blender,Home,34.61,0.26,0.49,19,0.35,0.26,1
2026-06-12,IN,marketplace,Portable blender,Home,23.99,0.33,0.48,19,0.35,0.26,1
2026-06-12,IN,news,Portable blender,Home,14.28,0.27,0.46,19,0.35,0.26,1
2026-06-13,US,search,Waterless skincare,Beauty,36.99,0.53,0.72,18,0.27,0.2,1
2026-06-13,US,reddit,Waterless skincare,Beauty,27.15,0.54,0.77,18,0.27,0.2,1
2026-06-13,US,youtube,Waterless skincare,Beauty,47.39,0.47,0.74,18,0.27,0.2,1
2026-06-13,US,marketplace,Waterless skincare,Beauty,32.2,0.48,0.75,18,0.27,0.2,1
2026-06-13,US,news,Waterless skincare,Beauty,18.47,0.55,0.71,18,0.27,0.2,1
2026-06-13,US,search,Smart hydration bottle,Electronics,40.6,0.42,0.66,18,0.27,0.2,1
2026-06-13,US,reddit,Smart hydration bottle,Electronics,27.7,0.42,0.7,18,0.27,0.2,1
2026-06-13,US,youtube,Smart hydration bottle,Electronics,54.4,0.42,0.68,18,0.27,0.2,1
2026-06-13,US,marketplace,Smart hydration bottle,Electronics,36.99,0.43,0.69,18,0.27,0.2,1
2026-06-13,US,news,Smart hydration bottle,Electronics,21.54,0.49,0.71,18,0.27,0.2,1
2026-06-13,US,search,Walking pad,Fitness,31.26,0.34,0.53,20,0.35,0.26,1
2026-06-13,US,reddit,Walking pad,Fitness,25.52,0.36,0.52,20,0.35,0.26,1
2026-06-13,US,youtube,Walking pad,Fitness,42.33,0.42,0.51,20,0.35,0.26,1
2026-06-13,US,marketplace,Walking pad,Fitness,31.3,0.37,0.54,20,0.35,0.26,1
2026-06-13,US,news,Walking pad,Fitness,17.72,0.39,0.56,20,0.35,0.26,1
2026-06-13,US,search,Millet snacks,Food,32.28,0.46,0.75,18,0.27,0.2,1
2026-06-13,US,reddit,Millet snacks,Food,23.2,0.48,0.71,18,0.27,0.2,1
2026-06-13,US,youtube,Millet snacks,Food,41.5,0.45,0.77,18,0.27,0.2,1
2026-06-13,US,marketplace,Millet snacks,Food,30.06,0.39,0.78,18,0.27,0.2,1
2026-06-13,US,news,Millet snacks,Food,16.54,0.39,0.72,18,0.27,0.2,1
2026-06-13,US,search,Portable blender,Home,26.34,0.3,0.52,20,0.35,0.26,1
2026-06-13,US,reddit,Portable blender,Home,20.0,0.33,0.53,20,0.35,0.26,1
2026-06-13,US,youtube,Portable blender,Home,36.54,0.28,0.51,20,0.35,0.26,1
2026-06-13,US,marketplace,Portable blender,Home,24.9,0.3,0.48,20,0.35,0.26,1
2026-06-13,US,news,Portable blender,Home,15.53,0.28,0.45,20,0.35,0.26,1
2026-06-13,GB,search,Waterless skincare,Beauty,37.94,0.56,0.71,18,0.27,0.2,1
2026-06-13,GB,reddit,Waterless skincare,Beauty,25.76,0.57,0.7,18,0.27,0.2,1
2026-06-13,GB,youtube,Waterless skincare,Beauty,47.22,0.54,0.73,18,0.27,0.2,1
2026-06-13,GB,marketplace,Waterless skincare,Beauty,30.63,0.56,0.69,18,0.27,0.2,1
2026-06-13,GB,news,Waterless skincare,Beauty,18.69,0.49,0.69,18,0.27,0.2,1
2026-06-13,GB,search,Smart hydration bottle,Electronics,30.6,0.52,0.68,18,0.27,0.2,1
2026-06-13,GB,reddit,Smart hydration bottle,Electronics,23.53,0.51,0.7,18,0.27,0.2,1
2026-06-13,GB,youtube,Smart hydration bottle,Electronics,40.5,0.51,0.68,18,0.27,0.2,1
2026-06-13,GB,marketplace,Smart hydration bottle,Electronics,29.64,0.5,0.69,18,0.27,0.2,1
2026-06-13,GB,news,Smart hydration bottle,Electronics,16.55,0.49,0.65,18,0.27,0.2,1
2026-06-13,GB,search,Walking pad,Fitness,33.99,0.31,0.57,20,0.35,0.26,1
2026-06-13,GB,reddit,Walking pad,Fitness,25.49,0.35,0.59,20,0.35,0.26,1
2026-06-13,GB,youtube,Walking pad,Fitness,43.23,0.33,0.55,20,0.35,0.26,1
2026-06-13,GB,marketplace,Walking pad,Fitness,32.0,0.4,0.53,20,0.35,0.26,1
2026-06-13,GB,news,Walking pad,Fitness,18.62,0.37,0.52,20,0.35,0.26,1
2026-06-13,GB,search,Millet snacks,Food,29.81,0.45,0.74,18,0.27,0.2,1
2026-06-13,GB,reddit,Millet snacks,Food,22.77,0.41,0.72,18,0.27,0.2,1
2026-06-13,GB,youtube,Millet snacks,Food,40.73,0.38,0.77,18,0.27,0.2,1
2026-06-13,GB,marketplace,Millet snacks,Food,28.59,0.44,0.75,18,0.27,0.2,1
2026-06-13,GB,news,Millet snacks,Food,16.35,0.38,0.79,18,0.27,0.2,1
2026-06-13,GB,search,Portable blender,Home,28.53,0.34,0.45,20,0.35,0.26,1
2026-06-13,GB,reddit,Portable blender,Home,20.9,0.32,0.51,20,0.35,0.26,1
2026-06-13,GB,youtube,Portable blender,Home,38.16,0.34,0.51,20,0.35,0.26,1
2026-06-13,GB,marketplace,Portable blender,Home,24.35,0.24,0.49,20,0.35,0.26,1
2026-06-13,GB,news,Portable blender,Home,15.32,0.34,0.46,20,0.35,0.26,1
2026-06-13,EU,search,Waterless skincare,Beauty,38.38,0.5,0.69,18,0.27,0.2,1
2026-06-13,EU,reddit,Waterless skincare,Beauty,27.45,0.5,0.72,18,0.27,0.2,1
2026-06-13,EU,youtube,Waterless skincare,Beauty,53.32,0.55,0.72,18,0.27,0.2,1
2026-06-13,EU,marketplace,Waterless skincare,Beauty,33.96,0.55,0.76,18,0.27,0.2,1
2026-06-13,EU,news,Waterless skincare,Beauty,21.02,0.53,0.75,18,0.27,0.2,1
2026-06-13,EU,search,Smart hydration bottle,Electronics,32.47,0.53,0.64,18,0.27,0.2,1
2026-06-13,EU,reddit,Smart hydration bottle,Electronics,22.49,0.42,0.63,18,0.27,0.2,1
2026-06-13,EU,youtube,Smart hydration bottle,Electronics,40.13,0.42,0.66,18,0.27,0.2,1
2026-06-13,EU,marketplace,Smart hydration bottle,Electronics,26.56,0.47,0.7,18,0.27,0.2,1
2026-06-13,EU,news,Smart hydration bottle,Electronics,18.58,0.43,0.67,18,0.27,0.2,1
2026-06-13,EU,search,Walking pad,Fitness,29.62,0.42,0.57,20,0.35,0.26,1
2026-06-13,EU,reddit,Walking pad,Fitness,21.39,0.34,0.57,20,0.35,0.26,1
2026-06-13,EU,youtube,Walking pad,Fitness,38.08,0.31,0.51,20,0.35,0.26,1
2026-06-13,EU,marketplace,Walking pad,Fitness,24.82,0.36,0.59,20,0.35,0.26,1
2026-06-13,EU,news,Walking pad,Fitness,17.05,0.42,0.51,20,0.35,0.26,1
2026-06-13,EU,search,Millet snacks,Food,31.35,0.49,0.79,18,0.27,0.2,1
2026-06-13,EU,reddit,Millet snacks,Food,24.3,0.49,0.73,18,0.27,0.2,1
2026-06-13,EU,youtube,Millet snacks,Food,39.28,0.47,0.76,18,0.27,0.2,1
2026-06-13,EU,marketplace,Millet snacks,Food,29.18,0.46,0.74,18,0.27,0.2,1
2026-06-13,EU,news,Millet snacks,Food,15.79,0.45,0.72,18,0.27,0.2,1
2026-06-13,EU,search,Portable blender,Home,30.53,0.26,0.47,20,0.35,0.26,1
2026-06-13,EU,reddit,Portable blender,Home,21.92,0.24,0.47,20,0.35,0.26,1
2026-06-13,EU,youtube,Portable blender,Home,39.95,0.26,0.43,20,0.35,0.26,1
2026-06-13,EU,marketplace,Portable blender,Home,28.25,0.31,0.53,20,0.35,0.26,1
2026-06-13,EU,news,Portable blender,Home,17.22,0.32,0.5,20,0.35,0.26,1
2026-06-13,IN,search,Waterless skincare,Beauty,37.71,0.49,0.74,18,0.27,0.2,1
2026-06-13,IN,reddit,Waterless skincare,Beauty,31.43,0.48,0.74,18,0.27,0.2,1
2026-06-13,IN,youtube,Waterless skincare,Beauty,55.43,0.58,0.67,18,0.27,0.2,1
2026-06-13,IN,marketplace,Waterless skincare,Beauty,35.73,0.56,0.73,18,0.27,0.2,1
2026-06-13,IN,news,Waterless skincare,Beauty,22.26,0.56,0.74,18,0.27,0.2,1
2026-06-13,IN,search,Smart hydration bottle,Electronics,33.73,0.45,0.64,18,0.27,0.2,1
2026-06-13,IN,reddit,Smart hydration bottle,Electronics,24.01,0.51,0.68,18,0.27,0.2,1
2026-06-13,IN,youtube,Smart hydration bottle,Electronics,43.26,0.52,0.7,18,0.27,0.2,1
2026-06-13,IN,marketplace,Smart hydration bottle,Electronics,29.53,0.45,0.69,18,0.27,0.2,1
2026-06-13,IN,news,Smart hydration bottle,Electronics,17.71,0.48,0.67,18,0.27,0.2,1
2026-06-13,IN,search,Walking pad,Fitness,31.39,0.4,0.51,20,0.35,0.26,1
2026-06-13,IN,reddit,Walking pad,Fitness,22.59,0.41,0.57,20,0.35,0.26,1
2026-06-13,IN,youtube,Walking pad,Fitness,39.18,0.42,0.51,20,0.35,0.26,1
2026-06-13,IN,marketplace,Walking pad,Fitness,25.55,0.32,0.59,20,0.35,0.26,1
2026-06-13,IN,news,Walking pad,Fitness,16.5,0.36,0.55,20,0.35,0.26,1
2026-06-13,IN,search,Millet snacks,Food,41.29,0.49,0.74,18,0.27,0.2,1
2026-06-13,IN,reddit,Millet snacks,Food,31.97,0.5,0.72,18,0.27,0.2,1
2026-06-13,IN,youtube,Millet snacks,Food,53.16,0.45,0.78,18,0.27,0.2,1
2026-06-13,IN,marketplace,Millet snacks,Food,38.03,0.45,0.81,18,0.27,0.2,1
2026-06-13,IN,news,Millet snacks,Food,23.06,0.48,0.75,18,0.27,0.2,1
2026-06-13,IN,search,Portable blender,Home,28.91,0.34,0.53,20,0.35,0.26,1
2026-06-13,IN,reddit,Portable blender,Home,20.87,0.3,0.49,20,0.35,0.26,1
2026-06-13,IN,youtube,Portable blender,Home,36.05,0.3,0.52,20,0.35,0.26,1
2026-06-13,IN,marketplace,Portable blender,Home,25.72,0.32,0.51,20,0.35,0.26,1
2026-06-13,IN,news,Portable blender,Home,15.19,0.27,0.51,20,0.35,0.26,1
2026-06-14,US,search,Waterless skincare,Beauty,34.62,0.57,0.72,18,0.27,0.2,1
2026-06-14,US,reddit,Waterless skincare,Beauty,27.62,0.49,0.71,18,0.27,0.2,1
2026-06-14,US,youtube,Waterless skincare,Beauty,46.97,0.55,0.68,18,0.27,0.2,1
2026-06-14,US,marketplace,Waterless skincare,Beauty,32.35,0.51,0.75,18,0.27,0.2,1
2026-06-14,US,news,Waterless skincare,Beauty,20.46,0.48,0.67,18,0.27,0.2,1
2026-06-14,US,search,Smart hydration bottle,Electronics,41.13,0.48,0.64,18,0.27,0.2,1
2026-06-14,US,reddit,Smart hydration bottle,Electronics,28.15,0.42,0.73,18,0.27,0.2,1
2026-06-14,US,youtube,Smart hydration bottle,Electronics,51.4,0.46,0.71,18,0.27,0.2,1
2026-06-14,US,marketplace,Smart hydration bottle,Electronics,35.76,0.43,0.71,18,0.27,0.2,1
2026-06-14,US,news,Smart hydration bottle,Electronics,20.28,0.42,0.64,18,0.27,0.2,1
2026-06-14,US,search,Walking pad,Fitness,32.05,0.4,0.51,20,0.36,0.27,1
2026-06-14,US,reddit,Walking pad,Fitness,24.28,0.42,0.54,20,0.36,0.27,1
2026-06-14,US,youtube,Walking pad,Fitness,44.36,0.36,0.57,20,0.36,0.27,1
2026-06-14,US,marketplace,Walking pad,Fitness,29.33,0.35,0.52,20,0.36,0.27,1
2026-06-14,US,news,Walking pad,Fitness,18.25,0.38,0.55,20,0.36,0.27,1
2026-06-14,US,search,Millet snacks,Food,32.71,0.38,0.76,18,0.27,0.2,1
2026-06-14,US,reddit,Millet snacks,Food,22.56,0.42,0.71,18,0.27,0.2,1
2026-06-14,US,youtube,Millet snacks,Food,44.68,0.48,0.75,18,0.27,0.2,1
2026-06-14,US,marketplace,Millet snacks,Food,29.13,0.39,0.78,18,0.27,0.2,1
2026-06-14,US,news,Millet snacks,Food,18.0,0.42,0.81,18,0.27,0.2,1
2026-06-14,US,search,Portable blender,Home,28.0,0.24,0.43,20,0.36,0.27,1
2026-06-14,US,reddit,Portable blender,Home,20.99,0.34,0.48,20,0.36,0.27,1
2026-06-14,US,youtube,Portable blender,Home,38.08,0.24,0.5,20,0.36,0.27,1
2026-06-14,US,marketplace,Portable blender,Home,25.99,0.35,0.48,20,0.36,0.27,1
2026-06-14,US,news,Portable blender,Home,15.96,0.26,0.53,20,0.36,0.27,1
2026-06-14,GB,search,Waterless skincare,Beauty,34.53,0.5,0.75,18,0.27,0.2,1
2026-06-14,GB,reddit,Waterless skincare,Beauty,29.08,0.49,0.71,18,0.27,0.2,1
2026-06-14,GB,youtube,Waterless skincare,Beauty,46.45,0.48,0.76,18,0.27,0.2,1
2026-06-14,GB,marketplace,Waterless skincare,Beauty,34.55,0.57,0.71,18,0.27,0.2,1
2026-06-14,GB,news,Waterless skincare,Beauty,20.32,0.52,0.74,18,0.27,0.2,1
2026-06-14,GB,search,Smart hydration bottle,Electronics,32.18,0.53,0.7,18,0.27,0.2,1
2026-06-14,GB,reddit,Smart hydration bottle,Electronics,22.97,0.49,0.7,18,0.27,0.2,1
2026-06-14,GB,youtube,Smart hydration bottle,Electronics,44.08,0.52,0.66,18,0.27,0.2,1
2026-06-14,GB,marketplace,Smart hydration bottle,Electronics,28.03,0.45,0.66,18,0.27,0.2,1
2026-06-14,GB,news,Smart hydration bottle,Electronics,17.0,0.43,0.71,18,0.27,0.2,1
2026-06-14,GB,search,Walking pad,Fitness,32.62,0.37,0.5,20,0.36,0.27,1
2026-06-14,GB,reddit,Walking pad,Fitness,26.53,0.4,0.59,20,0.36,0.27,1
2026-06-14,GB,youtube,Walking pad,Fitness,47.73,0.31,0.52,20,0.36,0.27,1
2026-06-14,GB,marketplace,Walking pad,Fitness,29.97,0.39,0.58,20,0.36,0.27,1
2026-06-14,GB,news,Walking pad,Fitness,18.02,0.36,0.57,20,0.36,0.27,1
2026-06-14,GB,search,Millet snacks,Food,33.4,0.39,0.72,18,0.27,0.2,1
2026-06-14,GB,reddit,Millet snacks,Food,24.49,0.49,0.77,18,0.27,0.2,1
2026-06-14,GB,youtube,Millet snacks,Food,42.27,0.42,0.78,18,0.27,0.2,1
2026-06-14,GB,marketplace,Millet snacks,Food,26.52,0.44,0.78,18,0.27,0.2,1
2026-06-14,GB,news,Millet snacks,Food,17.7,0.39,0.76,18,0.27,0.2,1
2026-06-14,GB,search,Portable blender,Home,27.07,0.3,0.47,20,0.36,0.27,1
2026-06-14,GB,reddit,Portable blender,Home,19.67,0.27,0.52,20,0.36,0.27,1
2026-06-14,GB,youtube,Portable blender,Home,36.96,0.28,0.52,20,0.36,0.27,1
2026-06-14,GB,marketplace,Portable blender,Home,26.57,0.34,0.44,20,0.36,0.27,1
2026-06-14,GB,news,Portable blender,Home,14.64,0.3,0.5,20,0.36,0.27,1
2026-06-14,EU,search,Waterless skincare,Beauty,38.69,0.58,0.71,18,0.27,0.2,1
2026-06-14,EU,reddit,Waterless skincare,Beauty,28.27,0.47,0.75,18,0.27,0.2,1
2026-06-14,EU,youtube,Waterless skincare,Beauty,50.31,0.51,0.73,18,0.27,0.2,1
2026-06-14,EU,marketplace,Waterless skincare,Beauty,33.77,0.48,0.68,18,0.27,0.2,1
2026-06-14,EU,news,Waterless skincare,Beauty,22.05,0.46,0.68,18,0.27,0.2,1
2026-06-14,EU,search,Smart hydration bottle,Electronics,33.54,0.43,0.7,18,0.27,0.2,1
2026-06-14,EU,reddit,Smart hydration bottle,Electronics,24.47,0.42,0.72,18,0.27,0.2,1
2026-06-14,EU,youtube,Smart hydration bottle,Electronics,41.31,0.53,0.72,18,0.27,0.2,1
2026-06-14,EU,marketplace,Smart hydration bottle,Electronics,30.24,0.44,0.68,18,0.27,0.2,1
2026-06-14,EU,news,Smart hydration bottle,Electronics,17.68,0.43,0.67,18,0.27,0.2,1
2026-06-14,EU,search,Walking pad,Fitness,29.98,0.37,0.58,20,0.36,0.27,1
2026-06-14,EU,reddit,Walking pad,Fitness,20.98,0.32,0.55,20,0.36,0.27,1
2026-06-14,EU,youtube,Walking pad,Fitness,41.74,0.32,0.55,20,0.36,0.27,1
2026-06-14,EU,marketplace,Walking pad,Fitness,28.29,0.37,0.52,20,0.36,0.27,1
2026-06-14,EU,news,Walking pad,Fitness,16.76,0.41,0.54,20,0.36,0.27,1
2026-06-14,EU,search,Millet snacks,Food,30.03,0.41,0.72,18,0.27,0.2,1
2026-06-14,EU,reddit,Millet snacks,Food,23.2,0.48,0.79,18,0.27,0.2,1
2026-06-14,EU,youtube,Millet snacks,Food,39.38,0.46,0.8,18,0.27,0.2,1
2026-06-14,EU,marketplace,Millet snacks,Food,27.68,0.45,0.8,18,0.27,0.2,1
2026-06-14,EU,news,Millet snacks,Food,17.78,0.39,0.77,18,0.27,0.2,1
2026-06-14,EU,search,Portable blender,Home,31.32,0.34,0.49,20,0.36,0.27,1
2026-06-14,EU,reddit,Portable blender,Home,23.38,0.25,0.49,20,0.36,0.27,1
2026-06-14,EU,youtube,Portable blender,Home,39.43,0.33,0.47,20,0.36,0.27,1
2026-06-14,EU,marketplace,Portable blender,Home,25.31,0.24,0.44,20,0.36,0.27,1
2026-06-14,EU,news,Portable blender,Home,17.46,0.25,0.49,20,0.36,0.27,1
2026-06-14,IN,search,Waterless skincare,Beauty,39.31,0.51,0.72,18,0.27,0.2,1
2026-06-14,IN,reddit,Waterless skincare,Beauty,31.32,0.57,0.7,18,0.27,0.2,1
2026-06-14,IN,youtube,Waterless skincare,Beauty,54.33,0.5,0.7,18,0.27,0.2,1
2026-06-14,IN,marketplace,Waterless skincare,Beauty,38.3,0.52,0.71,18,0.27,0.2,1
2026-06-14,IN,news,Waterless skincare,Beauty,23.17,0.54,0.74,18,0.27,0.2,1
2026-06-14,IN,search,Smart hydration bottle,Electronics,35.12,0.49,0.7,18,0.27,0.2,1
2026-06-14,IN,reddit,Smart hydration bottle,Electronics,25.13,0.47,0.64,18,0.27,0.2,1
2026-06-14,IN,youtube,Smart hydration bottle,Electronics,44.7,0.46,0.68,18,0.27,0.2,1
2026-06-14,IN,marketplace,Smart hydration bottle,Electronics,30.39,0.45,0.66,18,0.27,0.2,1
2026-06-14,IN,news,Smart hydration bottle,Electronics,17.65,0.45,0.68,18,0.27,0.2,1
2026-06-14,IN,search,Walking pad,Fitness,29.03,0.42,0.59,20,0.36,0.27,1
2026-06-14,IN,reddit,Walking pad,Fitness,22.56,0.35,0.53,20,0.36,0.27,1
2026-06-14,IN,youtube,Walking pad,Fitness,42.07,0.37,0.54,20,0.36,0.27,1
2026-06-14,IN,marketplace,Walking pad,Fitness,25.94,0.36,0.57,20,0.36,0.27,1
2026-06-14,IN,news,Walking pad,Fitness,17.01,0.41,0.51,20,0.36,0.27,1
2026-06-14,IN,search,Millet snacks,Food,42.44,0.41,0.78,18,0.27,0.2,1
2026-06-14,IN,reddit,Millet snacks,Food,30.07,0.44,0.74,18,0.27,0.2,1
2026-06-14,IN,youtube,Millet snacks,Food,57.51,0.45,0.73,18,0.27,0.2,1
2026-06-14,IN,marketplace,Millet snacks,Food,37.96,0.48,0.77,18,0.27,0.2,1
2026-06-14,IN,news,Millet snacks,Food,21.56,0.47,0.79,18,0.27,0.2,1
2026-06-14,IN,search,Portable blender,Home,26.75,0.31,0.48,20,0.36,0.27,1
2026-06-14,IN,reddit,Portable blender,Home,20.25,0.29,0.46,20,0.36,0.27,1
2026-06-14,IN,youtube,Portable blender,Home,38.15,0.3,0.44,20,0.36,0.27,1
2026-06-14,IN,marketplace,Portable blender,Home,25.57,0.27,0.53,20,0.36,0.27,1
2026-06-14,IN,news,Portable blender,Home,16.07,0.35,0.43,20,0.36,0.27,1
2026-06-15,US,search,Waterless skincare,Beauty,34.31,0.57,0.76,18,0.27,0.2,1
2026-06-15,US,reddit,Waterless skincare,Beauty,26.73,0.58,0.73,18,0.27,0.2,1
2026-06-15,US,youtube,Waterless skincare,Beauty,46.91,0.53,0.69,18,0.27,0.2,1
2026-06-15,US,marketplace,Waterless skincare,Beauty,30.25,0.51,0.77,18,0.27,0.2,1
2026-06-15,US,news,Waterless skincare,Beauty,19.99,0.52,0.71,18,0.27,0.2,1
2026-06-15,US,search,Smart hydration bottle,Electronics,38.01,0.44,0.67,18,0.27,0.2,1
2026-06-15,US,reddit,Smart hydration bottle,Electronics,31.38,0.42,0.71,18,0.27,0.2,1
2026-06-15,US,youtube,Smart hydration bottle,Electronics,52.51,0.48,0.66,18,0.27,0.2,1
2026-06-15,US,marketplace,Smart hydration bottle,Electronics,37.57,0.53,0.7,18,0.27,0.2,1
2026-06-15,US,news,Smart hydration bottle,Electronics,21.17,0.52,0.69,18,0.27,0.2,1
2026-06-15,US,search,Walking pad,Fitness,31.65,0.35,0.56,20,0.36,0.27,1
2026-06-15,US,reddit,Walking pad,Fitness,24.69,0.36,0.52,20,0.36,0.27,1
2026-06-15,US,youtube,Walking pad,Fitness,46.63,0.38,0.53,20,0.36,0.27,1
2026-06-15,US,marketplace,Walking pad,Fitness,30.81,0.41,0.52,20,0.36,0.27,1
2026-06-15,US,news,Walking pad,Fitness,18.83,0.35,0.52,20,0.36,0.27,1
2026-06-15,US,search,Millet snacks,Food,34.08,0.48,0.73,18,0.27,0.2,1
2026-06-15,US,reddit,Millet snacks,Food,24.91,0.49,0.72,18,0.27,0.2,1
2026-06-15,US,youtube,Millet snacks,Food,45.61,0.5,0.74,18,0.27,0.2,1
2026-06-15,US,marketplace,Millet snacks,Food,29.36,0.39,0.79,18,0.27,0.2,1
2026-06-15,US,news,Millet snacks,Food,17.27,0.43,0.73,18,0.27,0.2,1
2026-06-15,US,search,Portable blender,Home,27.08,0.26,0.44,20,0.36,0.27,1
2026-06-15,US,reddit,Portable blender,Home,20.5,0.27,0.49,20,0.36,0.27,1
2026-06-15,US,youtube,Portable blender,Home,38.84,0.28,0.45,20,0.36,0.27,1
2026-06-15,US,marketplace,Portable blender,Home,24.11,0.24,0.5,20,0.36,0.27,1
2026-06-15,US,news,Portable blender,Home,15.48,0.32,0.47,20,0.36,0.27,1
2026-06-15,GB,search,Waterless skincare,Beauty,38.19,0.51,0.72,18,0.27,0.2,1
2026-06-15,GB,reddit,Waterless skincare,Beauty,27.29,0.57,0.72,18,0.27,0.2,1
2026-06-15,GB,youtube,Waterless skincare,Beauty,52.79,0.52,0.7,18,0.27,0.2,1
2026-06-15,GB,marketplace,Waterless skincare,Beauty,33.82,0.53,0.75,18,0.27,0.2,1
2026-06-15,GB,news,Waterless skincare,Beauty,20.98,0.5,0.74,18,0.27,0.2,1
2026-06-15,GB,search,Smart hydration bottle,Electronics,33.69,0.5,0.67,18,0.27,0.2,1
2026-06-15,GB,reddit,Smart hydration bottle,Electronics,25.92,0.44,0.66,18,0.27,0.2,1
2026-06-15,GB,youtube,Smart hydration bottle,Electronics,44.25,0.44,0.66,18,0.27,0.2,1
2026-06-15,GB,marketplace,Smart hydration bottle,Electronics,28.77,0.49,0.68,18,0.27,0.2,1
2026-06-15,GB,news,Smart hydration bottle,Electronics,17.05,0.53,0.65,18,0.27,0.2,1
2026-06-15,GB,search,Walking pad,Fitness,35.47,0.36,0.58,20,0.36,0.27,1
2026-06-15,GB,reddit,Walking pad,Fitness,25.49,0.35,0.54,20,0.36,0.27,1
2026-06-15,GB,youtube,Walking pad,Fitness,46.54,0.39,0.59,20,0.36,0.27,1
2026-06-15,GB,marketplace,Walking pad,Fitness,29.28,0.34,0.52,20,0.36,0.27,1
2026-06-15,GB,news,Walking pad,Fitness,18.63,0.43,0.55,20,0.36,0.27,1
2026-06-15,GB,search,Millet snacks,Food,30.58,0.48,0.77,18,0.27,0.2,1
2026-06-15,GB,reddit,Millet snacks,Food,24.38,0.48,0.79,18,0.27,0.2,1
2026-06-15,GB,youtube,Millet snacks,Food,46.19,0.42,0.79,18,0.27,0.2,1
2026-06-15,GB,marketplace,Millet snacks,Food,27.2,0.49,0.72,18,0.27,0.2,1
2026-06-15,GB,news,Millet snacks,Food,18.12,0.39,0.72,18,0.27,0.2,1
2026-06-15,GB,search,Portable blender,Home,29.98,0.29,0.46,20,0.36,0.27,1
2026-06-15,GB,reddit,Portable blender,Home,22.27,0.27,0.52,20,0.36,0.27,1
2026-06-15,GB,youtube,Portable blender,Home,36.72,0.27,0.48,20,0.36,0.27,1
2026-06-15,GB,marketplace,Portable blender,Home,24.49,0.25,0.44,20,0.36,0.27,1
2026-06-15,GB,news,Portable blender,Home,15.89,0.33,0.53,20,0.36,0.27,1
2026-06-15,EU,search,Waterless skincare,Beauty,42.11,0.48,0.72,18,0.27,0.2,1
2026-06-15,EU,reddit,Waterless skincare,Beauty,31.58,0.57,0.69,18,0.27,0.2,1
2026-06-15,EU,youtube,Waterless skincare,Beauty,55.84,0.48,0.74,18,0.27,0.2,1
2026-06-15,EU,marketplace,Waterless skincare,Beauty,33.53,0.47,0.75,18,0.27,0.2,1
2026-06-15,EU,news,Waterless skincare,Beauty,20.83,0.47,0.72,18,0.27,0.2,1
2026-06-15,EU,search,Smart hydration bottle,Electronics,33.95,0.5,0.65,18,0.27,0.2,1
2026-06-15,EU,reddit,Smart hydration bottle,Electronics,26.05,0.44,0.63,18,0.27,0.2,1
2026-06-15,EU,youtube,Smart hydration bottle,Electronics,46.42,0.51,0.68,18,0.27,0.2,1
2026-06-15,EU,marketplace,Smart hydration bottle,Electronics,27.5,0.48,0.64,18,0.27,0.2,1
2026-06-15,EU,news,Smart hydration bottle,Electronics,17.1,0.42,0.65,18,0.27,0.2,1
2026-06-15,EU,search,Walking pad,Fitness,28.29,0.41,0.58,20,0.36,0.27,1
2026-06-15,EU,reddit,Walking pad,Fitness,22.6,0.34,0.52,20,0.36,0.27,1
2026-06-15,EU,youtube,Walking pad,Fitness,38.43,0.32,0.52,20,0.36,0.27,1
2026-06-15,EU,marketplace,Walking pad,Fitness,27.37,0.4,0.51,20,0.36,0.27,1
2026-06-15,EU,news,Walking pad,Fitness,16.12,0.31,0.55,20,0.36,0.27,1
2026-06-15,EU,search,Millet snacks,Food,33.03,0.46,0.75,18,0.27,0.2,1
2026-06-15,EU,reddit,Millet snacks,Food,23.92,0.43,0.76,18,0.27,0.2,1
2026-06-15,EU,youtube,Millet snacks,Food,45.57,0.49,0.75,18,0.27,0.2,1
2026-06-15,EU,marketplace,Millet snacks,Food,28.96,0.47,0.78,18,0.27,0.2,1
2026-06-15,EU,news,Millet snacks,Food,18.05,0.44,0.75,18,0.27,0.2,1
2026-06-15,EU,search,Portable blender,Home,30.48,0.29,0.51,20,0.36,0.27,1
2026-06-15,EU,reddit,Portable blender,Home,21.91,0.31,0.47,20,0.36,0.27,1
2026-06-15,EU,youtube,Portable blender,Home,39.97,0.31,0.47,20,0.36,0.27,1
2026-06-15,EU,marketplace,Portable blender,Home,26.94,0.28,0.46,20,0.36,0.27,1
2026-06-15,EU,news,Portable blender,Home,16.05,0.24,0.47,20,0.36,0.27,1
2026-06-15,IN,search,Waterless skincare,Beauty,41.54,0.48,0.76,18,0.27,0.2,1
2026-06-15,IN,reddit,Waterless skincare,Beauty,31.8,0.55,0.73,18,0.27,0.2,1
2026-06-15,IN,youtube,Waterless skincare,Beauty,53.48,0.49,0.67,18,0.27,0.2,1
2026-06-15,IN,marketplace,Waterless skincare,Beauty,35.27,0.51,0.72,18,0.27,0.2,1
2026-06-15,IN,news,Waterless skincare,Beauty,22.3,0.52,0.76,18,0.27,0.2,1
2026-06-15,IN,search,Smart hydration bottle,Electronics,33.52,0.46,0.64,18,0.27,0.2,1
2026-06-15,IN,reddit,Smart hydration bottle,Electronics,26.86,0.52,0.72,18,0.27,0.2,1
2026-06-15,IN,youtube,Smart hydration bottle,Electronics,44.19,0.42,0.68,18,0.27,0.2,1
2026-06-15,IN,marketplace,Smart hydration bottle,Electronics,29.84,0.49,0.67,18,0.27,0.2,1
2026-06-15,IN,news,Smart hydration bottle,Electronics,18.79,0.46,0.68,18,0.27,0.2,1
2026-06-15,IN,search,Walking pad,Fitness,30.11,0.42,0.59,20,0.36,0.27,1
2026-06-15,IN,reddit,Walking pad,Fitness,22.59,0.35,0.52,20,0.36,0.27,1
2026-06-15,IN,youtube,Walking pad,Fitness,43.19,0.33,0.6,20,0.36,0.27,1
2026-06-15,IN,marketplace,Walking pad,Fitness,25.84,0.39,0.53,20,0.36,0.27,1
2026-06-15,IN,news,Walking pad,Fitness,15.51,0.33,0.55,20,0.36,0.27,1
2026-06-15,IN,search,Millet snacks,Food,38.75,0.43,0.79,18,0.27,0.2,1
2026-06-15,IN,reddit,Millet snacks,Food,30.96,0.45,0.74,18,0.27,0.2,1
2026-06-15,IN,youtube,Millet snacks,Food,52.52,0.44,0.72,18,0.27,0.2,1
2026-06-15,IN,marketplace,Millet snacks,Food,37.04,0.44,0.79,18,0.27,0.2,1
2026-06-15,IN,news,Millet snacks,Food,21.35,0.47,0.78,18,0.27,0.2,1
2026-06-15,IN,search,Portable blender,Home,28.6,0.24,0.53,20,0.36,0.27,1
2026-06-15,IN,reddit,Portable blender,Home,22.54,0.28,0.5,20,0.36,0.27,1
2026-06-15,IN,youtube,Portable blender,Home,37.93,0.32,0.46,20,0.36,0.27,1
2026-06-15,IN,marketplace,Portable blender,Home,24.22,0.34,0.44,20,0.36,0.27,1
2026-06-15,IN,news,Portable blender,Home,15.33,0.28,0.43,20,0.36,0.27,1
2026-06-16,US,search,Waterless skincare,Beauty,35.48,0.57,0.69,18,0.27,0.2,1
2026-06-16,US,reddit,Waterless skincare,Beauty,27.63,0.51,0.75,18,0.27,0.2,1
2026-06-16,US,youtube,Waterless skincare,Beauty,46.86,0.53,0.7,18,0.27,0.2,1
2026-06-16,US,marketplace,Waterless skincare,Beauty,34.75,0.46,0.68,18,0.27,0.2,1
2026-06-16,US,news,Waterless skincare,Beauty,21.08,0.49,0.72,18,0.27,0.2,1
2026-06-16,US,search,Smart hydration bottle,Electronics,38.31,0.47,0.73,18,0.27,0.2,1
2026-06-16,US,reddit,Smart hydration bottle,Electronics,32.41,0.47,0.64,18,0.27,0.2,1
2026-06-16,US,youtube,Smart hydration bottle,Electronics,54.75,0.52,0.69,18,0.27,0.2,1
2026-06-16,US,marketplace,Smart hydration bottle,Electronics,39.17,0.52,0.73,18,0.27,0.2,1
2026-06-16,US,news,Smart hydration bottle,Electronics,21.67,0.48,0.72,18,0.27,0.2,1
2026-06-16,US,search,Walking pad,Fitness,35.95,0.35,0.57,20,0.36,0.27,1
2026-06-16,US,reddit,Walking pad,Fitness,25.92,0.39,0.58,20,0.36,0.27,1
2026-06-16,US,youtube,Walking pad,Fitness,47.07,0.39,0.58,20,0.36,0.27,1
2026-06-16,US,marketplace,Walking pad,Fitness,32.19,0.34,0.58,20,0.36,0.27,1
2026-06-16,US,news,Walking pad,Fitness,18.76,0.34,0.59,20,0.36,0.27,1
2026-06-16,US,search,Millet snacks,Food,32.25,0.5,0.81,18,0.27,0.2,1
2026-06-16,US,reddit,Millet snacks,Food,23.32,0.45,0.79,18,0.27,0.2,1
2026-06-16,US,youtube,Millet snacks,Food,43.26,0.48,0.77,18,0.27,0.2,1
2026-06-16,US,marketplace,Millet snacks,Food,31.3,0.41,0.81,18,0.27,0.2,1
2026-06-16,US,news,Millet snacks,Food,18.15,0.4,0.72,18,0.27,0.2,1
2026-06-16,US,search,Portable blender,Home,28.88,0.28,0.5,20,0.36,0.27,1
2026-06-16,US,reddit,Portable blender,Home,21.29,0.27,0.44,20,0.36,0.27,1
2026-06-16,US,youtube,Portable blender,Home,36.93,0.29,0.52,20,0.36,0.27,1
2026-06-16,US,marketplace,Portable blender,Home,24.27,0.27,0.52,20,0.36,0.27,1
2026-06-16,US,news,Portable blender,Home,15.65,0.33,0.45,20,0.36,0.27,1
2026-06-16,GB,search,Waterless skincare,Beauty,38.08,0.46,0.76,18,0.27,0.2,1
2026-06-16,GB,reddit,Waterless skincare,Beauty,27.14,0.49,0.76,18,0.27,0.2,1
2026-06-16,GB,youtube,Waterless skincare,Beauty,51.54,0.57,0.73,18,0.27,0.2,1
2026-06-16,GB,marketplace,Waterless skincare,Beauty,33.95,0.56,0.7,18,0.27,0.2,1
2026-06-16,GB,news,Waterless skincare,Beauty,21.35,0.48,0.69,18,0.27,0.2,1
2026-06-16,GB,search,Smart hydration bottle,Electronics,32.93,0.46,0.64,18,0.27,0.2,1
2026-06-16,GB,reddit,Smart hydration bottle,Electronics,23.83,0.51,0.63,18,0.27,0.2,1
2026-06-16,GB,youtube,Smart hydration bottle,Electronics,45.81,0.47,0.64,18,0.27,0.2,1
2026-06-16,GB,marketplace,Smart hydration bottle,Electronics,32.37,0.51,0.69,18,0.27,0.2,1
2026-06-16,GB,news,Smart hydration bottle,Electronics,19.84,0.42,0.65,18,0.27,0.2,1
2026-06-16,GB,search,Walking pad,Fitness,33.18,0.43,0.54,20,0.36,0.27,1
2026-06-16,GB,reddit,Walking pad,Fitness,26.91,0.41,0.54,20,0.36,0.27,1
2026-06-16,GB,youtube,Walking pad,Fitness,47.69,0.31,0.59,20,0.36,0.27,1
2026-06-16,GB,marketplace,Walking pad,Fitness,30.73,0.31,0.56,20,0.36,0.27,1
2026-06-16,GB,news,Walking pad,Fitness,20.55,0.38,0.58,20,0.36,0.27,1
2026-06-16,GB,search,Millet snacks,Food,31.14,0.4,0.75,18,0.27,0.2,1
2026-06-16,GB,reddit,Millet snacks,Food,26.09,0.39,0.77,18,0.27,0.2,1
2026-06-16,GB,youtube,Millet snacks,Food,44.64,0.44,0.79,18,0.27,0.2,1
2026-06-16,GB,marketplace,Millet snacks,Food,28.4,0.39,0.77,18,0.27,0.2,1
2026-06-16,GB,news,Millet snacks,Food,17.3,0.46,0.78,18,0.27,0.2,1
2026-06-16,GB,search,Portable blender,Home,26.99,0.31,0.5,20,0.36,0.27,1
2026-06-16,GB,reddit,Portable blender,Home,20.05,0.34,0.5,20,0.36,0.27,1
2026-06-16,GB,youtube,Portable blender,Home,39.67,0.33,0.47,20,0.36,0.27,1
2026-06-16,GB,marketplace,Portable blender,Home,25.77,0.27,0.5,20,0.36,0.27,1
2026-06-16,GB,news,Portable blender,Home,15.51,0.33,0.45,20,0.36,0.27,1
2026-06-16,EU,search,Waterless skincare,Beauty,43.07,0.5,0.7,18,0.27,0.2,1
2026-06-16,EU,reddit,Waterless skincare,Beauty,29.15,0.48,0.69,18,0.27,0.2,1
2026-06-16,EU,youtube,Waterless skincare,Beauty,51.24,0.53,0.68,18,0.27,0.2,1
2026-06-16,EU,marketplace,Waterless skincare,Beauty,34.3,0.51,0.68,18,0.27,0.2,1
2026-06-16,EU,news,Waterless skincare,Beauty,20.86,0.55,0.74,18,0.27,0.2,1
2026-06-16,EU,search,Smart hydration bottle,Electronics,33.64,0.5,0.67,18,0.27,0.2,1
2026-06-16,EU,reddit,Smart hydration bottle,Electronics,23.64,0.49,0.72,18,0.27,0.2,1
2026-06-16,EU,youtube,Smart hydration bottle,Electronics,45.25,0.49,0.72,18,0.27,0.2,1
2026-06-16,EU,marketplace,Smart hydration bottle,Electronics,28.73,0.47,0.63,18,0.27,0.2,1
2026-06-16,EU,news,Smart hydration bottle,Electronics,17.42,0.44,0.64,18,0.27,0.2,1
2026-06-16,EU,search,Walking pad,Fitness,28.24,0.41,0.53,20,0.36,0.27,1
2026-06-16,EU,reddit,Walking pad,Fitness,21.67,0.37,0.57,20,0.36,0.27,1
2026-06-16,EU,youtube,Walking pad,Fitness,40.21,0.39,0.53,20,0.36,0.27,1
2026-06-16,EU,marketplace,Walking pad,Fitness,25.8,0.35,0.6,20,0.36,0.27,1
2026-06-16,EU,news,Walking pad,Fitness,16.44,0.34,0.59,20,0.36,0.27,1
2026-06-16,EU,search,Millet snacks,Food,32.48,0.46,0.71,18,0.27,0.2,1
2026-06-16,EU,reddit,Millet snacks,Food,25.09,0.49,0.75,18,0.27,0.2,1
2026-06-16,EU,youtube,Millet snacks,Food,43.36,0.5,0.72,18,0.27,0.2,1
2026-06-16,EU,marketplace,Millet snacks,Food,30.52,0.41,0.77,18,0.27,0.2,1
2026-06-16,EU,news,Millet snacks,Food,18.83,0.49,0.78,18,0.27,0.2,1
2026-06-16,EU,search,Portable blender,Home,30.47,0.33,0.49,20,0.36,0.27,1
2026-06-16,EU,reddit,Portable blender,Home,23.8,0.33,0.47,20,0.36,0.27,1
2026-06-16,EU,youtube,Portable blender,Home,38.71,0.29,0.51,20,0.36,0.27,1
2026-06-16,EU,marketplace,Portable blender,Home,27.74,0.26,0.46,20,0.36,0.27,1
2026-06-16,EU,news,Portable blender,Home,17.33,0.32,0.48,20,0.36,0.27,1
2026-06-16,IN,search,Waterless skincare,Beauty,41.63,0.57,0.77,18,0.27,0.2,1
2026-06-16,IN,reddit,Waterless skincare,Beauty,31.58,0.53,0.71,18,0.27,0.2,1
2026-06-16,IN,youtube,Waterless skincare,Beauty,59.48,0.56,0.72,18,0.27,0.2,1
2026-06-16,IN,marketplace,Waterless skincare,Beauty,38.45,0.53,0.72,18,0.27,0.2,1
2026-06-16,IN,news,Waterless skincare,Beauty,23.61,0.47,0.7,18,0.27,0.2,1
2026-06-16,IN,search,Smart hydration bottle,Electronics,33.79,0.49,0.71,18,0.27,0.2,1
2026-06-16,IN,reddit,Smart hydration bottle,Electronics,25.58,0.52,0.72,18,0.27,0.2,1
2026-06-16,IN,youtube,Smart hydration bottle,Electronics,48.89,0.49,0.65,18,0.27,0.2,1
2026-06-16,IN,marketplace,Smart hydration bottle,Electronics,30.01,0.49,0.67,18,0.27,0.2,1
2026-06-16,IN,news,Smart hydration bottle,Electronics,18.3,0.49,0.63,18,0.27,0.2,1
2026-06-16,IN,search,Walking pad,Fitness,29.45,0.42,0.53,20,0.36,0.27,1
2026-06-16,IN,reddit,Walking pad,Fitness,22.2,0.37,0.5,20,0.36,0.27,1
2026-06-16,IN,youtube,Walking pad,Fitness,43.94,0.36,0.54,20,0.36,0.27,1
2026-06-16,IN,marketplace,Walking pad,Fitness,27.28,0.42,0.58,20,0.36,0.27,1
2026-06-16,IN,news,Walking pad,Fitness,16.3,0.4,0.55,20,0.36,0.27,1
2026-06-16,IN,search,Millet snacks,Food,41.64,0.44,0.81,18,0.27,0.2,1
2026-06-16,IN,reddit,Millet snacks,Food,32.9,0.46,0.74,18,0.27,0.2,1
2026-06-16,IN,youtube,Millet snacks,Food,57.68,0.39,0.81,18,0.27,0.2,1
2026-06-16,IN,marketplace,Millet snacks,Food,36.4,0.46,0.74,18,0.27,0.2,1
2026-06-16,IN,news,Millet snacks,Food,21.93,0.41,0.81,18,0.27,0.2,1
2026-06-16,IN,search,Portable blender,Home,28.91,0.27,0.48,20,0.36,0.27,1
2026-06-16,IN,reddit,Portable blender,Home,20.6,0.32,0.44,20,0.36,0.27,1
2026-06-16,IN,youtube,Portable blender,Home,39.5,0.35,0.43,20,0.36,0.27,1
2026-06-16,IN,marketplace,Portable blender,Home,24.46,0.32,0.46,20,0.36,0.27,1
2026-06-16,IN,news,Portable blender,Home,16.11,0.32,0.47,20,0.36,0.27,1
2026-06-17,US,search,Waterless skincare,Beauty,39.21,0.48,0.69,18,0.27,0.21,1
2026-06-17,US,reddit,Waterless skincare,Beauty,26.26,0.57,0.7,18,0.27,0.21,1
2026-06-17,US,youtube,Waterless skincare,Beauty,50.38,0.53,0.68,18,0.27,0.21,1
2026-06-17,US,marketplace,Waterless skincare,Beauty,35.65,0.56,0.76,18,0.27,0.21,1
2026-06-17,US,news,Waterless skincare,Beauty,18.99,0.49,0.75,18,0.27,0.21,1
2026-06-17,US,search,Smart hydration bottle,Electronics,43.12,0.53,0.73,18,0.27,0.21,1
2026-06-17,US,reddit,Smart hydration bottle,Electronics,29.38,0.47,0.64,18,0.27,0.21,1
2026-06-17,US,youtube,Smart hydration bottle,Electronics,57.99,0.51,0.68,18,0.27,0.21,1
2026-06-17,US,marketplace,Smart hydration bottle,Electronics,35.3,0.5,0.66,18,0.27,0.21,1
2026-06-17,US,news,Smart hydration bottle,Electronics,21.45,0.51,0.67,18,0.27,0.21,1
2026-06-17,US,search,Walking pad,Fitness,34.32,0.33,0.59,21,0.37,0.28,1
2026-06-17,US,reddit,Walking pad,Fitness,26.97,0.42,0.56,21,0.37,0.28,1
2026-06-17,US,youtube,Walking pad,Fitness,50.16,0.4,0.6,21,0.37,0.28,1
2026-06-17,US,marketplace,Walking pad,Fitness,29.9,0.35,0.55,21,0.37,0.28,1
2026-06-17,US,news,Walking pad,Fitness,19.69,0.33,0.6,21,0.37,0.28,1
2026-06-17,US,search,Millet snacks,Food,34.86,0.42,0.74,18,0.27,0.21,1
2026-06-17,US,reddit,Millet snacks,Food,24.85,0.47,0.72,18,0.27,0.21,1
2026-06-17,US,youtube,Millet snacks,Food,45.51,0.48,0.73,18,0.27,0.21,1
2026-06-17,US,marketplace,Millet snacks,Food,28.97,0.46,0.79,18,0.27,0.21,1
2026-06-17,US,news,Millet snacks,Food,19.15,0.39,0.81,18,0.27,0.21,1
2026-06-17,US,search,Portable blender,Home,27.92,0.31,0.52,21,0.37,0.28,1
2026-06-17,US,reddit,Portable blender,Home,21.76,0.33,0.47,21,0.37,0.28,1
2026-06-17,US,youtube,Portable blender,Home,39.97,0.26,0.43,21,0.37,0.28,1
2026-06-17,US,marketplace,Portable blender,Home,25.96,0.24,0.47,21,0.37,0.28,1
2026-06-17,US,news,Portable blender,Home,17.06,0.35,0.49,21,0.37,0.28,1
2026-06-17,GB,search,Waterless skincare,Beauty,38.4,0.56,0.77,18,0.27,0.21,1
2026-06-17,GB,reddit,Waterless skincare,Beauty,30.62,0.47,0.75,18,0.27,0.21,1
2026-06-17,GB,youtube,Waterless skincare,Beauty,53.15,0.53,0.68,18,0.27,0.21,1
2026-06-17,GB,marketplace,Waterless skincare,Beauty,33.19,0.52,0.77,18,0.27,0.21,1
2026-06-17,GB,news,Waterless skincare,Beauty,22.05,0.5,0.73,18,0.27,0.21,1
2026-06-17,GB,search,Smart hydration bottle,Electronics,32.02,0.52,0.66,18,0.27,0.21,1
2026-06-17,GB,reddit,Smart hydration bottle,Electronics,25.02,0.51,0.66,18,0.27,0.21,1
2026-06-17,GB,youtube,Smart hydration bottle,Electronics,48.57,0.42,0.66,18,0.27,0.21,1
2026-06-17,GB,marketplace,Smart hydration bottle,Electronics,32.84,0.43,0.66,18,0.27,0.21,1
2026-06-17,GB,news,Smart hydration bottle,Electronics,18.52,0.43,0.66,18,0.27,0.21,1
2026-06-17,GB,search,Walking pad,Fitness,34.98,0.32,0.55,21,0.37,0.28,1
2026-06-17,GB,reddit,Walking pad,Fitness,24.98,0.34,0.53,21,0.37,0.28,1
2026-06-17,GB,youtube,Walking pad,Fitness,44.62,0.42,0.53,21,0.37,0.28,1
2026-06-17,GB,marketplace,Walking pad,Fitness,32.82,0.41,0.59,21,0.37,0.28,1
2026-06-17,GB,news,Walking pad,Fitness,19.76,0.41,0.54,21,0.37,0.28,1
2026-06-17,GB,search,Millet snacks,Food,31.14,0.41,0.74,18,0.27,0.21,1
2026-06-17,GB,reddit,Millet snacks,Food,26.1,0.4,0.73,18,0.27,0.21,1
2026-06-17,GB,youtube,Millet snacks,Food,46.43,0.41,0.74,18,0.27,0.21,1
2026-06-17,GB,marketplace,Millet snacks,Food,31.13,0.45,0.76,18,0.27,0.21,1
2026-06-17,GB,news,Millet snacks,Food,19.07,0.48,0.76,18,0.27,0.21,1
2026-06-17,GB,search,Portable blender,Home,29.24,0.32,0.46,21,0.37,0.28,1
2026-06-17,GB,reddit,Portable blender,Home,21.85,0.27,0.52,21,0.37,0.28,1
2026-06-17,GB,youtube,Portable blender,Home,40.43,0.24,0.52,21,0.37,0.28,1
2026-06-17,GB,marketplace,Portable blender,Home,25.74,0.31,0.46,21,0.37,0.28,1
2026-06-17,GB,news,Portable blender,Home,14.91,0.24,0.52,21,0.37,0.28,1
2026-06-17,EU,search,Waterless skincare,Beauty,41.5,0.47,0.72,18,0.27,0.21,1
2026-06-17,EU,reddit,Waterless skincare,Beauty,30.61,0.5,0.72,18,0.27,0.21,1
2026-06-17,EU,youtube,Waterless skincare,Beauty,53.51,0.53,0.73,18,0.27,0.21,1
2026-06-17,EU,marketplace,Waterless skincare,Beauty,38.41,0.47,0.69,18,0.27,0.21,1
2026-06-17,EU,news,Waterless skincare,Beauty,23.01,0.53,0.76,18,0.27,0.21,1
2026-06-17,EU,search,Smart hydration bottle,Electronics,34.4,0.42,0.65,18,0.27,0.21,1
2026-06-17,EU,reddit,Smart hydration bottle,Electronics,26.07,0.44,0.73,18,0.27,0.21,1
2026-06-17,EU,youtube,Smart hydration bottle,Electronics,47.92,0.48,0.73,18,0.27,0.21,1
2026-06-17,EU,marketplace,Smart hydration bottle,Electronics,28.29,0.48,0.66,18,0.27,0.21,1
2026-06-17,EU,news,Smart hydration bottle,Electronics,19.34,0.51,0.65,18,0.27,0.21,1
2026-06-17,EU,search,Walking pad,Fitness,30.8,0.31,0.52,21,0.37,0.28,1
2026-06-17,EU,reddit,Walking pad,Fitness,23.49,0.33,0.55,21,0.37,0.28,1
2026-06-17,EU,youtube,Walking pad,Fitness,40.41,0.36,0.56,21,0.37,0.28,1
2026-06-17,EU,marketplace,Walking pad,Fitness,29.12,0.34,0.52,21,0.37,0.28,1
2026-06-17,EU,news,Walking pad,Fitness,17.67,0.32,0.54,21,0.37,0.28,1
2026-06-17,EU,search,Millet snacks,Food,33.31,0.44,0.81,18,0.27,0.21,1
2026-06-17,EU,reddit,Millet snacks,Food,24.15,0.4,0.74,18,0.27,0.21,1
2026-06-17,EU,youtube,Millet snacks,Food,41.76,0.4,0.77,18,0.27,0.21,1
2026-06-17,EU,marketplace,Millet snacks,Food,27.81,0.46,0.72,18,0.27,0.21,1
2026-06-17,EU,news,Millet snacks,Food,16.79,0.5,0.78,18,0.27,0.21,1
2026-06-17,EU,search,Portable blender,Home,32.18,0.32,0.44,21,0.37,0.28,1
2026-06-17,EU,reddit,Portable blender,Home,22.45,0.35,0.49,21,0.37,0.28,1
2026-06-17,EU,youtube,Portable blender,Home,42.97,0.32,0.51,21,0.37,0.28,1
2026-06-17,EU,marketplace,Portable blender,Home,26.14,0.25,0.45,21,0.37,0.28,1
2026-06-17,EU,news,Portable blender,Home,16.29,0.32,0.51,21,0.37,0.28,1
2026-06-17,IN,search,Waterless skincare,Beauty,44.31,0.5,0.71,18,0.27,0.21,1
2026-06-17,IN,reddit,Waterless skincare,Beauty,32.31,0.54,0.71,18,0.27,0.21,1
2026-06-17,IN,youtube,Waterless skincare,Beauty,54.51,0.54,0.69,18,0.27,0.21,1
2026-06-17,IN,marketplace,Waterless skincare,Beauty,37.14,0.56,0.76,18,0.27,0.21,1
2026-06-17,IN,news,Waterless skincare,Beauty,23.7,0.52,0.76,18,0.27,0.21,1
2026-06-17,IN,search,Smart hydration bottle,Electronics,34.45,0.45,0.67,18,0.27,0.21,1
2026-06-17,IN,reddit,Smart hydration bottle,Electronics,24.82,0.51,0.71,18,0.27,0.21,1
2026-06-17,IN,youtube,Smart hydration bottle,Electronics,48.55,0.48,0.65,18,0.27,0.21,1
2026-06-17,IN,marketplace,Smart hydration bottle,Electronics,29.57,0.45,0.66,18,0.27,0.21,1
2026-06-17,IN,news,Smart hydration bottle,Electronics,18.25,0.51,0.68,18,0.27,0.21,1
2026-06-17,IN,search,Walking pad,Fitness,32.14,0.31,0.55,21,0.37,0.28,1
2026-06-17,IN,reddit,Walking pad,Fitness,22.61,0.33,0.52,21,0.37,0.28,1
2026-06-17,IN,youtube,Walking pad,Fitness,43.98,0.41,0.6,21,0.37,0.28,1
2026-06-17,IN,marketplace,Walking pad,Fitness,27.0,0.36,0.54,21,0.37,0.28,1
2026-06-17,IN,news,Walking pad,Fitness,16.17,0.4,0.56,21,0.37,0.28,1
2026-06-17,IN,search,Millet snacks,Food,42.05,0.5,0.77,18,0.27,0.21,1
2026-06-17,IN,reddit,Millet snacks,Food,32.69,0.4,0.74,18,0.27,0.21,1
2026-06-17,IN,youtube,Millet snacks,Food,56.66,0.41,0.72,18,0.27,0.21,1
2026-06-17,IN,marketplace,Millet snacks,Food,40.42,0.44,0.74,18,0.27,0.21,1
2026-06-17,IN,news,Millet snacks,Food,23.19,0.39,0.81,18,0.27,0.21,1
2026-06-17,IN,search,Portable blender,Home,27.39,0.34,0.46,21,0.37,0.28,1
2026-06-17,IN,reddit,Portable blender,Home,20.96,0.35,0.52,21,0.37,0.28,1
2026-06-17,IN,youtube,Portable blender,Home,41.08,0.3,0.52,21,0.37,0.28,1
2026-06-17,IN,marketplace,Portable blender,Home,27.63,0.31,0.53,21,0.37,0.28,1
2026-06-17,IN,news,Portable blender,Home,14.84,0.35,0.46,21,0.37,0.28,1
2026-06-18,US,search,Waterless skincare,Beauty,38.69,0.53,0.73,19,0.28,0.21,1
2026-06-18,US,reddit,Waterless skincare,Beauty,26.3,0.48,0.68,19,0.28,0.21,1
2026-06-18,US,youtube,Waterless skincare,Beauty,49.51,0.55,0.7,19,0.28,0.21,1
2026-06-18,US,marketplace,Waterless skincare,Beauty,35.37,0.53,0.73,19,0.28,0.21,1
2026-06-18,US,news,Waterless skincare,Beauty,21.22,0.58,0.73,19,0.28,0.21,1
2026-06-18,US,search,Smart hydration bottle,Electronics,41.18,0.46,0.69,19,0.28,0.21,1
2026-06-18,US,reddit,Smart hydration bottle,Electronics,33.24,0.45,0.72,19,0.28,0.21,1
2026-06-18,US,youtube,Smart hydration bottle,Electronics,55.59,0.51,0.68,19,0.28,0.21,1
2026-06-18,US,marketplace,Smart hydration bottle,Electronics,37.78,0.47,0.69,19,0.28,0.21,1
2026-06-18,US,news,Smart hydration bottle,Electronics,23.73,0.43,0.72,19,0.28,0.21,1
2026-06-18,US,search,Walking pad,Fitness,33.95,0.41,0.52,21,0.37,0.28,1
2026-06-18,US,reddit,Walking pad,Fitness,26.14,0.43,0.51,21,0.37,0.28,1
2026-06-18,US,youtube,Walking pad,Fitness,48.84,0.42,0.54,21,0.37,0.28,1
2026-06-18,US,marketplace,Walking pad,Fitness,30.13,0.4,0.52,21,0.37,0.28,1
2026-06-18,US,news,Walking pad,Fitness,18.31,0.34,0.59,21,0.37,0.28,1
2026-06-18,US,search,Millet snacks,Food,33.68,0.5,0.77,19,0.28,0.21,1
2026-06-18,US,reddit,Millet snacks,Food,26.98,0.49,0.72,19,0.28,0.21,1
2026-06-18,US,youtube,Millet snacks,Food,48.78,0.45,0.72,19,0.28,0.21,1
2026-06-18,US,marketplace,Millet snacks,Food,29.63,0.45,0.78,19,0.28,0.21,1
2026-06-18,US,news,Millet snacks,Food,19.91,0.41,0.76,19,0.28,0.21,1
2026-06-18,US,search,Portable blender,Home,28.42,0.26,0.51,21,0.37,0.28,1
2026-06-18,US,reddit,Portable blender,Home,22.71,0.35,0.48,21,0.37,0.28,1
2026-06-18,US,youtube,Portable blender,Home,42.33,0.33,0.52,21,0.37,0.28,1
2026-06-18,US,marketplace,Portable blender,Home,24.92,0.3,0.45,21,0.37,0.28,1
2026-06-18,US,news,Portable blender,Home,16.31,0.24,0.5,21,0.37,0.28,1
2026-06-18,GB,search,Waterless skincare,Beauty,41.87,0.55,0.73,19,0.28,0.21,1
2026-06-18,GB,reddit,Waterless skincare,Beauty,28.21,0.55,0.77,19,0.28,0.21,1
2026-06-18,GB,youtube,Waterless skincare,Beauty,53.82,0.54,0.69,19,0.28,0.21,1
2026-06-18,GB,marketplace,Waterless skincare,Beauty,37.13,0.49,0.67,19,0.28,0.21,1
2026-06-18,GB,news,Waterless skincare,Beauty,20.73,0.56,0.69,19,0.28,0.21,1
2026-06-18,GB,search,Smart hydration bottle,Electronics,33.76,0.42,0.67,19,0.28,0.21,1
2026-06-18,GB,reddit,Smart hydration bottle,Electronics,26.5,0.42,0.7,19,0.28,0.21,1
2026-06-18,GB,youtube,Smart hydration bottle,Electronics,48.39,0.46,0.71,19,0.28,0.21,1
2026-06-18,GB,marketplace,Smart hydration bottle,Electronics,32.42,0.52,0.67,19,0.28,0.21,1
2026-06-18,GB,news,Smart hydration bottle,Electronics,19.62,0.52,0.65,19,0.28,0.21,1
2026-06-18,GB,search,Walking pad,Fitness,35.22,0.33,0.5,21,0.37,0.28,1
2026-06-18,GB,reddit,Walking pad,Fitness,25.65,0.41,0.54,21,0.37,0.28,1
2026-06-18,GB,youtube,Walking pad,Fitness,45.57,0.33,0.51,21,0.37,0.28,1
2026-06-18,GB,marketplace,Walking pad,Fitness,31.87,0.36,0.57,21,0.37,0.28,1
2026-06-18,GB,news,Walking pad,Fitness,18.79,0.39,0.57,21,0.37,0.28,1
2026-06-18,GB,search,Millet snacks,Food,35.25,0.44,0.8,19,0.28,0.21,1
2026-06-18,GB,reddit,Millet snacks,Food,25.41,0.49,0.77,19,0.28,0.21,1
2026-06-18,GB,youtube,Millet snacks,Food,44.09,0.43,0.79,19,0.28,0.21,1
2026-06-18,GB,marketplace,Millet snacks,Food,30.51,0.46,0.73,19,0.28,0.21,1
2026-06-18,GB,news,Millet snacks,Food,18.27,0.4,0.79,19,0.28,0.21,1
2026-06-18,GB,search,Portable blender,Home,29.0,0.27,0.49,21,0.37,0.28,1
2026-06-18,GB,reddit,Portable blender,Home,23.23,0.33,0.51,21,0.37,0.28,1
2026-06-18,GB,youtube,Portable blender,Home,37.78,0.27,0.51,21,0.37,0.28,1
2026-06-18,GB,marketplace,Portable blender,Home,26.17,0.25,0.49,21,0.37,0.28,1
2026-06-18,GB,news,Portable blender,Home,16.74,0.25,0.44,21,0.37,0.28,1
2026-06-18,EU,search,Waterless skincare,Beauty,43.02,0.52,0.76,19,0.28,0.21,1
2026-06-18,EU,reddit,Waterless skincare,Beauty,31.49,0.51,0.73,19,0.28,0.21,1
2026-06-18,EU,youtube,Waterless skincare,Beauty,57.88,0.56,0.68,19,0.28,0.21,1
2026-06-18,EU,marketplace,Waterless skincare,Beauty,35.79,0.57,0.75,19,0.28,0.21,1
2026-06-18,EU,news,Waterless skincare,Beauty,22.07,0.47,0.76,19,0.28,0.21,1
2026-06-18,EU,search,Smart hydration bottle,Electronics,34.47,0.42,0.68,19,0.28,0.21,1
2026-06-18,EU,reddit,Smart hydration bottle,Electronics,24.2,0.48,0.64,19,0.28,0.21,1
2026-06-18,EU,youtube,Smart hydration bottle,Electronics,44.71,0.48,0.71,19,0.28,0.21,1
2026-06-18,EU,marketplace,Smart hydration bottle,Electronics,28.87,0.47,0.71,19,0.28,0.21,1
2026-06-18,EU,news,Smart hydration bottle,Electronics,17.9,0.51,0.7,19,0.28,0.21,1
2026-06-18,EU,search,Walking pad,Fitness,29.18,0.32,0.54,21,0.37,0.28,1
2026-06-18,EU,reddit,Walking pad,Fitness,22.97,0.38,0.51,21,0.37,0.28,1
2026-06-18,EU,youtube,Walking pad,Fitness,43.32,0.36,0.57,21,0.37,0.28,1
2026-06-18,EU,marketplace,Walking pad,Fitness,29.79,0.35,0.5,21,0.37,0.28,1
2026-06-18,EU,news,Walking pad,Fitness,15.86,0.31,0.57,21,0.37,0.28,1
2026-06-18,EU,search,Millet snacks,Food,30.87,0.48,0.71,19,0.28,0.21,1
2026-06-18,EU,reddit,Millet snacks,Food,24.19,0.47,0.79,19,0.28,0.21,1
2026-06-18,EU,youtube,Millet snacks,Food,45.19,0.39,0.73,19,0.28,0.21,1
2026-06-18,EU,marketplace,Millet snacks,Food,31.66,0.39,0.79,19,0.28,0.21,1
2026-06-18,EU,news,Millet snacks,Food,18.29,0.42,0.79,19,0.28,0.21,1
2026-06-18,EU,search,Portable blender,Home,32.59,0.31,0.5,21,0.37,0.28,1
2026-06-18,EU,reddit,Portable blender,Home,25.24,0.27,0.5,21,0.37,0.28,1
2026-06-18,EU,youtube,Portable blender,Home,44.27,0.3,0.46,21,0.37,0.28,1
2026-06-18,EU,marketplace,Portable blender,Home,27.52,0.25,0.48,21,0.37,0.28,1
2026-06-18,EU,news,Portable blender,Home,16.47,0.32,0.48,21,0.37,0.28,1
2026-06-18,IN,search,Waterless skincare,Beauty,41.53,0.52,0.75,19,0.28,0.21,1
2026-06-18,IN,reddit,Waterless skincare,Beauty,30.54,0.56,0.7,19,0.28,0.21,1
2026-06-18,IN,youtube,Waterless skincare,Beauty,58.78,0.47,0.71,19,0.28,0.21,1
2026-06-18,IN,marketplace,Waterless skincare,Beauty,36.05,0.51,0.67,19,0.28,0.21,1
2026-06-18,IN,news,Waterless skincare,Beauty,23.87,0.46,0.7,19,0.28,0.21,1
2026-06-18,IN,search,Smart hydration bottle,Electronics,34.01,0.46,0.66,19,0.28,0.21,1
2026-06-18,IN,reddit,Smart hydration bottle,Electronics,25.93,0.48,0.68,19,0.28,0.21,1
2026-06-18,IN,youtube,Smart hydration bottle,Electronics,46.97,0.48,0.65,19,0.28,0.21,1
2026-06-18,IN,marketplace,Smart hydration bottle,Electronics,30.18,0.45,0.65,19,0.28,0.21,1
2026-06-18,IN,news,Smart hydration bottle,Electronics,18.91,0.49,0.67,19,0.28,0.21,1
2026-06-18,IN,search,Walking pad,Fitness,32.78,0.4,0.54,21,0.37,0.28,1
2026-06-18,IN,reddit,Walking pad,Fitness,22.01,0.39,0.56,21,0.37,0.28,1
2026-06-18,IN,youtube,Walking pad,Fitness,39.69,0.33,0.54,21,0.37,0.28,1
2026-06-18,IN,marketplace,Walking pad,Fitness,29.63,0.37,0.56,21,0.37,0.28,1
2026-06-18,IN,news,Walking pad,Fitness,17.94,0.31,0.56,21,0.37,0.28,1
2026-06-18,IN,search,Millet snacks,Food,44.15,0.49,0.8,19,0.28,0.21,1
2026-06-18,IN,reddit,Millet snacks,Food,31.06,0.39,0.74,19,0.28,0.21,1
2026-06-18,IN,youtube,Millet snacks,Food,54.77,0.39,0.75,19,0.28,0.21,1
2026-06-18,IN,marketplace,Millet snacks,Food,40.82,0.39,0.77,19,0.28,0.21,1
2026-06-18,IN,news,Millet snacks,Food,23.92,0.38,0.77,19,0.28,0.21,1
2026-06-18,IN,search,Portable blender,Home,28.3,0.34,0.45,21,0.37,0.28,1
2026-06-18,IN,reddit,Portable blender,Home,23.35,0.29,0.52,21,0.37,0.28,1
2026-06-18,IN,youtube,Portable blender,Home,39.63,0.28,0.51,21,0.37,0.28,1
2026-06-18,IN,marketplace,Portable blender,Home,26.47,0.24,0.46,21,0.37,0.28,1
2026-06-18,IN,news,Portable blender,Home,15.33,0.24,0.5,21,0.37,0.28,1
2026-06-19,US,search,Waterless skincare,Beauty,38.9,0.5,0.69,19,0.28,0.21,1
2026-06-19,US,reddit,Waterless skincare,Beauty,28.98,0.54,0.74,19,0.28,0.21,1
2026-06-19,US,youtube,Waterless skincare,Beauty,50.99,0.48,0.69,19,0.28,0.21,1
2026-06-19,US,marketplace,Waterless skincare,Beauty,34.05,0.55,0.71,19,0.28,0.21,1
2026-06-19,US,news,Waterless skincare,Beauty,21.71,0.52,0.69,19,0.28,0.21,1
2026-06-19,US,search,Smart hydration bottle,Electronics,41.46,0.51,0.64,19,0.28,0.21,1
2026-06-19,US,reddit,Smart hydration bottle,Electronics,33.62,0.51,0.66,19,0.28,0.21,1
2026-06-19,US,youtube,Smart hydration bottle,Electronics,61.39,0.46,0.67,19,0.28,0.21,1
2026-06-19,US,marketplace,Smart hydration bottle,Electronics,39.68,0.51,0.72,19,0.28,0.21,1
2026-06-19,US,news,Smart hydration bottle,Electronics,21.93,0.46,0.65,19,0.28,0.21,1
2026-06-19,US,search,Walking pad,Fitness,36.54,0.35,0.57,21,0.38,0.28,1
2026-06-19,US,reddit,Walking pad,Fitness,25.98,0.42,0.59,21,0.38,0.28,1
2026-06-19,US,youtube,Walking pad,Fitness,44.94,0.32,0.54,21,0.38,0.28,1
2026-06-19,US,marketplace,Walking pad,Fitness,31.7,0.34,0.53,21,0.38,0.28,1
2026-06-19,US,news,Walking pad,Fitness,19.82,0.4,0.55,21,0.38,0.28,1
2026-06-19,US,search,Millet snacks,Food,36.57,0.47,0.78,19,0.28,0.21,1
2026-06-19,US,reddit,Millet snacks,Food,25.43,0.45,0.76,19,0.28,0.21,1
2026-06-19,US,youtube,Millet snacks,Food,44.54,0.5,0.74,19,0.28,0.21,1
2026-06-19,US,marketplace,Millet snacks,Food,33.15,0.43,0.79,19,0.28,0.21,1
2026-06-19,US,news,Millet snacks,Food,17.83,0.46,0.71,19,0.28,0.21,1
2026-06-19,US,search,Portable blender,Home,30.39,0.24,0.52,21,0.38,0.28,1
2026-06-19,US,reddit,Portable blender,Home,21.4,0.34,0.45,21,0.38,0.28,1
2026-06-19,US,youtube,Portable blender,Home,41.46,0.28,0.51,21,0.38,0.28,1
2026-06-19,US,marketplace,Portable blender,Home,25.75,0.27,0.5,21,0.38,0.28,1
2026-06-19,US,news,Portable blender,Home,16.05,0.26,0.44,21,0.38,0.28,1
2026-06-19,GB,search,Waterless skincare,Beauty,37.83,0.47,0.73,19,0.28,0.21,1
2026-06-19,GB,reddit,Waterless skincare,Beauty,30.15,0.55,0.75,19,0.28,0.21,1
2026-06-19,GB,youtube,Waterless skincare,Beauty,54.42,0.53,0.69,19,0.28,0.21,1
2026-06-19,GB,marketplace,Waterless skincare,Beauty,36.52,0.54,0.69,19,0.28,0.21,1
2026-06-19,GB,news,Waterless skincare,Beauty,21.16,0.51,0.7,19,0.28,0.21,1
2026-06-19,GB,search,Smart hydration bottle,Electronics,33.88,0.52,0.72,19,0.28,0.21,1
2026-06-19,GB,reddit,Smart hydration bottle,Electronics,27.25,0.53,0.72,19,0.28,0.21,1
2026-06-19,GB,youtube,Smart hydration bottle,Electronics,48.3,0.48,0.71,19,0.28,0.21,1
2026-06-19,GB,marketplace,Smart hydration bottle,Electronics,30.94,0.46,0.68,19,0.28,0.21,1
2026-06-19,GB,news,Smart hydration bottle,Electronics,19.38,0.46,0.69,19,0.28,0.21,1
2026-06-19,GB,search,Walking pad,Fitness,38.07,0.41,0.5,21,0.38,0.28,1
2026-06-19,GB,reddit,Walking pad,Fitness,25.97,0.41,0.6,21,0.38,0.28,1
2026-06-19,GB,youtube,Walking pad,Fitness,45.68,0.32,0.58,21,0.38,0.28,1
2026-06-19,GB,marketplace,Walking pad,Fitness,30.83,0.32,0.56,21,0.38,0.28,1
2026-06-19,GB,news,Walking pad,Fitness,21.11,0.34,0.54,21,0.38,0.28,1
2026-06-19,GB,search,Millet snacks,Food,33.75,0.46,0.74,19,0.28,0.21,1
2026-06-19,GB,reddit,Millet snacks,Food,24.64,0.5,0.72,19,0.28,0.21,1
2026-06-19,GB,youtube,Millet snacks,Food,47.17,0.43,0.71,19,0.28,0.21,1
2026-06-19,GB,marketplace,Millet snacks,Food,31.01,0.4,0.75,19,0.28,0.21,1
2026-06-19,GB,news,Millet snacks,Food,19.39,0.4,0.72,19,0.28,0.21,1
2026-06-19,GB,search,Portable blender,Home,28.72,0.24,0.44,21,0.38,0.28,1
2026-06-19,GB,reddit,Portable blender,Home,22.21,0.33,0.46,21,0.38,0.28,1
2026-06-19,GB,youtube,Portable blender,Home,40.05,0.26,0.47,21,0.38,0.28,1
2026-06-19,GB,marketplace,Portable blender,Home,26.47,0.34,0.49,21,0.38,0.28,1
2026-06-19,GB,news,Portable blender,Home,16.81,0.28,0.45,21,0.38,0.28,1
2026-06-19,EU,search,Waterless skincare,Beauty,43.57,0.57,0.73,19,0.28,0.21,1
2026-06-19,EU,reddit,Waterless skincare,Beauty,31.71,0.47,0.72,19,0.28,0.21,1
2026-06-19,EU,youtube,Waterless skincare,Beauty,55.72,0.51,0.68,19,0.28,0.21,1
2026-06-19,EU,marketplace,Waterless skincare,Beauty,40.34,0.54,0.76,19,0.28,0.21,1
2026-06-19,EU,news,Waterless skincare,Beauty,22.57,0.52,0.71,19,0.28,0.21,1
2026-06-19,EU,search,Smart hydration bottle,Electronics,35.93,0.51,0.69,19,0.28,0.21,1
2026-06-19,EU,reddit,Smart hydration bottle,Electronics,27.06,0.46,0.68,19,0.28,0.21,1
2026-06-19,EU,youtube,Smart hydration bottle,Electronics,46.2,0.47,0.71,19,0.28,0.21,1
2026-06-19,EU,marketplace,Smart hydration bottle,Electronics,29.27,0.5,0.64,19,0.28,0.21,1
2026-06-19,EU,news,Smart hydration bottle,Electronics,18.11,0.51,0.63,19,0.28,0.21,1
2026-06-19,EU,search,Walking pad,Fitness,29.29,0.33,0.6,21,0.38,0.28,1
2026-06-19,EU,reddit,Walking pad,Fitness,23.54,0.33,0.54,21,0.38,0.28,1
2026-06-19,EU,youtube,Walking pad,Fitness,44.53,0.32,0.59,21,0.38,0.28,1
2026-06-19,EU,marketplace,Walking pad,Fitness,26.3,0.33,0.55,21,0.38,0.28,1
2026-06-19,EU,news,Walking pad,Fitness,16.78,0.4,0.51,21,0.38,0.28,1
2026-06-19,EU,search,Millet snacks,Food,31.97,0.41,0.8,19,0.28,0.21,1
2026-06-19,EU,reddit,Millet snacks,Food,24.61,0.48,0.76,19,0.28,0.21,1
2026-06-19,EU,youtube,Millet snacks,Food,43.21,0.45,0.76,19,0.28,0.21,1
2026-06-19,EU,marketplace,Millet snacks,Food,31.61,0.43,0.77,19,0.28,0.21,1
2026-06-19,EU,news,Millet snacks,Food,19.46,0.45,0.81,19,0.28,0.21,1
2026-06-19,EU,search,Portable blender,Home,33.27,0.27,0.53,21,0.38,0.28,1
2026-06-19,EU,reddit,Portable blender,Home,22.56,0.27,0.49,21,0.38,0.28,1
2026-06-19,EU,youtube,Portable blender,Home,44.68,0.35,0.51,21,0.38,0.28,1
2026-06-19,EU,marketplace,Portable blender,Home,27.98,0.26,0.52,21,0.38,0.28,1
2026-06-19,EU,news,Portable blender,Home,18.5,0.32,0.48,21,0.38,0.28,1
2026-06-19,IN,search,Waterless skincare,Beauty,42.89,0.49,0.73,19,0.28,0.21,1
2026-06-19,IN,reddit,Waterless skincare,Beauty,33.11,0.47,0.68,19,0.28,0.21,1
2026-06-19,IN,youtube,Waterless skincare,Beauty,57.6,0.54,0.67,19,0.28,0.21,1
2026-06-19,IN,marketplace,Waterless skincare,Beauty,40.87,0.52,0.77,19,0.28,0.21,1
2026-06-19,IN,news,Waterless skincare,Beauty,24.17,0.47,0.7,19,0.28,0.21,1
2026-06-19,IN,search,Smart hydration bottle,Electronics,36.12,0.53,0.7,19,0.28,0.21,1
2026-06-19,IN,reddit,Smart hydration bottle,Electronics,26.63,0.45,0.71,19,0.28,0.21,1
2026-06-19,IN,youtube,Smart hydration bottle,Electronics,47.6,0.49,0.69,19,0.28,0.21,1
2026-06-19,IN,marketplace,Smart hydration bottle,Electronics,34.16,0.47,0.69,19,0.28,0.21,1
2026-06-19,IN,news,Smart hydration bottle,Electronics,20.51,0.52,0.7,19,0.28,0.21,1
2026-06-19,IN,search,Walking pad,Fitness,33.17,0.38,0.58,21,0.38,0.28,1
2026-06-19,IN,reddit,Walking pad,Fitness,24.6,0.39,0.58,21,0.38,0.28,1
2026-06-19,IN,youtube,Walking pad,Fitness,44.93,0.32,0.55,21,0.38,0.28,1
2026-06-19,IN,marketplace,Walking pad,Fitness,27.12,0.4,0.56,21,0.38,0.28,1
2026-06-19,IN,news,Walking pad,Fitness,17.77,0.38,0.51,21,0.38,0.28,1
2026-06-19,IN,search,Millet snacks,Food,44.27,0.41,0.79,19,0.28,0.21,1
2026-06-19,IN,reddit,Millet snacks,Food,34.69,0.45,0.79,19,0.28,0.21,1
2026-06-19,IN,youtube,Millet snacks,Food,62.18,0.49,0.8,19,0.28,0.21,1
2026-06-19,IN,marketplace,Millet snacks,Food,37.32,0.48,0.79,19,0.28,0.21,1
2026-06-19,IN,news,Millet snacks,Food,23.19,0.47,0.79,19,0.28,0.21,1
2026-06-19,IN,search,Portable blender,Home,29.28,0.3,0.53,21,0.38,0.28,1
2026-06-19,IN,reddit,Portable blender,Home,20.79,0.31,0.43,21,0.38,0.28,1
2026-06-19,IN,youtube,Portable blender,Home,40.24,0.25,0.49,21,0.38,0.28,1
2026-06-19,IN,marketplace,Portable blender,Home,26.45,0.29,0.52,21,0.38,0.28,1
2026-06-19,IN,news,Portable blender,Home,16.59,0.26,0.45,21,0.38,0.28,1
2026-06-20,US,search,Waterless skincare,Beauty,39.13,0.58,0.69,19,0.28,0.21,1
2026-06-20,US,reddit,Waterless skincare,Beauty,29.53,0.5,0.74,19,0.28,0.21,1
2026-06-20,US,youtube,Waterless skincare,Beauty,55.37,0.54,0.76,19,0.28,0.21,1
2026-06-20,US,marketplace,Waterless skincare,Beauty,35.02,0.54,0.73,19,0.28,0.21,1
2026-06-20,US,news,Waterless skincare,Beauty,19.9,0.56,0.7,19,0.28,0.21,1
2026-06-20,US,search,Smart hydration bottle,Electronics,40.14,0.46,0.67,19,0.28,0.21,1
2026-06-20,US,reddit,Smart hydration bottle,Electronics,33.09,0.53,0.72,19,0.28,0.21,1
2026-06-20,US,youtube,Smart hydration bottle,Electronics,58.77,0.47,0.63,19,0.28,0.21,1
2026-06-20,US,marketplace,Smart hydration bottle,Electronics,40.48,0.51,0.67,19,0.28,0.21,1
2026-06-20,US,news,Smart hydration bottle,Electronics,24.6,0.48,0.64,19,0.28,0.21,1
2026-06-20,US,search,Walking pad,Fitness,36.83,0.32,0.56,22,0.38,0.29,1
2026-06-20,US,reddit,Walking pad,Fitness,27.29,0.35,0.56,22,0.38,0.29,1
2026-06-20,US,youtube,Walking pad,Fitness,51.51,0.33,0.56,22,0.38,0.29,1
2026-06-20,US,marketplace,Walking pad,Fitness,33.82,0.32,0.58,22,0.38,0.29,1
2026-06-20,US,news,Walking pad,Fitness,20.87,0.4,0.58,22,0.38,0.29,1
2026-06-20,US,search,Millet snacks,Food,34.04,0.42,0.8,19,0.28,0.21,1
2026-06-20,US,reddit,Millet snacks,Food,24.82,0.48,0.79,19,0.28,0.21,1
2026-06-20,US,youtube,Millet snacks,Food,46.51,0.4,0.77,19,0.28,0.21,1
2026-06-20,US,marketplace,Millet snacks,Food,32.66,0.48,0.74,19,0.28,0.21,1
2026-06-20,US,news,Millet snacks,Food,20.29,0.48,0.79,19,0.28,0.21,1
2026-06-20,US,search,Portable blender,Home,28.46,0.33,0.43,22,0.38,0.29,1
2026-06-20,US,reddit,Portable blender,Home,22.92,0.3,0.49,22,0.38,0.29,1
2026-06-20,US,youtube,Portable blender,Home,42.61,0.28,0.53,22,0.38,0.29,1
2026-06-20,US,marketplace,Portable blender,Home,25.43,0.35,0.47,22,0.38,0.29,1
2026-06-20,US,news,Portable blender,Home,15.74,0.24,0.45,22,0.38,0.29,1
2026-06-20,GB,search,Waterless skincare,Beauty,41.25,0.56,0.75,19,0.28,0.21,1
2026-06-20,GB,reddit,Waterless skincare,Beauty,28.44,0.57,0.71,19,0.28,0.21,1
2026-06-20,GB,youtube,Waterless skincare,Beauty,51.42,0.54,0.68,19,0.28,0.21,1
2026-06-20,GB,marketplace,Waterless skincare,Beauty,37.22,0.47,0.74,19,0.28,0.21,1
2026-06-20,GB,news,Waterless skincare,Beauty,20.94,0.51,0.69,19,0.28,0.21,1
2026-06-20,GB,search,Smart hydration bottle,Electronics,36.32,0.44,0.69,19,0.28,0.21,1
2026-06-20,GB,reddit,Smart hydration bottle,Electronics,26.54,0.46,0.64,19,0.28,0.21,1
2026-06-20,GB,youtube,Smart hydration bottle,Electronics,49.71,0.44,0.66,19,0.28,0.21,1
2026-06-20,GB,marketplace,Smart hydration bottle,Electronics,29.93,0.47,0.67,19,0.28,0.21,1
2026-06-20,GB,news,Smart hydration bottle,Electronics,19.02,0.43,0.7,19,0.28,0.21,1
2026-06-20,GB,search,Walking pad,Fitness,36.32,0.32,0.54,22,0.38,0.29,1
2026-06-20,GB,reddit,Walking pad,Fitness,28.83,0.39,0.56,22,0.38,0.29,1
2026-06-20,GB,youtube,Walking pad,Fitness,48.31,0.37,0.51,22,0.38,0.29,1
2026-06-20,GB,marketplace,Walking pad,Fitness,34.64,0.39,0.58,22,0.38,0.29,1
2026-06-20,GB,news,Walking pad,Fitness,21.31,0.42,0.6,22,0.38,0.29,1
2026-06-20,GB,search,Millet snacks,Food,34.58,0.49,0.72,19,0.28,0.21,1
2026-06-20,GB,reddit,Millet snacks,Food,26.7,0.38,0.8,19,0.28,0.21,1
2026-06-20,GB,youtube,Millet snacks,Food,47.39,0.41,0.81,19,0.28,0.21,1
2026-06-20,GB,marketplace,Millet snacks,Food,29.54,0.43,0.72,19,0.28,0.21,1
2026-06-20,GB,news,Millet snacks,Food,17.88,0.49,0.75,19,0.28,0.21,1
2026-06-20,GB,search,Portable blender,Home,31.54,0.26,0.52,22,0.38,0.29,1
2026-06-20,GB,reddit,Portable blender,Home,22.0,0.29,0.52,22,0.38,0.29,1
2026-06-20,GB,youtube,Portable blender,Home,39.96,0.26,0.53,22,0.38,0.29,1
2026-06-20,GB,marketplace,Portable blender,Home,28.3,0.32,0.44,22,0.38,0.29,1
2026-06-20,GB,news,Portable blender,Home,15.59,0.28,0.45,22,0.38,0.29,1
2026-06-20,EU,search,Waterless skincare,Beauty,42.36,0.56,0.77,19,0.28,0.21,1
2026-06-20,EU,reddit,Waterless skincare,Beauty,31.3,0.52,0.72,19,0.28,0.21,1
2026-06-20,EU,youtube,Waterless skincare,Beauty,61.68,0.51,0.69,19,0.28,0.21,1
2026-06-20,EU,marketplace,Waterless skincare,Beauty,38.27,0.57,0.72,19,0.28,0.21,1
2026-06-20,EU,news,Waterless skincare,Beauty,22.92,0.53,0.74,19,0.28,0.21,1
2026-06-20,EU,search,Smart hydration bottle,Electronics,33.53,0.48,0.63,19,0.28,0.21,1
2026-06-20,EU,reddit,Smart hydration bottle,Electronics,27.71,0.45,0.63,19,0.28,0.21,1
2026-06-20,EU,youtube,Smart hydration bottle,Electronics,49.58,0.47,0.66,19,0.28,0.21,1
2026-06-20,EU,marketplace,Smart hydration bottle,Electronics,29.66,0.47,0.7,19,0.28,0.21,1
2026-06-20,EU,news,Smart hydration bottle,Electronics,20.24,0.46,0.68,19,0.28,0.21,1
2026-06-20,EU,search,Walking pad,Fitness,33.5,0.42,0.57,22,0.38,0.29,1
2026-06-20,EU,reddit,Walking pad,Fitness,23.7,0.37,0.59,22,0.38,0.29,1
2026-06-20,EU,youtube,Walking pad,Fitness,40.13,0.41,0.56,22,0.38,0.29,1
2026-06-20,EU,marketplace,Walking pad,Fitness,29.95,0.41,0.56,22,0.38,0.29,1
2026-06-20,EU,news,Walking pad,Fitness,18.18,0.32,0.52,22,0.38,0.29,1
2026-06-20,EU,search,Millet snacks,Food,33.97,0.5,0.73,19,0.28,0.21,1
2026-06-20,EU,reddit,Millet snacks,Food,25.57,0.47,0.76,19,0.28,0.21,1
2026-06-20,EU,youtube,Millet snacks,Food,47.21,0.45,0.73,19,0.28,0.21,1
2026-06-20,EU,marketplace,Millet snacks,Food,30.17,0.48,0.8,19,0.28,0.21,1
2026-06-20,EU,news,Millet snacks,Food,18.73,0.48,0.79,19,0.28,0.21,1
2026-06-20,EU,search,Portable blender,Home,30.61,0.32,0.46,22,0.38,0.29,1
2026-06-20,EU,reddit,Portable blender,Home,22.46,0.26,0.51,22,0.38,0.29,1
2026-06-20,EU,youtube,Portable blender,Home,46.07,0.24,0.51,22,0.38,0.29,1
2026-06-20,EU,marketplace,Portable blender,Home,29.21,0.32,0.47,22,0.38,0.29,1
2026-06-20,EU,news,Portable blender,Home,18.08,0.35,0.48,22,0.38,0.29,1
2026-06-20,IN,search,Waterless skincare,Beauty,45.29,0.51,0.76,19,0.28,0.21,1
2026-06-20,IN,reddit,Waterless skincare,Beauty,31.82,0.51,0.75,19,0.28,0.21,1
2026-06-20,IN,youtube,Waterless skincare,Beauty,56.54,0.56,0.71,19,0.28,0.21,1
2026-06-20,IN,marketplace,Waterless skincare,Beauty,36.89,0.52,0.68,19,0.28,0.21,1
2026-06-20,IN,news,Waterless skincare,Beauty,25.39,0.48,0.73,19,0.28,0.21,1
2026-06-20,IN,search,Smart hydration bottle,Electronics,35.32,0.43,0.73,19,0.28,0.21,1
2026-06-20,IN,reddit,Smart hydration bottle,Electronics,27.83,0.49,0.63,19,0.28,0.21,1
2026-06-20,IN,youtube,Smart hydration bottle,Electronics,47.74,0.53,0.72,19,0.28,0.21,1
2026-06-20,IN,marketplace,Smart hydration bottle,Electronics,33.43,0.46,0.65,19,0.28,0.21,1
2026-06-20,IN,news,Smart hydration bottle,Electronics,18.72,0.49,0.72,19,0.28,0.21,1
2026-06-20,IN,search,Walking pad,Fitness,30.1,0.38,0.53,22,0.38,0.29,1
2026-06-20,IN,reddit,Walking pad,Fitness,23.67,0.36,0.56,22,0.38,0.29,1
2026-06-20,IN,youtube,Walking pad,Fitness,40.44,0.38,0.58,22,0.38,0.29,1
2026-06-20,IN,marketplace,Walking pad,Fitness,27.88,0.36,0.56,22,0.38,0.29,1
2026-06-20,IN,news,Walking pad,Fitness,17.09,0.37,0.5,22,0.38,0.29,1
2026-06-20,IN,search,Millet snacks,Food,42.26,0.49,0.71,19,0.28,0.21,1
2026-06-20,IN,reddit,Millet snacks,Food,32.5,0.38,0.77,19,0.28,0.21,1
2026-06-20,IN,youtube,Millet snacks,Food,61.84,0.46,0.76,19,0.28,0.21,1
2026-06-20,IN,marketplace,Millet snacks,Food,42.6,0.45,0.78,19,0.28,0.21,1
2026-06-20,IN,news,Millet snacks,Food,24.43,0.41,0.72,19,0.28,0.21,1
2026-06-20,IN,search,Portable blender,Home,31.41,0.28,0.5,22,0.38,0.29,1
2026-06-20,IN,reddit,Portable blender,Home,22.4,0.31,0.49,22,0.38,0.29,1
2026-06-20,IN,youtube,Portable blender,Home,39.03,0.29,0.48,22,0.38,0.29,1
2026-06-20,IN,marketplace,Portable blender,Home,26.68,0.33,0.52,22,0.38,0.29,1
2026-06-20,IN,news,Portable blender,Home,16.85,0.29,0.47,22,0.38,0.29,1
2026-06-21,US,search,Waterless skincare,Beauty,37.53,0.57,0.71,19,0.28,0.21,1
2026-06-21,US,reddit,Waterless skincare,Beauty,29.02,0.48,0.75,19,0.28,0.21,1
2026-06-21,US,youtube,Waterless skincare,Beauty,54.22,0.46,0.73,19,0.28,0.21,1
2026-06-21,US,marketplace,Waterless skincare,Beauty,34.25,0.55,0.77,19,0.28,0.21,1
2026-06-21,US,news,Waterless skincare,Beauty,20.29,0.54,0.77,19,0.28,0.21,1
2026-06-21,US,search,Smart hydration bottle,Electronics,43.6,0.48,0.67,19,0.28,0.21,1
2026-06-21,US,reddit,Smart hydration bottle,Electronics,31.12,0.49,0.72,19,0.28,0.21,1
2026-06-21,US,youtube,Smart hydration bottle,Electronics,58.95,0.5,0.65,19,0.28,0.21,1
2026-06-21,US,marketplace,Smart hydration bottle,Electronics,41.1,0.45,0.69,19,0.28,0.21,1
2026-06-21,US,news,Smart hydration bottle,Electronics,23.98,0.5,0.71,19,0.28,0.21,1
2026-06-21,US,search,Walking pad,Fitness,36.49,0.39,0.5,22,0.38,0.29,1
2026-06-21,US,reddit,Walking pad,Fitness,27.8,0.39,0.58,22,0.38,0.29,1
2026-06-21,US,youtube,Walking pad,Fitness,48.14,0.39,0.59,22,0.38,0.29,1
2026-06-21,US,marketplace,Walking pad,Fitness,33.45,0.41,0.58,22,0.38,0.29,1
2026-06-21,US,news,Walking pad,Fitness,19.67,0.39,0.53,22,0.38,0.29,1
2026-06-21,US,search,Millet snacks,Food,35.1,0.38,0.78,19,0.28,0.21,1
2026-06-21,US,reddit,Millet snacks,Food,25.25,0.49,0.73,19,0.28,0.21,1
2026-06-21,US,youtube,Millet snacks,Food,49.32,0.48,0.74,19,0.28,0.21,1
2026-06-21,US,marketplace,Millet snacks,Food,30.37,0.44,0.76,19,0.28,0.21,1
2026-06-21,US,news,Millet snacks,Food,19.13,0.4,0.79,19,0.28,0.21,1
2026-06-21,US,search,Portable blender,Home,30.55,0.26,0.45,22,0.38,0.29,1
2026-06-21,US,reddit,Portable blender,Home,23.98,0.32,0.5,22,0.38,0.29,1
2026-06-21,US,youtube,Portable blender,Home,42.58,0.33,0.51,22,0.38,0.29,1
2026-06-21,US,marketplace,Portable blender,Home,26.02,0.35,0.48,22,0.38,0.29,1
2026-06-21,US,news,Portable blender,Home,17.47,0.3,0.44,22,0.38,0.29,1
2026-06-21,GB,search,Waterless skincare,Beauty,40.58,0.49,0.74,19,0.28,0.21,1
2026-06-21,GB,reddit,Waterless skincare,Beauty,32.64,0.48,0.75,19,0.28,0.21,1
2026-06-21,GB,youtube,Waterless skincare,Beauty,57.25,0.57,0.69,19,0.28,0.21,1
2026-06-21,GB,marketplace,Waterless skincare,Beauty,39.32,0.51,0.77,19,0.28,0.21,1
2026-06-21,GB,news,Waterless skincare,Beauty,21.58,0.57,0.69,19,0.28,0.21,1
2026-06-21,GB,search,Smart hydration bottle,Electronics,37.06,0.46,0.69,19,0.28,0.21,1
2026-06-21,GB,reddit,Smart hydration bottle,Electronics,27.76,0.43,0.72,19,0.28,0.21,1
2026-06-21,GB,youtube,Smart hydration bottle,Electronics,51.7,0.43,0.7,19,0.28,0.21,1
2026-06-21,GB,marketplace,Smart hydration bottle,Electronics,31.87,0.42,0.69,19,0.28,0.21,1
2026-06-21,GB,news,Smart hydration bottle,Electronics,19.89,0.53,0.72,19,0.28,0.21,1
2026-06-21,GB,search,Walking pad,Fitness,37.2,0.31,0.53,22,0.38,0.29,1
2026-06-21,GB,reddit,Walking pad,Fitness,27.63,0.39,0.58,22,0.38,0.29,1
2026-06-21,GB,youtube,Walking pad,Fitness,47.89,0.33,0.56,22,0.38,0.29,1
2026-06-21,GB,marketplace,Walking pad,Fitness,31.44,0.39,0.55,22,0.38,0.29,1
2026-06-21,GB,news,Walking pad,Fitness,20.51,0.42,0.51,22,0.38,0.29,1
2026-06-21,GB,search,Millet snacks,Food,34.53,0.44,0.71,19,0.28,0.21,1
2026-06-21,GB,reddit,Millet snacks,Food,26.05,0.46,0.77,19,0.28,0.21,1
2026-06-21,GB,youtube,Millet snacks,Food,45.23,0.38,0.79,19,0.28,0.21,1
2026-06-21,GB,marketplace,Millet snacks,Food,29.9,0.42,0.74,19,0.28,0.21,1
2026-06-21,GB,news,Millet snacks,Food,18.92,0.42,0.74,19,0.28,0.21,1
2026-06-21,GB,search,Portable blender,Home,28.32,0.32,0.47,22,0.38,0.29,1
2026-06-21,GB,reddit,Portable blender,Home,23.69,0.33,0.48,22,0.38,0.29,1
2026-06-21,GB,youtube,Portable blender,Home,42.41,0.3,0.45,22,0.38,0.29,1
2026-06-21,GB,marketplace,Portable blender,Home,26.69,0.34,0.43,22,0.38,0.29,1
2026-06-21,GB,news,Portable blender,Home,17.54,0.27,0.51,22,0.38,0.29,1
2026-06-21,EU,search,Waterless skincare,Beauty,44.57,0.54,0.68,19,0.28,0.21,1
2026-06-21,EU,reddit,Waterless skincare,Beauty,34.58,0.56,0.67,19,0.28,0.21,1
2026-06-21,EU,youtube,Waterless skincare,Beauty,57.35,0.51,0.73,19,0.28,0.21,1
2026-06-21,EU,marketplace,Waterless skincare,Beauty,41.48,0.47,0.73,19,0.28,0.21,1
2026-06-21,EU,news,Waterless skincare,Beauty,23.76,0.47,0.74,19,0.28,0.21,1
2026-06-21,EU,search,Smart hydration bottle,Electronics,33.72,0.47,0.66,19,0.28,0.21,1
2026-06-21,EU,reddit,Smart hydration bottle,Electronics,25.28,0.52,0.68,19,0.28,0.21,1
2026-06-21,EU,youtube,Smart hydration bottle,Electronics,50.4,0.46,0.65,19,0.28,0.21,1
2026-06-21,EU,marketplace,Smart hydration bottle,Electronics,30.37,0.45,0.71,19,0.28,0.21,1
2026-06-21,EU,news,Smart hydration bottle,Electronics,20.4,0.47,0.64,19,0.28,0.21,1
2026-06-21,EU,search,Walking pad,Fitness,31.09,0.4,0.55,22,0.38,0.29,1
2026-06-21,EU,reddit,Walking pad,Fitness,24.89,0.36,0.54,22,0.38,0.29,1
2026-06-21,EU,youtube,Walking pad,Fitness,41.82,0.33,0.55,22,0.38,0.29,1
2026-06-21,EU,marketplace,Walking pad,Fitness,28.04,0.35,0.57,22,0.38,0.29,1
2026-06-21,EU,news,Walking pad,Fitness,17.95,0.37,0.53,22,0.38,0.29,1
2026-06-21,EU,search,Millet snacks,Food,34.65,0.49,0.79,19,0.28,0.21,1
2026-06-21,EU,reddit,Millet snacks,Food,25.01,0.46,0.77,19,0.28,0.21,1
2026-06-21,EU,youtube,Millet snacks,Food,44.12,0.39,0.81,19,0.28,0.21,1
2026-06-21,EU,marketplace,Millet snacks,Food,32.57,0.5,0.79,19,0.28,0.21,1
2026-06-21,EU,news,Millet snacks,Food,18.63,0.42,0.72,19,0.28,0.21,1
2026-06-21,EU,search,Portable blender,Home,33.88,0.34,0.43,22,0.38,0.29,1
2026-06-21,EU,reddit,Portable blender,Home,25.24,0.28,0.45,22,0.38,0.29,1
2026-06-21,EU,youtube,Portable blender,Home,44.49,0.26,0.53,22,0.38,0.29,1
2026-06-21,EU,marketplace,Portable blender,Home,27.56,0.34,0.52,22,0.38,0.29,1
2026-06-21,EU,news,Portable blender,Home,18.57,0.33,0.52,22,0.38,0.29,1
2026-06-21,IN,search,Waterless skincare,Beauty,41.93,0.46,0.7,19,0.28,0.21,1
2026-06-21,IN,reddit,Waterless skincare,Beauty,31.28,0.48,0.73,19,0.28,0.21,1
2026-06-21,IN,youtube,Waterless skincare,Beauty,60.71,0.48,0.68,19,0.28,0.21,1
2026-06-21,IN,marketplace,Waterless skincare,Beauty,39.05,0.56,0.72,19,0.28,0.21,1
2026-06-21,IN,news,Waterless skincare,Beauty,24.14,0.53,0.77,19,0.28,0.21,1
2026-06-21,IN,search,Smart hydration bottle,Electronics,36.56,0.47,0.72,19,0.28,0.21,1
2026-06-21,IN,reddit,Smart hydration bottle,Electronics,29.34,0.44,0.67,19,0.28,0.21,1
2026-06-21,IN,youtube,Smart hydration bottle,Electronics,50.37,0.47,0.72,19,0.28,0.21,1
2026-06-21,IN,marketplace,Smart hydration bottle,Electronics,33.61,0.43,0.63,19,0.28,0.21,1
2026-06-21,IN,news,Smart hydration bottle,Electronics,19.76,0.48,0.7,19,0.28,0.21,1
2026-06-21,IN,search,Walking pad,Fitness,30.79,0.35,0.52,22,0.38,0.29,1
2026-06-21,IN,reddit,Walking pad,Fitness,25.78,0.37,0.58,22,0.38,0.29,1
2026-06-21,IN,youtube,Walking pad,Fitness,41.6,0.37,0.58,22,0.38,0.29,1
2026-06-21,IN,marketplace,Walking pad,Fitness,30.03,0.33,0.51,22,0.38,0.29,1
2026-06-21,IN,news,Walking pad,Fitness,17.02,0.32,0.58,22,0.38,0.29,1
2026-06-21,IN,search,Millet snacks,Food,41.75,0.42,0.72,19,0.28,0.21,1
2026-06-21,IN,reddit,Millet snacks,Food,33.05,0.38,0.72,19,0.28,0.21,1
2026-06-21,IN,youtube,Millet snacks,Food,58.37,0.41,0.73,19,0.28,0.21,1
2026-06-21,IN,marketplace,Millet snacks,Food,41.59,0.43,0.71,19,0.28,0.21,1
2026-06-21,IN,news,Millet snacks,Food,23.51,0.44,0.76,19,0.28,0.21,1
2026-06-21,IN,search,Portable blender,Home,28.3,0.29,0.51,22,0.38,0.29,1
2026-06-21,IN,reddit,Portable blender,Home,23.78,0.29,0.46,22,0.38,0.29,1
2026-06-21,IN,youtube,Portable blender,Home,41.94,0.28,0.49,22,0.38,0.29,1
2026-06-21,IN,marketplace,Portable blender,Home,26.97,0.28,0.52,22,0.38,0.29,1
2026-06-21,IN,news,Portable blender,Home,17.54,0.27,0.49,22,0.38,0.29,1
2026-06-22,US,search,Waterless skincare,Beauty,39.81,0.55,0.74,19,0.28,0.21,1
2026-06-22,US,reddit,Waterless skincare,Beauty,29.62,0.57,0.73,19,0.28,0.21,1
2026-06-22,US,youtube,Waterless skincare,Beauty,55.39,0.51,0.72,19,0.28,0.21,1
2026-06-22,US,marketplace,Waterless skincare,Beauty,34.18,0.51,0.68,19,0.28,0.21,1
2026-06-22,US,news,Waterless skincare,Beauty,21.77,0.47,0.74,19,0.28,0.21,1
2026-06-22,US,search,Smart hydration bottle,Electronics,42.21,0.51,0.7,19,0.28,0.21,1
2026-06-22,US,reddit,Smart hydration bottle,Electronics,35.03,0.49,0.73,19,0.28,0.21,1
2026-06-22,US,youtube,Smart hydration bottle,Electronics,63.3,0.53,0.66,19,0.28,0.21,1
2026-06-22,US,marketplace,Smart hydration bottle,Electronics,37.85,0.48,0.69,19,0.28,0.21,1
2026-06-22,US,news,Smart hydration bottle,Electronics,24.63,0.5,0.72,19,0.28,0.21,1
2026-06-22,US,search,Walking pad,Fitness,38.93,0.39,0.58,22,0.39,0.29,1
2026-06-22,US,reddit,Walking pad,Fitness,28.05,0.38,0.56,22,0.39,0.29,1
2026-06-22,US,youtube,Walking pad,Fitness,47.58,0.37,0.52,22,0.39,0.29,1
2026-06-22,US,marketplace,Walking pad,Fitness,31.4,0.39,0.57,22,0.39,0.29,1
2026-06-22,US,news,Walking pad,Fitness,19.41,0.38,0.59,22,0.39,0.29,1
2026-06-22,US,search,Millet snacks,Food,34.15,0.45,0.74,19,0.28,0.21,1
2026-06-22,US,reddit,Millet snacks,Food,26.42,0.44,0.77,19,0.28,0.21,1
2026-06-22,US,youtube,Millet snacks,Food,49.7,0.48,0.73,19,0.28,0.21,1
2026-06-22,US,marketplace,Millet snacks,Food,33.45,0.41,0.8,19,0.28,0.21,1
2026-06-22,US,news,Millet snacks,Food,19.79,0.41,0.74,19,0.28,0.21,1
2026-06-22,US,search,Portable blender,Home,31.57,0.33,0.49,22,0.39,0.29,1
2026-06-22,US,reddit,Portable blender,Home,23.4,0.26,0.47,22,0.39,0.29,1
2026-06-22,US,youtube,Portable blender,Home,42.7,0.34,0.47,22,0.39,0.29,1
2026-06-22,US,marketplace,Portable blender,Home,26.03,0.26,0.44,22,0.39,0.29,1
2026-06-22,US,news,Portable blender,Home,15.6,0.26,0.52,22,0.39,0.29,1
2026-06-22,GB,search,Waterless skincare,Beauty,41.41,0.52,0.72,19,0.28,0.21,1
2026-06-22,GB,reddit,Waterless skincare,Beauty,29.5,0.52,0.76,19,0.28,0.21,1
2026-06-22,GB,youtube,Waterless skincare,Beauty,54.79,0.53,0.73,19,0.28,0.21,1
2026-06-22,GB,marketplace,Waterless skincare,Beauty,39.61,0.49,0.68,19,0.28,0.21,1
2026-06-22,GB,news,Waterless skincare,Beauty,23.88,0.55,0.68,19,0.28,0.21,1
2026-06-22,GB,search,Smart hydration bottle,Electronics,37.93,0.46,0.71,19,0.28,0.21,1
2026-06-22,GB,reddit,Smart hydration bottle,Electronics,28.72,0.48,0.65,19,0.28,0.21,1
2026-06-22,GB,youtube,Smart hydration bottle,Electronics,51.83,0.45,0.69,19,0.28,0.21,1
2026-06-22,GB,marketplace,Smart hydration bottle,Electronics,33.28,0.53,0.72,19,0.28,0.21,1
2026-06-22,GB,news,Smart hydration bottle,Electronics,20.09,0.48,0.69,19,0.28,0.21,1
2026-06-22,GB,search,Walking pad,Fitness,36.38,0.33,0.57,22,0.39,0.29,1
2026-06-22,GB,reddit,Walking pad,Fitness,28.67,0.35,0.55,22,0.39,0.29,1
2026-06-22,GB,youtube,Walking pad,Fitness,47.96,0.38,0.54,22,0.39,0.29,1
2026-06-22,GB,marketplace,Walking pad,Fitness,31.39,0.41,0.58,22,0.39,0.29,1
2026-06-22,GB,news,Walking pad,Fitness,21.87,0.4,0.52,22,0.39,0.29,1
2026-06-22,GB,search,Millet snacks,Food,33.85,0.42,0.8,19,0.28,0.21,1
2026-06-22,GB,reddit,Millet snacks,Food,26.74,0.48,0.8,19,0.28,0.21,1
2026-06-22,GB,youtube,Millet snacks,Food,47.65,0.39,0.72,19,0.28,0.21,1
2026-06-22,GB,marketplace,Millet snacks,Food,32.92,0.4,0.73,19,0.28,0.21,1
2026-06-22,GB,news,Millet snacks,Food,19.83,0.49,0.8,19,0.28,0.21,1
2026-06-22,GB,search,Portable blender,Home,28.13,0.25,0.49,22,0.39,0.29,1
2026-06-22,GB,reddit,Portable blender,Home,23.49,0.32,0.49,22,0.39,0.29,1
2026-06-22,GB,youtube,Portable blender,Home,39.82,0.24,0.46,22,0.39,0.29,1
2026-06-22,GB,marketplace,Portable blender,Home,27.04,0.31,0.5,22,0.39,0.29,1
2026-06-22,GB,news,Portable blender,Home,15.86,0.31,0.45,22,0.39,0.29,1
2026-06-22,EU,search,Waterless skincare,Beauty,40.82,0.51,0.72,19,0.28,0.21,1
2026-06-22,EU,reddit,Waterless skincare,Beauty,31.56,0.53,0.68,19,0.28,0.21,1
2026-06-22,EU,youtube,Waterless skincare,Beauty,63.08,0.48,0.67,19,0.28,0.21,1
2026-06-22,EU,marketplace,Waterless skincare,Beauty,37.54,0.48,0.69,19,0.28,0.21,1
2026-06-22,EU,news,Waterless skincare,Beauty,22.83,0.54,0.74,19,0.28,0.21,1
2026-06-22,EU,search,Smart hydration bottle,Electronics,35.71,0.47,0.7,19,0.28,0.21,1
2026-06-22,EU,reddit,Smart hydration bottle,Electronics,25.25,0.49,0.7,19,0.28,0.21,1
2026-06-22,EU,youtube,Smart hydration bottle,Electronics,45.69,0.43,0.67,19,0.28,0.21,1
2026-06-22,EU,marketplace,Smart hydration bottle,Electronics,30.64,0.44,0.64,19,0.28,0.21,1
2026-06-22,EU,news,Smart hydration bottle,Electronics,20.36,0.47,0.7,19,0.28,0.21,1
2026-06-22,EU,search,Walking pad,Fitness,32.84,0.42,0.58,22,0.39,0.29,1
2026-06-22,EU,reddit,Walking pad,Fitness,25.54,0.33,0.56,22,0.39,0.29,1
2026-06-22,EU,youtube,Walking pad,Fitness,44.74,0.31,0.56,22,0.39,0.29,1
2026-06-22,EU,marketplace,Walking pad,Fitness,28.62,0.35,0.55,22,0.39,0.29,1
2026-06-22,EU,news,Walking pad,Fitness,18.06,0.36,0.59,22,0.39,0.29,1
2026-06-22,EU,search,Millet snacks,Food,36.04,0.47,0.72,19,0.28,0.21,1
2026-06-22,EU,reddit,Millet snacks,Food,26.86,0.41,0.72,19,0.28,0.21,1
2026-06-22,EU,youtube,Millet snacks,Food,45.21,0.47,0.78,19,0.28,0.21,1
2026-06-22,EU,marketplace,Millet snacks,Food,31.62,0.4,0.74,19,0.28,0.21,1
2026-06-22,EU,news,Millet snacks,Food,17.69,0.46,0.81,19,0.28,0.21,1
2026-06-22,EU,search,Portable blender,Home,30.89,0.27,0.44,22,0.39,0.29,1
2026-06-22,EU,reddit,Portable blender,Home,25.52,0.31,0.5,22,0.39,0.29,1
2026-06-22,EU,youtube,Portable blender,Home,43.03,0.35,0.5,22,0.39,0.29,1
2026-06-22,EU,marketplace,Portable blender,Home,30.62,0.24,0.5,22,0.39,0.29,1
2026-06-22,EU,news,Portable blender,Home,18.25,0.33,0.45,22,0.39,0.29,1
2026-06-22,IN,search,Waterless skincare,Beauty,46.19,0.53,0.68,19,0.28,0.21,1
2026-06-22,IN,reddit,Waterless skincare,Beauty,34.77,0.52,0.67,19,0.28,0.21,1
2026-06-22,IN,youtube,Waterless skincare,Beauty,57.5,0.58,0.68,19,0.28,0.21,1
2026-06-22,IN,marketplace,Waterless skincare,Beauty,39.35,0.51,0.71,19,0.28,0.21,1
2026-06-22,IN,news,Waterless skincare,Beauty,24.22,0.5,0.7,19,0.28,0.21,1
2026-06-22,IN,search,Smart hydration bottle,Electronics,39.17,0.44,0.63,19,0.28,0.21,1
2026-06-22,IN,reddit,Smart hydration bottle,Electronics,29.45,0.52,0.71,19,0.28,0.21,1
2026-06-22,IN,youtube,Smart hydration bottle,Electronics,46.61,0.53,0.72,19,0.28,0.21,1
2026-06-22,IN,marketplace,Smart hydration bottle,Electronics,32.92,0.46,0.65,19,0.28,0.21,1
2026-06-22,IN,news,Smart hydration bottle,Electronics,19.57,0.47,0.64,19,0.28,0.21,1
2026-06-22,IN,search,Walking pad,Fitness,32.98,0.31,0.57,22,0.39,0.29,1
2026-06-22,IN,reddit,Walking pad,Fitness,25.98,0.36,0.59,22,0.39,0.29,1
2026-06-22,IN,youtube,Walking pad,Fitness,40.98,0.33,0.51,22,0.39,0.29,1
2026-06-22,IN,marketplace,Walking pad,Fitness,28.38,0.39,0.59,22,0.39,0.29,1
2026-06-22,IN,news,Walking pad,Fitness,17.5,0.34,0.59,22,0.39,0.29,1
2026-06-22,IN,search,Millet snacks,Food,47.33,0.46,0.77,19,0.28,0.21,1
2026-06-22,IN,reddit,Millet snacks,Food,32.62,0.46,0.74,19,0.28,0.21,1
2026-06-22,IN,youtube,Millet snacks,Food,58.95,0.39,0.77,19,0.28,0.21,1
2026-06-22,IN,marketplace,Millet snacks,Food,43.05,0.43,0.76,19,0.28,0.21,1
2026-06-22,IN,news,Millet snacks,Food,26.33,0.46,0.75,19,0.28,0.21,1
2026-06-22,IN,search,Portable blender,Home,31.87,0.27,0.44,22,0.39,0.29,1
2026-06-22,IN,reddit,Portable blender,Home,22.47,0.32,0.53,22,0.39,0.29,1
2026-06-22,IN,youtube,Portable blender,Home,40.05,0.29,0.45,22,0.39,0.29,1
2026-06-22,IN,marketplace,Portable blender,Home,26.22,0.29,0.44,22,0.39,0.29,1
2026-06-22,IN,news,Portable blender,Home,17.4,0.27,0.47,22,0.39,0.29,1
2026-06-23,US,search,Waterless skincare,Beauty,37.97,0.53,0.75,20,0.29,0.21,1
2026-06-23,US,reddit,Waterless skincare,Beauty,31.37,0.52,0.67,20,0.29,0.21,1
2026-06-23,US,youtube,Waterless skincare,Beauty,50.62,0.57,0.75,20,0.29,0.21,1
2026-06-23,US,marketplace,Waterless skincare,Beauty,36.41,0.47,0.71,20,0.29,0.21,1
2026-06-23,US,news,Waterless skincare,Beauty,22.9,0.47,0.69,20,0.29,0.21,1
2026-06-23,US,search,Smart hydration bottle,Electronics,44.56,0.48,0.68,20,0.29,0.21,1
2026-06-23,US,reddit,Smart hydration bottle,Electronics,34.8,0.5,0.67,20,0.29,0.21,1
2026-06-23,US,youtube,Smart hydration bottle,Electronics,57.07,0.42,0.7,20,0.29,0.21,1
2026-06-23,US,marketplace,Smart hydration bottle,Electronics,42.67,0.5,0.68,20,0.29,0.21,1
2026-06-23,US,news,Smart hydration bottle,Electronics,23.41,0.42,0.68,20,0.29,0.21,1
2026-06-23,US,search,Walking pad,Fitness,35.51,0.36,0.52,22,0.39,0.29,1
2026-06-23,US,reddit,Walking pad,Fitness,25.99,0.31,0.59,22,0.39,0.29,1
2026-06-23,US,youtube,Walking pad,Fitness,48.73,0.37,0.53,22,0.39,0.29,1
2026-06-23,US,marketplace,Walking pad,Fitness,32.21,0.4,0.52,22,0.39,0.29,1
2026-06-23,US,news,Walking pad,Fitness,20.83,0.31,0.56,22,0.39,0.29,1
2026-06-23,US,search,Millet snacks,Food,34.31,0.44,0.76,20,0.29,0.21,1
2026-06-23,US,reddit,Millet snacks,Food,26.39,0.43,0.75,20,0.29,0.21,1
2026-06-23,US,youtube,Millet snacks,Food,46.81,0.38,0.72,20,0.29,0.21,1
2026-06-23,US,marketplace,Millet snacks,Food,30.08,0.4,0.78,20,0.29,0.21,1
2026-06-23,US,news,Millet snacks,Food,20.78,0.4,0.75,20,0.29,0.21,1
2026-06-23,US,search,Portable blender,Home,31.76,0.35,0.47,22,0.39,0.29,1
2026-06-23,US,reddit,Portable blender,Home,22.01,0.29,0.47,22,0.39,0.29,1
2026-06-23,US,youtube,Portable blender,Home,42.88,0.24,0.49,22,0.39,0.29,1
2026-06-23,US,marketplace,Portable blender,Home,27.44,0.33,0.5,22,0.39,0.29,1
2026-06-23,US,news,Portable blender,Home,16.65,0.24,0.53,22,0.39,0.29,1
2026-06-23,GB,search,Waterless skincare,Beauty,41.44,0.51,0.7,20,0.29,0.21,1
2026-06-23,GB,reddit,Waterless skincare,Beauty,30.76,0.53,0.75,20,0.29,0.21,1
2026-06-23,GB,youtube,Waterless skincare,Beauty,59.06,0.47,0.73,20,0.29,0.21,1
2026-06-23,GB,marketplace,Waterless skincare,Beauty,38.69,0.47,0.7,20,0.29,0.21,1
2026-06-23,GB,news,Waterless skincare,Beauty,21.55,0.54,0.73,20,0.29,0.21,1
2026-06-23,GB,search,Smart hydration bottle,Electronics,36.98,0.53,0.64,20,0.29,0.21,1
2026-06-23,GB,reddit,Smart hydration bottle,Electronics,28.39,0.51,0.72,20,0.29,0.21,1
2026-06-23,GB,youtube,Smart hydration bottle,Electronics,50.52,0.45,0.63,20,0.29,0.21,1
2026-06-23,GB,marketplace,Smart hydration bottle,Electronics,31.91,0.53,0.64,20,0.29,0.21,1
2026-06-23,GB,news,Smart hydration bottle,Electronics,21.02,0.42,0.69,20,0.29,0.21,1
2026-06-23,GB,search,Walking pad,Fitness,37.39,0.4,0.53,22,0.39,0.29,1
2026-06-23,GB,reddit,Walking pad,Fitness,29.33,0.41,0.59,22,0.39,0.29,1
2026-06-23,GB,youtube,Walking pad,Fitness,49.73,0.38,0.6,22,0.39,0.29,1
2026-06-23,GB,marketplace,Walking pad,Fitness,34.3,0.38,0.52,22,0.39,0.29,1
2026-06-23,GB,news,Walking pad,Fitness,20.82,0.39,0.58,22,0.39,0.29,1
2026-06-23,GB,search,Millet snacks,Food,34.62,0.45,0.74,20,0.29,0.21,1
2026-06-23,GB,reddit,Millet snacks,Food,26.07,0.42,0.72,20,0.29,0.21,1
2026-06-23,GB,youtube,Millet snacks,Food,45.64,0.41,0.71,20,0.29,0.21,1
2026-06-23,GB,marketplace,Millet snacks,Food,31.59,0.41,0.73,20,0.29,0.21,1
2026-06-23,GB,news,Millet snacks,Food,18.48,0.42,0.73,20,0.29,0.21,1
2026-06-23,GB,search,Portable blender,Home,31.28,0.35,0.5,22,0.39,0.29,1
2026-06-23,GB,reddit,Portable blender,Home,23.01,0.3,0.52,22,0.39,0.29,1
2026-06-23,GB,youtube,Portable blender,Home,43.71,0.29,0.43,22,0.39,0.29,1
2026-06-23,GB,marketplace,Portable blender,Home,28.05,0.34,0.45,22,0.39,0.29,1
2026-06-23,GB,news,Portable blender,Home,16.49,0.35,0.5,22,0.39,0.29,1
2026-06-23,EU,search,Waterless skincare,Beauty,41.35,0.52,0.72,20,0.29,0.21,1
2026-06-23,EU,reddit,Waterless skincare,Beauty,34.7,0.52,0.69,20,0.29,0.21,1
2026-06-23,EU,youtube,Waterless skincare,Beauty,56.35,0.47,0.69,20,0.29,0.21,1
2026-06-23,EU,marketplace,Waterless skincare,Beauty,40.78,0.46,0.75,20,0.29,0.21,1
2026-06-23,EU,news,Waterless skincare,Beauty,24.8,0.47,0.76,20,0.29,0.21,1
2026-06-23,EU,search,Smart hydration bottle,Electronics,38.43,0.53,0.71,20,0.29,0.21,1
2026-06-23,EU,reddit,Smart hydration bottle,Electronics,26.15,0.5,0.71,20,0.29,0.21,1
2026-06-23,EU,youtube,Smart hydration bottle,Electronics,49.38,0.49,0.72,20,0.29,0.21,1
2026-06-23,EU,marketplace,Smart hydration bottle,Electronics,33.87,0.47,0.64,20,0.29,0.21,1
2026-06-23,EU,news,Smart hydration bottle,Electronics,18.84,0.53,0.73,20,0.29,0.21,1
2026-06-23,EU,search,Walking pad,Fitness,33.34,0.37,0.56,22,0.39,0.29,1
2026-06-23,EU,reddit,Walking pad,Fitness,25.8,0.42,0.55,22,0.39,0.29,1
2026-06-23,EU,youtube,Walking pad,Fitness,45.53,0.41,0.6,22,0.39,0.29,1
2026-06-23,EU,marketplace,Walking pad,Fitness,30.81,0.41,0.53,22,0.39,0.29,1
2026-06-23,EU,news,Walking pad,Fitness,16.86,0.4,0.55,22,0.39,0.29,1
2026-06-23,EU,search,Millet snacks,Food,36.64,0.42,0.76,20,0.29,0.21,1
2026-06-23,EU,reddit,Millet snacks,Food,27.65,0.45,0.75,20,0.29,0.21,1
2026-06-23,EU,youtube,Millet snacks,Food,47.01,0.43,0.71,20,0.29,0.21,1
2026-06-23,EU,marketplace,Millet snacks,Food,29.88,0.48,0.74,20,0.29,0.21,1
2026-06-23,EU,news,Millet snacks,Food,17.92,0.44,0.76,20,0.29,0.21,1
2026-06-23,EU,search,Portable blender,Home,30.77,0.34,0.51,22,0.39,0.29,1
2026-06-23,EU,reddit,Portable blender,Home,24.06,0.25,0.49,22,0.39,0.29,1
2026-06-23,EU,youtube,Portable blender,Home,41.52,0.31,0.44,22,0.39,0.29,1
2026-06-23,EU,marketplace,Portable blender,Home,27.95,0.34,0.5,22,0.39,0.29,1
2026-06-23,EU,news,Portable blender,Home,18.17,0.33,0.49,22,0.39,0.29,1
2026-06-23,IN,search,Waterless skincare,Beauty,45.1,0.57,0.69,20,0.29,0.21,1
2026-06-23,IN,reddit,Waterless skincare,Beauty,35.28,0.51,0.76,20,0.29,0.21,1
2026-06-23,IN,youtube,Waterless skincare,Beauty,63.02,0.56,0.74,20,0.29,0.21,1
2026-06-23,IN,marketplace,Waterless skincare,Beauty,38.45,0.47,0.71,20,0.29,0.21,1
2026-06-23,IN,news,Waterless skincare,Beauty,25.82,0.49,0.75,20,0.29,0.21,1
2026-06-23,IN,search,Smart hydration bottle,Electronics,38.82,0.47,0.67,20,0.29,0.21,1
2026-06-23,IN,reddit,Smart hydration bottle,Electronics,26.19,0.52,0.69,20,0.29,0.21,1
2026-06-23,IN,youtube,Smart hydration bottle,Electronics,48.08,0.45,0.72,20,0.29,0.21,1
2026-06-23,IN,marketplace,Smart hydration bottle,Electronics,34.47,0.48,0.66,20,0.29,0.21,1
2026-06-23,IN,news,Smart hydration bottle,Electronics,20.16,0.43,0.72,20,0.29,0.21,1
2026-06-23,IN,search,Walking pad,Fitness,33.09,0.41,0.57,22,0.39,0.29,1
2026-06-23,IN,reddit,Walking pad,Fitness,25.03,0.33,0.56,22,0.39,0.29,1
2026-06-23,IN,youtube,Walking pad,Fitness,46.56,0.42,0.57,22,0.39,0.29,1
2026-06-23,IN,marketplace,Walking pad,Fitness,28.56,0.38,0.54,22,0.39,0.29,1
2026-06-23,IN,news,Walking pad,Fitness,17.36,0.34,0.56,22,0.39,0.29,1
2026-06-23,IN,search,Millet snacks,Food,42.57,0.43,0.74,20,0.29,0.21,1
2026-06-23,IN,reddit,Millet snacks,Food,32.11,0.38,0.77,20,0.29,0.21,1
2026-06-23,IN,youtube,Millet snacks,Food,58.13,0.4,0.81,20,0.29,0.21,1
2026-06-23,IN,marketplace,Millet snacks,Food,40.21,0.47,0.79,20,0.29,0.21,1
2026-06-23,IN,news,Millet snacks,Food,24.75,0.44,0.72,20,0.29,0.21,1
2026-06-23,IN,search,Portable blender,Home,30.35,0.3,0.51,22,0.39,0.29,1
2026-06-23,IN,reddit,Portable blender,Home,21.87,0.3,0.48,22,0.39,0.29,1
2026-06-23,IN,youtube,Portable blender,Home,40.97,0.31,0.52,22,0.39,0.29,1
2026-06-23,IN,marketplace,Portable blender,Home,25.92,0.27,0.48,22,0.39,0.29,1
2026-06-23,IN,news,Portable blender,Home,17.83,0.33,0.47,22,0.39,0.29,1
2026-06-24,US,search,Waterless skincare,Beauty,40.94,0.51,0.73,20,0.29,0.22,1
2026-06-24,US,reddit,Waterless skincare,Beauty,28.52,0.5,0.69,20,0.29,0.22,1
2026-06-24,US,youtube,Waterless skincare,Beauty,57.21,0.53,0.75,20,0.29,0.22,1
2026-06-24,US,marketplace,Waterless skincare,Beauty,37.61,0.5,0.75,20,0.29,0.22,1
2026-06-24,US,news,Waterless skincare,Beauty,22.59,0.56,0.77,20,0.29,0.22,1
2026-06-24,US,search,Smart hydration bottle,Electronics,47.13,0.5,0.64,20,0.29,0.22,1
2026-06-24,US,reddit,Smart hydration bottle,Electronics,32.24,0.5,0.72,20,0.29,0.22,1
2026-06-24,US,youtube,Smart hydration bottle,Electronics,59.12,0.53,0.63,20,0.29,0.22,1
2026-06-24,US,marketplace,Smart hydration bottle,Electronics,38.92,0.48,0.64,20,0.29,0.22,1
2026-06-24,US,news,Smart hydration bottle,Electronics,24.05,0.51,0.63,20,0.29,0.22,1
2026-06-24,US,search,Walking pad,Fitness,35.25,0.42,0.53,23,0.4,0.3,1
2026-06-24,US,reddit,Walking pad,Fitness,26.96,0.32,0.51,23,0.4,0.3,1
2026-06-24,US,youtube,Walking pad,Fitness,47.11,0.35,0.5,23,0.4,0.3,1
2026-06-24,US,marketplace,Walking pad,Fitness,31.85,0.34,0.5,23,0.4,0.3,1
2026-06-24,US,news,Walking pad,Fitness,20.53,0.36,0.51,23,0.4,0.3,1
2026-06-24,US,search,Millet snacks,Food,37.43,0.44,0.8,20,0.29,0.22,1
2026-06-24,US,reddit,Millet snacks,Food,28.04,0.47,0.72,20,0.29,0.22,1
2026-06-24,US,youtube,Millet snacks,Food,47.13,0.44,0.79,20,0.29,0.22,1
2026-06-24,US,marketplace,Millet snacks,Food,33.12,0.44,0.81,20,0.29,0.22,1
2026-06-24,US,news,Millet snacks,Food,20.51,0.48,0.76,20,0.29,0.22,1
2026-06-24,US,search,Portable blender,Home,30.7,0.25,0.44,23,0.4,0.3,1
2026-06-24,US,reddit,Portable blender,Home,22.13,0.3,0.53,23,0.4,0.3,1
2026-06-24,US,youtube,Portable blender,Home,42.8,0.34,0.49,23,0.4,0.3,1
2026-06-24,US,marketplace,Portable blender,Home,29.04,0.31,0.52,23,0.4,0.3,1
2026-06-24,US,news,Portable blender,Home,16.87,0.31,0.48,23,0.4,0.3,1
2026-06-24,GB,search,Waterless skincare,Beauty,44.18,0.49,0.77,20,0.29,0.22,1
2026-06-24,GB,reddit,Waterless skincare,Beauty,31.31,0.53,0.71,20,0.29,0.22,1
2026-06-24,GB,youtube,Waterless skincare,Beauty,60.65,0.51,0.7,20,0.29,0.22,1
2026-06-24,GB,marketplace,Waterless skincare,Beauty,40.23,0.47,0.7,20,0.29,0.22,1
2026-06-24,GB,news,Waterless skincare,Beauty,22.52,0.5,0.74,20,0.29,0.22,1
2026-06-24,GB,search,Smart hydration bottle,Electronics,35.0,0.49,0.7,20,0.29,0.22,1
2026-06-24,GB,reddit,Smart hydration bottle,Electronics,28.46,0.42,0.7,20,0.29,0.22,1
2026-06-24,GB,youtube,Smart hydration bottle,Electronics,49.81,0.46,0.7,20,0.29,0.22,1
2026-06-24,GB,marketplace,Smart hydration bottle,Electronics,32.76,0.5,0.67,20,0.29,0.22,1
2026-06-24,GB,news,Smart hydration bottle,Electronics,19.13,0.42,0.7,20,0.29,0.22,1
2026-06-24,GB,search,Walking pad,Fitness,35.25,0.41,0.55,23,0.4,0.3,1
2026-06-24,GB,reddit,Walking pad,Fitness,29.23,0.4,0.52,23,0.4,0.3,1
2026-06-24,GB,youtube,Walking pad,Fitness,49.38,0.36,0.57,23,0.4,0.3,1
2026-06-24,GB,marketplace,Walking pad,Fitness,32.02,0.37,0.53,23,0.4,0.3,1
2026-06-24,GB,news,Walking pad,Fitness,20.28,0.31,0.55,23,0.4,0.3,1
2026-06-24,GB,search,Millet snacks,Food,33.18,0.45,0.78,20,0.29,0.22,1
2026-06-24,GB,reddit,Millet snacks,Food,25.83,0.4,0.76,20,0.29,0.22,1
2026-06-24,GB,youtube,Millet snacks,Food,48.35,0.4,0.74,20,0.29,0.22,1
2026-06-24,GB,marketplace,Millet snacks,Food,31.33,0.42,0.8,20,0.29,0.22,1
2026-06-24,GB,news,Millet snacks,Food,20.26,0.47,0.77,20,0.29,0.22,1
2026-06-24,GB,search,Portable blender,Home,30.09,0.29,0.44,23,0.4,0.3,1
2026-06-24,GB,reddit,Portable blender,Home,23.69,0.27,0.43,23,0.4,0.3,1
2026-06-24,GB,youtube,Portable blender,Home,42.66,0.27,0.47,23,0.4,0.3,1
2026-06-24,GB,marketplace,Portable blender,Home,26.81,0.33,0.46,23,0.4,0.3,1
2026-06-24,GB,news,Portable blender,Home,17.62,0.3,0.51,23,0.4,0.3,1
2026-06-24,EU,search,Waterless skincare,Beauty,43.47,0.5,0.69,20,0.29,0.22,1
2026-06-24,EU,reddit,Waterless skincare,Beauty,34.82,0.56,0.67,20,0.29,0.22,1
2026-06-24,EU,youtube,Waterless skincare,Beauty,57.18,0.56,0.71,20,0.29,0.22,1
2026-06-24,EU,marketplace,Waterless skincare,Beauty,41.88,0.57,0.75,20,0.29,0.22,1
2026-06-24,EU,news,Waterless skincare,Beauty,25.78,0.48,0.71,20,0.29,0.22,1
2026-06-24,EU,search,Smart hydration bottle,Electronics,37.5,0.42,0.67,20,0.29,0.22,1
2026-06-24,EU,reddit,Smart hydration bottle,Electronics,26.72,0.49,0.65,20,0.29,0.22,1
2026-06-24,EU,youtube,Smart hydration bottle,Electronics,46.16,0.5,0.7,20,0.29,0.22,1
2026-06-24,EU,marketplace,Smart hydration bottle,Electronics,31.26,0.44,0.65,20,0.29,0.22,1
2026-06-24,EU,news,Smart hydration bottle,Electronics,19.48,0.53,0.71,20,0.29,0.22,1
2026-06-24,EU,search,Walking pad,Fitness,32.11,0.41,0.57,23,0.4,0.3,1
2026-06-24,EU,reddit,Walking pad,Fitness,24.24,0.36,0.58,23,0.4,0.3,1
2026-06-24,EU,youtube,Walking pad,Fitness,44.49,0.35,0.51,23,0.4,0.3,1
2026-06-24,EU,marketplace,Walking pad,Fitness,27.87,0.39,0.51,23,0.4,0.3,1
2026-06-24,EU,news,Walking pad,Fitness,17.52,0.42,0.55,23,0.4,0.3,1
2026-06-24,EU,search,Millet snacks,Food,37.24,0.44,0.76,20,0.29,0.22,1
2026-06-24,EU,reddit,Millet snacks,Food,25.84,0.39,0.79,20,0.29,0.22,1
2026-06-24,EU,youtube,Millet snacks,Food,50.43,0.38,0.76,20,0.29,0.22,1
2026-06-24,EU,marketplace,Millet snacks,Food,31.58,0.43,0.78,20,0.29,0.22,1
2026-06-24,EU,news,Millet snacks,Food,20.58,0.39,0.8,20,0.29,0.22,1
2026-06-24,EU,search,Portable blender,Home,31.22,0.31,0.52,23,0.4,0.3,1
2026-06-24,EU,reddit,Portable blender,Home,24.35,0.33,0.43,23,0.4,0.3,1
2026-06-24,EU,youtube,Portable blender,Home,46.04,0.29,0.53,23,0.4,0.3,1
2026-06-24,EU,marketplace,Portable blender,Home,29.07,0.27,0.45,23,0.4,0.3,1
2026-06-24,EU,news,Portable blender,Home,18.78,0.24,0.5,23,0.4,0.3,1
2026-06-24,IN,search,Waterless skincare,Beauty,48.69,0.47,0.72,20,0.29,0.22,1
2026-06-24,IN,reddit,Waterless skincare,Beauty,33.18,0.55,0.72,20,0.29,0.22,1
2026-06-24,IN,youtube,Waterless skincare,Beauty,59.72,0.5,0.73,20,0.29,0.22,1
2026-06-24,IN,marketplace,Waterless skincare,Beauty,40.73,0.55,0.67,20,0.29,0.22,1
2026-06-24,IN,news,Waterless skincare,Beauty,25.48,0.58,0.73,20,0.29,0.22,1
2026-06-24,IN,search,Smart hydration bottle,Electronics,36.88,0.45,0.68,20,0.29,0.22,1
2026-06-24,IN,reddit,Smart hydration bottle,Electronics,27.43,0.43,0.69,20,0.29,0.22,1
2026-06-24,IN,youtube,Smart hydration bottle,Electronics,52.51,0.48,0.72,20,0.29,0.22,1
2026-06-24,IN,marketplace,Smart hydration bottle,Electronics,33.16,0.51,0.73,20,0.29,0.22,1
2026-06-24,IN,news,Smart hydration bottle,Electronics,19.35,0.5,0.67,20,0.29,0.22,1
2026-06-24,IN,search,Walking pad,Fitness,31.97,0.35,0.57,23,0.4,0.3,1
2026-06-24,IN,reddit,Walking pad,Fitness,24.09,0.32,0.52,23,0.4,0.3,1
2026-06-24,IN,youtube,Walking pad,Fitness,46.73,0.32,0.59,23,0.4,0.3,1
2026-06-24,IN,marketplace,Walking pad,Fitness,28.15,0.39,0.54,23,0.4,0.3,1
2026-06-24,IN,news,Walking pad,Fitness,18.76,0.38,0.57,23,0.4,0.3,1
2026-06-24,IN,search,Millet snacks,Food,48.95,0.46,0.77,20,0.29,0.22,1
2026-06-24,IN,reddit,Millet snacks,Food,35.93,0.39,0.75,20,0.29,0.22,1
2026-06-24,IN,youtube,Millet snacks,Food,64.31,0.47,0.73,20,0.29,0.22,1
2026-06-24,IN,marketplace,Millet snacks,Food,40.1,0.46,0.78,20,0.29,0.22,1
2026-06-24,IN,news,Millet snacks,Food,25.2,0.38,0.8,20,0.29,0.22,1
2026-06-24,IN,search,Portable blender,Home,30.67,0.28,0.45,23,0.4,0.3,1
2026-06-24,IN,reddit,Portable blender,Home,21.46,0.29,0.5,23,0.4,0.3,1
2026-06-24,IN,youtube,Portable blender,Home,41.98,0.24,0.51,23,0.4,0.3,1
2026-06-24,IN,marketplace,Portable blender,Home,27.8,0.28,0.45,23,0.4,0.3,1
2026-06-24,IN,news,Portable blender,Home,15.66,0.27,0.49,23,0.4,0.3,1
2026-06-25,US,search,Waterless skincare,Beauty,38.14,0.53,0.75,20,0.29,0.22,1
2026-06-25,US,reddit,Waterless skincare,Beauty,29.44,0.55,0.72,20,0.29,0.22,1
2026-06-25,US,youtube,Waterless skincare,Beauty,52.35,0.53,0.69,20,0.29,0.22,1
2026-06-25,US,marketplace,Waterless skincare,Beauty,38.51,0.57,0.67,20,0.29,0.22,1
2026-06-25,US,news,Waterless skincare,Beauty,23.57,0.56,0.75,20,0.29,0.22,1
2026-06-25,US,search,Smart hydration bottle,Electronics,46.56,0.48,0.7,20,0.29,0.22,1
2026-06-25,US,reddit,Smart hydration bottle,Electronics,33.3,0.47,0.66,20,0.29,0.22,1
2026-06-25,US,youtube,Smart hydration bottle,Electronics,64.26,0.52,0.66,20,0.29,0.22,1
2026-06-25,US,marketplace,Smart hydration bottle,Electronics,38.68,0.45,0.72,20,0.29,0.22,1
2026-06-25,US,news,Smart hydration bottle,Electronics,26.36,0.45,0.67,20,0.29,0.22,1
2026-06-25,US,search,Walking pad,Fitness,38.78,0.33,0.55,23,0.4,0.3,1
2026-06-25,US,reddit,Walking pad,Fitness,27.28,0.31,0.56,23,0.4,0.3,1
2026-06-25,US,youtube,Walking pad,Fitness,48.09,0.39,0.56,23,0.4,0.3,1
2026-06-25,US,marketplace,Walking pad,Fitness,31.11,0.39,0.58,23,0.4,0.3,1
2026-06-25,US,news,Walking pad,Fitness,21.26,0.39,0.52,23,0.4,0.3,1
2026-06-25,US,search,Millet snacks,Food,36.8,0.4,0.76,20,0.29,0.22,1
2026-06-25,US,reddit,Millet snacks,Food,27.24,0.46,0.8,20,0.29,0.22,1
2026-06-25,US,youtube,Millet snacks,Food,50.63,0.48,0.77,20,0.29,0.22,1
2026-06-25,US,marketplace,Millet snacks,Food,32.34,0.45,0.76,20,0.29,0.22,1
2026-06-25,US,news,Millet snacks,Food,19.01,0.49,0.78,20,0.29,0.22,1
2026-06-25,US,search,Portable blender,Home,28.65,0.35,0.46,23,0.4,0.3,1
2026-06-25,US,reddit,Portable blender,Home,23.14,0.25,0.48,23,0.4,0.3,1
2026-06-25,US,youtube,Portable blender,Home,39.9,0.29,0.44,23,0.4,0.3,1
2026-06-25,US,marketplace,Portable blender,Home,27.0,0.24,0.44,23,0.4,0.3,1
2026-06-25,US,news,Portable blender,Home,17.33,0.31,0.5,23,0.4,0.3,1
2026-06-25,GB,search,Waterless skincare,Beauty,41.96,0.49,0.7,20,0.29,0.22,1
2026-06-25,GB,reddit,Waterless skincare,Beauty,33.81,0.56,0.73,20,0.29,0.22,1
2026-06-25,GB,youtube,Waterless skincare,Beauty,58.35,0.48,0.69,20,0.29,0.22,1
2026-06-25,GB,marketplace,Waterless skincare,Beauty,38.77,0.47,0.77,20,0.29,0.22,1
2026-06-25,GB,news,Waterless skincare,Beauty,25.06,0.54,0.72,20,0.29,0.22,1
2026-06-25,GB,search,Smart hydration bottle,Electronics,36.66,0.51,0.72,20,0.29,0.22,1
2026-06-25,GB,reddit,Smart hydration bottle,Electronics,28.18,0.53,0.68,20,0.29,0.22,1
2026-06-25,GB,youtube,Smart hydration bottle,Electronics,50.36,0.42,0.69,20,0.29,0.22,1
2026-06-25,GB,marketplace,Smart hydration bottle,Electronics,35.49,0.44,0.64,20,0.29,0.22,1
2026-06-25,GB,news,Smart hydration bottle,Electronics,21.38,0.42,0.65,20,0.29,0.22,1
2026-06-25,GB,search,Walking pad,Fitness,39.71,0.31,0.57,23,0.4,0.3,1
2026-06-25,GB,reddit,Walking pad,Fitness,27.79,0.36,0.51,23,0.4,0.3,1
2026-06-25,GB,youtube,Walking pad,Fitness,53.76,0.37,0.56,23,0.4,0.3,1
2026-06-25,GB,marketplace,Walking pad,Fitness,34.71,0.37,0.58,23,0.4,0.3,1
2026-06-25,GB,news,Walking pad,Fitness,20.66,0.35,0.5,23,0.4,0.3,1
2026-06-25,GB,search,Millet snacks,Food,33.51,0.41,0.75,20,0.29,0.22,1
2026-06-25,GB,reddit,Millet snacks,Food,27.8,0.41,0.8,20,0.29,0.22,1
2026-06-25,GB,youtube,Millet snacks,Food,46.26,0.45,0.8,20,0.29,0.22,1
2026-06-25,GB,marketplace,Millet snacks,Food,32.7,0.46,0.72,20,0.29,0.22,1
2026-06-25,GB,news,Millet snacks,Food,19.6,0.38,0.76,20,0.29,0.22,1
2026-06-25,GB,search,Portable blender,Home,30.07,0.33,0.52,23,0.4,0.3,1
2026-06-25,GB,reddit,Portable blender,Home,23.26,0.26,0.46,23,0.4,0.3,1
2026-06-25,GB,youtube,Portable blender,Home,43.16,0.31,0.51,23,0.4,0.3,1
2026-06-25,GB,marketplace,Portable blender,Home,28.48,0.24,0.45,23,0.4,0.3,1
2026-06-25,GB,news,Portable blender,Home,17.36,0.24,0.51,23,0.4,0.3,1
2026-06-25,EU,search,Waterless skincare,Beauty,44.37,0.48,0.71,20,0.29,0.22,1
2026-06-25,EU,reddit,Waterless skincare,Beauty,35.22,0.57,0.77,20,0.29,0.22,1
2026-06-25,EU,youtube,Waterless skincare,Beauty,61.47,0.51,0.68,20,0.29,0.22,1
2026-06-25,EU,marketplace,Waterless skincare,Beauty,37.75,0.54,0.71,20,0.29,0.22,1
2026-06-25,EU,news,Waterless skincare,Beauty,26.37,0.54,0.71,20,0.29,0.22,1
2026-06-25,EU,search,Smart hydration bottle,Electronics,34.58,0.42,0.69,20,0.29,0.22,1
2026-06-25,EU,reddit,Smart hydration bottle,Electronics,29.11,0.45,0.64,20,0.29,0.22,1
2026-06-25,EU,youtube,Smart hydration bottle,Electronics,46.67,0.52,0.73,20,0.29,0.22,1
2026-06-25,EU,marketplace,Smart hydration bottle,Electronics,31.74,0.45,0.71,20,0.29,0.22,1
2026-06-25,EU,news,Smart hydration bottle,Electronics,20.29,0.43,0.69,20,0.29,0.22,1
2026-06-25,EU,search,Walking pad,Fitness,34.46,0.38,0.58,23,0.4,0.3,1
2026-06-25,EU,reddit,Walking pad,Fitness,24.3,0.37,0.5,23,0.4,0.3,1
2026-06-25,EU,youtube,Walking pad,Fitness,45.6,0.4,0.54,23,0.4,0.3,1
2026-06-25,EU,marketplace,Walking pad,Fitness,29.48,0.34,0.51,23,0.4,0.3,1
2026-06-25,EU,news,Walking pad,Fitness,17.98,0.38,0.56,23,0.4,0.3,1
2026-06-25,EU,search,Millet snacks,Food,33.49,0.45,0.79,20,0.29,0.22,1
2026-06-25,EU,reddit,Millet snacks,Food,26.48,0.44,0.77,20,0.29,0.22,1
2026-06-25,EU,youtube,Millet snacks,Food,47.61,0.46,0.72,20,0.29,0.22,1
2026-06-25,EU,marketplace,Millet snacks,Food,31.78,0.46,0.77,20,0.29,0.22,1
2026-06-25,EU,news,Millet snacks,Food,20.1,0.39,0.71,20,0.29,0.22,1
2026-06-25,EU,search,Portable blender,Home,34.16,0.29,0.47,23,0.4,0.3,1
2026-06-25,EU,reddit,Portable blender,Home,25.76,0.3,0.52,23,0.4,0.3,1
2026-06-25,EU,youtube,Portable blender,Home,41.28,0.31,0.44,23,0.4,0.3,1
2026-06-25,EU,marketplace,Portable blender,Home,31.32,0.25,0.52,23,0.4,0.3,1
2026-06-25,EU,news,Portable blender,Home,18.69,0.28,0.51,23,0.4,0.3,1
2026-06-25,IN,search,Waterless skincare,Beauty,47.17,0.53,0.75,20,0.29,0.22,1
2026-06-25,IN,reddit,Waterless skincare,Beauty,33.21,0.46,0.77,20,0.29,0.22,1
2026-06-25,IN,youtube,Waterless skincare,Beauty,63.0,0.46,0.76,20,0.29,0.22,1
2026-06-25,IN,marketplace,Waterless skincare,Beauty,44.0,0.5,0.68,20,0.29,0.22,1
2026-06-25,IN,news,Waterless skincare,Beauty,23.95,0.52,0.7,20,0.29,0.22,1
2026-06-25,IN,search,Smart hydration bottle,Electronics,36.81,0.53,0.68,20,0.29,0.22,1
2026-06-25,IN,reddit,Smart hydration bottle,Electronics,28.17,0.5,0.7,20,0.29,0.22,1
2026-06-25,IN,youtube,Smart hydration bottle,Electronics,48.43,0.45,0.69,20,0.29,0.22,1
2026-06-25,IN,marketplace,Smart hydration bottle,Electronics,35.36,0.43,0.7,20,0.29,0.22,1
2026-06-25,IN,news,Smart hydration bottle,Electronics,21.76,0.48,0.66,20,0.29,0.22,1
2026-06-25,IN,search,Walking pad,Fitness,33.47,0.38,0.59,23,0.4,0.3,1
2026-06-25,IN,reddit,Walking pad,Fitness,24.5,0.33,0.51,23,0.4,0.3,1
2026-06-25,IN,youtube,Walking pad,Fitness,47.26,0.35,0.56,23,0.4,0.3,1
2026-06-25,IN,marketplace,Walking pad,Fitness,29.46,0.4,0.59,23,0.4,0.3,1
2026-06-25,IN,news,Walking pad,Fitness,19.18,0.34,0.57,23,0.4,0.3,1
2026-06-25,IN,search,Millet snacks,Food,44.59,0.39,0.79,20,0.29,0.22,1
2026-06-25,IN,reddit,Millet snacks,Food,33.83,0.41,0.76,20,0.29,0.22,1
2026-06-25,IN,youtube,Millet snacks,Food,65.15,0.42,0.79,20,0.29,0.22,1
2026-06-25,IN,marketplace,Millet snacks,Food,39.32,0.48,0.72,20,0.29,0.22,1
2026-06-25,IN,news,Millet snacks,Food,26.58,0.42,0.79,20,0.29,0.22,1
2026-06-25,IN,search,Portable blender,Home,31.37,0.24,0.5,23,0.4,0.3,1
2026-06-25,IN,reddit,Portable blender,Home,21.46,0.28,0.52,23,0.4,0.3,1
2026-06-25,IN,youtube,Portable blender,Home,43.44,0.28,0.53,23,0.4,0.3,1
2026-06-25,IN,marketplace,Portable blender,Home,27.27,0.26,0.44,23,0.4,0.3,1
2026-06-25,IN,news,Portable blender,Home,17.58,0.29,0.45,23,0.4,0.3,1
2026-06-26,US,search,Waterless skincare,Beauty,39.1,0.53,0.7,20,0.29,0.22,1
2026-06-26,US,reddit,Waterless skincare,Beauty,31.73,0.55,0.67,20,0.29,0.22,1
2026-06-26,US,youtube,Waterless skincare,Beauty,52.22,0.52,0.76,20,0.29,0.22,1
2026-06-26,US,marketplace,Waterless skincare,Beauty,38.57,0.48,0.74,20,0.29,0.22,1
2026-06-26,US,news,Waterless skincare,Beauty,23.26,0.49,0.68,20,0.29,0.22,1
2026-06-26,US,search,Smart hydration bottle,Electronics,44.73,0.46,0.72,20,0.29,0.22,1
2026-06-26,US,reddit,Smart hydration bottle,Electronics,35.95,0.51,0.67,20,0.29,0.22,1
2026-06-26,US,youtube,Smart hydration bottle,Electronics,60.92,0.42,0.67,20,0.29,0.22,1
2026-06-26,US,marketplace,Smart hydration bottle,Electronics,41.07,0.5,0.72,20,0.29,0.22,1
2026-06-26,US,news,Smart hydration bottle,Electronics,23.46,0.48,0.73,20,0.29,0.22,1
2026-06-26,US,search,Walking pad,Fitness,37.71,0.41,0.59,23,0.4,0.3,1
2026-06-26,US,reddit,Walking pad,Fitness,26.33,0.4,0.51,23,0.4,0.3,1
2026-06-26,US,youtube,Walking pad,Fitness,47.94,0.32,0.59,23,0.4,0.3,1
2026-06-26,US,marketplace,Walking pad,Fitness,34.57,0.33,0.58,23,0.4,0.3,1
2026-06-26,US,news,Walking pad,Fitness,21.27,0.31,0.56,23,0.4,0.3,1
2026-06-26,US,search,Millet snacks,Food,34.9,0.38,0.72,20,0.29,0.22,1
2026-06-26,US,reddit,Millet snacks,Food,27.05,0.42,0.71,20,0.29,0.22,1
2026-06-26,US,youtube,Millet snacks,Food,52.32,0.41,0.78,20,0.29,0.22,1
2026-06-26,US,marketplace,Millet snacks,Food,35.02,0.39,0.76,20,0.29,0.22,1
2026-06-26,US,news,Millet snacks,Food,20.84,0.45,0.74,20,0.29,0.22,1
2026-06-26,US,search,Portable blender,Home,29.64,0.33,0.44,23,0.4,0.3,1
2026-06-26,US,reddit,Portable blender,Home,23.11,0.29,0.49,23,0.4,0.3,1
2026-06-26,US,youtube,Portable blender,Home,41.63,0.34,0.47,23,0.4,0.3,1
2026-06-26,US,marketplace,Portable blender,Home,26.05,0.27,0.53,23,0.4,0.3,1
2026-06-26,US,news,Portable blender,Home,17.41,0.28,0.5,23,0.4,0.3,1
2026-06-26,GB,search,Waterless skincare,Beauty,45.67,0.56,0.72,20,0.29,0.22,1
2026-06-26,GB,reddit,Waterless skincare,Beauty,30.57,0.52,0.75,20,0.29,0.22,1
2026-06-26,GB,youtube,Waterless skincare,Beauty,60.45,0.47,0.76,20,0.29,0.22,1
2026-06-26,GB,marketplace,Waterless skincare,Beauty,39.84,0.47,0.7,20,0.29,0.22,1
2026-06-26,GB,news,Waterless skincare,Beauty,22.1,0.5,0.73,20,0.29,0.22,1
2026-06-26,GB,search,Smart hydration bottle,Electronics,37.96,0.44,0.65,20,0.29,0.22,1
2026-06-26,GB,reddit,Smart hydration bottle,Electronics,27.91,0.45,0.73,20,0.29,0.22,1
2026-06-26,GB,youtube,Smart hydration bottle,Electronics,52.47,0.5,0.67,20,0.29,0.22,1
2026-06-26,GB,marketplace,Smart hydration bottle,Electronics,33.76,0.52,0.65,20,0.29,0.22,1
2026-06-26,GB,news,Smart hydration bottle,Electronics,21.63,0.43,0.68,20,0.29,0.22,1
2026-06-26,GB,search,Walking pad,Fitness,37.22,0.34,0.55,23,0.4,0.3,1
2026-06-26,GB,reddit,Walking pad,Fitness,26.46,0.36,0.52,23,0.4,0.3,1
2026-06-26,GB,youtube,Walking pad,Fitness,51.25,0.43,0.6,23,0.4,0.3,1
2026-06-26,GB,marketplace,Walking pad,Fitness,35.8,0.42,0.55,23,0.4,0.3,1
2026-06-26,GB,news,Walking pad,Fitness,20.88,0.42,0.53,23,0.4,0.3,1
2026-06-26,GB,search,Millet snacks,Food,34.34,0.49,0.79,20,0.29,0.22,1
2026-06-26,GB,reddit,Millet snacks,Food,27.26,0.48,0.75,20,0.29,0.22,1
2026-06-26,GB,youtube,Millet snacks,Food,45.75,0.38,0.74,20,0.29,0.22,1
2026-06-26,GB,marketplace,Millet snacks,Food,31.88,0.43,0.74,20,0.29,0.22,1
2026-06-26,GB,news,Millet snacks,Food,18.4,0.42,0.77,20,0.29,0.22,1
2026-06-26,GB,search,Portable blender,Home,29.78,0.28,0.47,23,0.4,0.3,1
2026-06-26,GB,reddit,Portable blender,Home,21.87,0.26,0.51,23,0.4,0.3,1
2026-06-26,GB,youtube,Portable blender,Home,41.59,0.3,0.46,23,0.4,0.3,1
2026-06-26,GB,marketplace,Portable blender,Home,28.38,0.25,0.48,23,0.4,0.3,1
2026-06-26,GB,news,Portable blender,Home,17.19,0.32,0.5,23,0.4,0.3,1
2026-06-26,EU,search,Waterless skincare,Beauty,45.85,0.57,0.68,20,0.29,0.22,1
2026-06-26,EU,reddit,Waterless skincare,Beauty,31.94,0.47,0.75,20,0.29,0.22,1
2026-06-26,EU,youtube,Waterless skincare,Beauty,64.82,0.47,0.77,20,0.29,0.22,1
2026-06-26,EU,marketplace,Waterless skincare,Beauty,37.96,0.5,0.7,20,0.29,0.22,1
2026-06-26,EU,news,Waterless skincare,Beauty,26.41,0.54,0.68,20,0.29,0.22,1
2026-06-26,EU,search,Smart hydration bottle,Electronics,37.87,0.44,0.63,20,0.29,0.22,1
2026-06-26,EU,reddit,Smart hydration bottle,Electronics,28.46,0.46,0.65,20,0.29,0.22,1
2026-06-26,EU,youtube,Smart hydration bottle,Electronics,51.93,0.53,0.7,20,0.29,0.22,1
2026-06-26,EU,marketplace,Smart hydration bottle,Electronics,31.21,0.44,0.63,20,0.29,0.22,1
2026-06-26,EU,news,Smart hydration bottle,Electronics,19.07,0.43,0.67,20,0.29,0.22,1
2026-06-26,EU,search,Walking pad,Fitness,31.73,0.4,0.56,23,0.4,0.3,1
2026-06-26,EU,reddit,Walking pad,Fitness,25.71,0.31,0.52,23,0.4,0.3,1
2026-06-26,EU,youtube,Walking pad,Fitness,43.47,0.4,0.59,23,0.4,0.3,1
2026-06-26,EU,marketplace,Walking pad,Fitness,27.59,0.32,0.52,23,0.4,0.3,1
2026-06-26,EU,news,Walking pad,Fitness,18.47,0.33,0.59,23,0.4,0.3,1
2026-06-26,EU,search,Millet snacks,Food,37.58,0.46,0.78,20,0.29,0.22,1
2026-06-26,EU,reddit,Millet snacks,Food,25.57,0.46,0.77,20,0.29,0.22,1
2026-06-26,EU,youtube,Millet snacks,Food,44.51,0.41,0.81,20,0.29,0.22,1
2026-06-26,EU,marketplace,Millet snacks,Food,31.72,0.47,0.78,20,0.29,0.22,1
2026-06-26,EU,news,Millet snacks,Food,20.34,0.43,0.77,20,0.29,0.22,1
2026-06-26,EU,search,Portable blender,Home,34.74,0.32,0.49,23,0.4,0.3,1
2026-06-26,EU,reddit,Portable blender,Home,24.11,0.24,0.45,23,0.4,0.3,1
2026-06-26,EU,youtube,Portable blender,Home,45.79,0.24,0.43,23,0.4,0.3,1
2026-06-26,EU,marketplace,Portable blender,Home,29.05,0.35,0.49,23,0.4,0.3,1
2026-06-26,EU,news,Portable blender,Home,19.21,0.33,0.43,23,0.4,0.3,1
2026-06-26,IN,search,Waterless skincare,Beauty,47.82,0.53,0.67,20,0.29,0.22,1
2026-06-26,IN,reddit,Waterless skincare,Beauty,34.19,0.57,0.76,20,0.29,0.22,1
2026-06-26,IN,youtube,Waterless skincare,Beauty,62.26,0.52,0.74,20,0.29,0.22,1
2026-06-26,IN,marketplace,Waterless skincare,Beauty,43.45,0.47,0.72,20,0.29,0.22,1
2026-06-26,IN,news,Waterless skincare,Beauty,26.08,0.57,0.77,20,0.29,0.22,1
2026-06-26,IN,search,Smart hydration bottle,Electronics,40.56,0.46,0.69,20,0.29,0.22,1
2026-06-26,IN,reddit,Smart hydration bottle,Electronics,30.03,0.53,0.67,20,0.29,0.22,1
2026-06-26,IN,youtube,Smart hydration bottle,Electronics,53.1,0.44,0.67,20,0.29,0.22,1
2026-06-26,IN,marketplace,Smart hydration bottle,Electronics,34.48,0.43,0.67,20,0.29,0.22,1
2026-06-26,IN,news,Smart hydration bottle,Electronics,19.62,0.42,0.73,20,0.29,0.22,1
2026-06-26,IN,search,Walking pad,Fitness,33.33,0.38,0.56,23,0.4,0.3,1
2026-06-26,IN,reddit,Walking pad,Fitness,24.41,0.36,0.59,23,0.4,0.3,1
2026-06-26,IN,youtube,Walking pad,Fitness,46.59,0.31,0.55,23,0.4,0.3,1
2026-06-26,IN,marketplace,Walking pad,Fitness,30.62,0.36,0.5,23,0.4,0.3,1
2026-06-26,IN,news,Walking pad,Fitness,18.65,0.34,0.55,23,0.4,0.3,1
2026-06-26,IN,search,Millet snacks,Food,44.74,0.46,0.78,20,0.29,0.22,1
2026-06-26,IN,reddit,Millet snacks,Food,36.9,0.46,0.77,20,0.29,0.22,1
2026-06-26,IN,youtube,Millet snacks,Food,60.59,0.45,0.81,20,0.29,0.22,1
2026-06-26,IN,marketplace,Millet snacks,Food,40.9,0.41,0.71,20,0.29,0.22,1
2026-06-26,IN,news,Millet snacks,Food,25.4,0.42,0.79,20,0.29,0.22,1
2026-06-26,IN,search,Portable blender,Home,29.01,0.27,0.45,23,0.4,0.3,1
2026-06-26,IN,reddit,Portable blender,Home,23.28,0.33,0.44,23,0.4,0.3,1
2026-06-26,IN,youtube,Portable blender,Home,39.49,0.28,0.46,23,0.4,0.3,1
2026-06-26,IN,marketplace,Portable blender,Home,28.96,0.26,0.44,23,0.4,0.3,1
2026-06-26,IN,news,Portable blender,Home,16.85,0.26,0.44,23,0.4,0.3,1
2026-06-27,US,search,Waterless skincare,Beauty,39.41,0.57,0.74,20,0.29,0.22,1
2026-06-27,US,reddit,Waterless skincare,Beauty,29.4,0.55,0.7,20,0.29,0.22,1
2026-06-27,US,youtube,Waterless skincare,Beauty,58.42,0.47,0.74,20,0.29,0.22,1
2026-06-27,US,marketplace,Waterless skincare,Beauty,34.66,0.46,0.76,20,0.29,0.22,1
2026-06-27,US,news,Waterless skincare,Beauty,22.42,0.54,0.71,20,0.29,0.22,1
2026-06-27,US,search,Smart hydration bottle,Electronics,42.23,0.51,0.68,20,0.29,0.22,1
2026-06-27,US,reddit,Smart hydration bottle,Electronics,36.0,0.48,0.65,20,0.29,0.22,1
2026-06-27,US,youtube,Smart hydration bottle,Electronics,58.26,0.52,0.64,20,0.29,0.22,1
2026-06-27,US,marketplace,Smart hydration bottle,Electronics,40.22,0.44,0.64,20,0.29,0.22,1
2026-06-27,US,news,Smart hydration bottle,Electronics,26.45,0.45,0.7,20,0.29,0.22,1
2026-06-27,US,search,Walking pad,Fitness,39.52,0.42,0.55,24,0.41,0.31,1
2026-06-27,US,reddit,Walking pad,Fitness,28.85,0.43,0.56,24,0.41,0.31,1
2026-06-27,US,youtube,Walking pad,Fitness,53.52,0.36,0.59,24,0.41,0.31,1
2026-06-27,US,marketplace,Walking pad,Fitness,35.11,0.32,0.56,24,0.41,0.31,1
2026-06-27,US,news,Walking pad,Fitness,20.69,0.36,0.52,24,0.41,0.31,1
2026-06-27,US,search,Millet snacks,Food,34.18,0.49,0.73,20,0.29,0.22,1
2026-06-27,US,reddit,Millet snacks,Food,28.03,0.48,0.79,20,0.29,0.22,1
2026-06-27,US,youtube,Millet snacks,Food,51.92,0.4,0.75,20,0.29,0.22,1
2026-06-27,US,marketplace,Millet snacks,Food,32.94,0.39,0.76,20,0.29,0.22,1
2026-06-27,US,news,Millet snacks,Food,19.97,0.38,0.77,20,0.29,0.22,1
2026-06-27,US,search,Portable blender,Home,28.35,0.29,0.44,24,0.41,0.31,1
2026-06-27,US,reddit,Portable blender,Home,22.36,0.25,0.5,24,0.41,0.31,1
2026-06-27,US,youtube,Portable blender,Home,41.43,0.26,0.47,24,0.41,0.31,1
2026-06-27,US,marketplace,Portable blender,Home,29.18,0.25,0.51,24,0.41,0.31,1
2026-06-27,US,news,Portable blender,Home,17.29,0.26,0.47,24,0.41,0.31,1
2026-06-27,GB,search,Waterless skincare,Beauty,45.56,0.55,0.72,20,0.29,0.22,1
2026-06-27,GB,reddit,Waterless skincare,Beauty,34.17,0.55,0.74,20,0.29,0.22,1
2026-06-27,GB,youtube,Waterless skincare,Beauty,58.7,0.51,0.75,20,0.29,0.22,1
2026-06-27,GB,marketplace,Waterless skincare,Beauty,38.79,0.49,0.71,20,0.29,0.22,1
2026-06-27,GB,news,Waterless skincare,Beauty,23.86,0.47,0.73,20,0.29,0.22,1
2026-06-27,GB,search,Smart hydration bottle,Electronics,36.5,0.5,0.7,20,0.29,0.22,1
2026-06-27,GB,reddit,Smart hydration bottle,Electronics,28.0,0.5,0.64,20,0.29,0.22,1
2026-06-27,GB,youtube,Smart hydration bottle,Electronics,51.0,0.42,0.64,20,0.29,0.22,1
2026-06-27,GB,marketplace,Smart hydration bottle,Electronics,36.06,0.46,0.65,20,0.29,0.22,1
2026-06-27,GB,news,Smart hydration bottle,Electronics,20.72,0.51,0.69,20,0.29,0.22,1
2026-06-27,GB,search,Walking pad,Fitness,36.21,0.37,0.54,24,0.41,0.31,1
2026-06-27,GB,reddit,Walking pad,Fitness,30.04,0.37,0.56,24,0.41,0.31,1
2026-06-27,GB,youtube,Walking pad,Fitness,53.75,0.4,0.53,24,0.41,0.31,1
2026-06-27,GB,marketplace,Walking pad,Fitness,36.13,0.34,0.51,24,0.41,0.31,1
2026-06-27,GB,news,Walking pad,Fitness,19.57,0.37,0.52,24,0.41,0.31,1
2026-06-27,GB,search,Millet snacks,Food,37.03,0.4,0.72,20,0.29,0.22,1
2026-06-27,GB,reddit,Millet snacks,Food,27.01,0.45,0.76,20,0.29,0.22,1
2026-06-27,GB,youtube,Millet snacks,Food,49.12,0.48,0.73,20,0.29,0.22,1
2026-06-27,GB,marketplace,Millet snacks,Food,32.92,0.4,0.74,20,0.29,0.22,1
2026-06-27,GB,news,Millet snacks,Food,19.06,0.44,0.74,20,0.29,0.22,1
2026-06-27,GB,search,Portable blender,Home,29.13,0.25,0.5,24,0.41,0.31,1
2026-06-27,GB,reddit,Portable blender,Home,22.85,0.25,0.47,24,0.41,0.31,1
2026-06-27,GB,youtube,Portable blender,Home,43.59,0.28,0.49,24,0.41,0.31,1
2026-06-27,GB,marketplace,Portable blender,Home,26.16,0.24,0.44,24,0.41,0.31,1
2026-06-27,GB,news,Portable blender,Home,17.0,0.24,0.43,24,0.41,0.31,1
2026-06-27,EU,search,Waterless skincare,Beauty,43.54,0.47,0.76,20,0.29,0.22,1
2026-06-27,EU,reddit,Waterless skincare,Beauty,34.99,0.49,0.68,20,0.29,0.22,1
2026-06-27,EU,youtube,Waterless skincare,Beauty,63.15,0.52,0.76,20,0.29,0.22,1
2026-06-27,EU,marketplace,Waterless skincare,Beauty,38.73,0.57,0.69,20,0.29,0.22,1
2026-06-27,EU,news,Waterless skincare,Beauty,25.73,0.46,0.75,20,0.29,0.22,1
2026-06-27,EU,search,Smart hydration bottle,Electronics,35.02,0.43,0.66,20,0.29,0.22,1
2026-06-27,EU,reddit,Smart hydration bottle,Electronics,25.94,0.45,0.65,20,0.29,0.22,1
2026-06-27,EU,youtube,Smart hydration bottle,Electronics,51.12,0.51,0.66,20,0.29,0.22,1
2026-06-27,EU,marketplace,Smart hydration bottle,Electronics,34.6,0.44,0.71,20,0.29,0.22,1
2026-06-27,EU,news,Smart hydration bottle,Electronics,20.19,0.46,0.72,20,0.29,0.22,1
2026-06-27,EU,search,Walking pad,Fitness,30.73,0.37,0.51,24,0.41,0.31,1
2026-06-27,EU,reddit,Walking pad,Fitness,22.96,0.31,0.52,24,0.41,0.31,1
2026-06-27,EU,youtube,Walking pad,Fitness,44.58,0.36,0.59,24,0.41,0.31,1
2026-06-27,EU,marketplace,Walking pad,Fitness,30.08,0.4,0.55,24,0.41,0.31,1
2026-06-27,EU,news,Walking pad,Fitness,17.61,0.38,0.59,24,0.41,0.31,1
2026-06-27,EU,search,Millet snacks,Food,33.65,0.47,0.76,20,0.29,0.22,1
2026-06-27,EU,reddit,Millet snacks,Food,25.09,0.47,0.74,20,0.29,0.22,1
2026-06-27,EU,youtube,Millet snacks,Food,49.99,0.47,0.79,20,0.29,0.22,1
2026-06-27,EU,marketplace,Millet snacks,Food,29.87,0.43,0.73,20,0.29,0.22,1
2026-06-27,EU,news,Millet snacks,Food,19.62,0.48,0.73,20,0.29,0.22,1
2026-06-27,EU,search,Portable blender,Home,30.97,0.29,0.48,24,0.41,0.31,1
2026-06-27,EU,reddit,Portable blender,Home,24.08,0.3,0.47,24,0.41,0.31,1
2026-06-27,EU,youtube,Portable blender,Home,46.28,0.34,0.52,24,0.41,0.31,1
2026-06-27,EU,marketplace,Portable blender,Home,29.28,0.33,0.52,24,0.41,0.31,1
2026-06-27,EU,news,Portable blender,Home,17.7,0.32,0.52,24,0.41,0.31,1
2026-06-27,IN,search,Waterless skincare,Beauty,44.06,0.52,0.71,20,0.29,0.22,1
2026-06-27,IN,reddit,Waterless skincare,Beauty,34.41,0.5,0.7,20,0.29,0.22,1
2026-06-27,IN,youtube,Waterless skincare,Beauty,65.48,0.49,0.74,20,0.29,0.22,1
2026-06-27,IN,marketplace,Waterless skincare,Beauty,41.75,0.51,0.77,20,0.29,0.22,1
2026-06-27,IN,news,Waterless skincare,Beauty,26.39,0.53,0.69,20,0.29,0.22,1
2026-06-27,IN,search,Smart hydration bottle,Electronics,36.59,0.47,0.63,20,0.29,0.22,1
2026-06-27,IN,reddit,Smart hydration bottle,Electronics,29.13,0.46,0.68,20,0.29,0.22,1
2026-06-27,IN,youtube,Smart hydration bottle,Electronics,48.71,0.44,0.64,20,0.29,0.22,1
2026-06-27,IN,marketplace,Smart hydration bottle,Electronics,36.08,0.43,0.66,20,0.29,0.22,1
2026-06-27,IN,news,Smart hydration bottle,Electronics,19.9,0.44,0.67,20,0.29,0.22,1
2026-06-27,IN,search,Walking pad,Fitness,31.34,0.41,0.53,24,0.41,0.31,1
2026-06-27,IN,reddit,Walking pad,Fitness,25.29,0.39,0.53,24,0.41,0.31,1
2026-06-27,IN,youtube,Walking pad,Fitness,42.39,0.39,0.59,24,0.41,0.31,1
2026-06-27,IN,marketplace,Walking pad,Fitness,30.28,0.42,0.55,24,0.41,0.31,1
2026-06-27,IN,news,Walking pad,Fitness,18.14,0.43,0.6,24,0.41,0.31,1
2026-06-27,IN,search,Millet snacks,Food,47.1,0.47,0.8,20,0.29,0.22,1
2026-06-27,IN,reddit,Millet snacks,Food,33.03,0.41,0.74,20,0.29,0.22,1
2026-06-27,IN,youtube,Millet snacks,Food,65.36,0.39,0.77,20,0.29,0.22,1
2026-06-27,IN,marketplace,Millet snacks,Food,42.77,0.41,0.73,20,0.29,0.22,1
2026-06-27,IN,news,Millet snacks,Food,24.91,0.41,0.72,20,0.29,0.22,1
2026-06-27,IN,search,Portable blender,Home,32.41,0.35,0.52,24,0.41,0.31,1
2026-06-27,IN,reddit,Portable blender,Home,24.34,0.26,0.47,24,0.41,0.31,1
2026-06-27,IN,youtube,Portable blender,Home,38.54,0.3,0.45,24,0.41,0.31,1
2026-06-27,IN,marketplace,Portable blender,Home,26.47,0.26,0.51,24,0.41,0.31,1
2026-06-27,IN,news,Portable blender,Home,17.46,0.26,0.44,24,0.41,0.31,1
2026-06-28,US,search,Waterless skincare,Beauty,43.27,0.56,0.72,21,0.3,0.22,1
2026-06-28,US,reddit,Waterless skincare,Beauty,30.59,0.5,0.74,21,0.3,0.22,1
2026-06-28,US,youtube,Waterless skincare,Beauty,54.79,0.52,0.74,21,0.3,0.22,1
2026-06-28,US,marketplace,Waterless skincare,Beauty,39.37,0.53,0.7,21,0.3,0.22,1
2026-06-28,US,news,Waterless skincare,Beauty,22.2,0.51,0.73,21,0.3,0.22,1
2026-06-28,US,search,Smart hydration bottle,Electronics,47.95,0.51,0.66,21,0.3,0.22,1
2026-06-28,US,reddit,Smart hydration bottle,Electronics,35.38,0.52,0.69,21,0.3,0.22,1
2026-06-28,US,youtube,Smart hydration bottle,Electronics,65.18,0.46,0.65,21,0.3,0.22,1
2026-06-28,US,marketplace,Smart hydration bottle,Electronics,40.15,0.47,0.72,21,0.3,0.22,1
2026-06-28,US,news,Smart hydration bottle,Electronics,24.62,0.53,0.69,21,0.3,0.22,1
2026-06-28,US,search,Walking pad,Fitness,37.1,0.42,0.51,24,0.41,0.31,1
2026-06-28,US,reddit,Walking pad,Fitness,26.68,0.34,0.51,24,0.41,0.31,1
2026-06-28,US,youtube,Walking pad,Fitness,48.96,0.35,0.55,24,0.41,0.31,1
2026-06-28,US,marketplace,Walking pad,Fitness,35.28,0.38,0.59,24,0.41,0.31,1
2026-06-28,US,news,Walking pad,Fitness,21.64,0.42,0.53,24,0.41,0.31,1
2026-06-28,US,search,Millet snacks,Food,34.4,0.42,0.79,21,0.3,0.22,1
2026-06-28,US,reddit,Millet snacks,Food,27.75,0.42,0.8,21,0.3,0.22,1
2026-06-28,US,youtube,Millet snacks,Food,49.81,0.43,0.79,21,0.3,0.22,1
2026-06-28,US,marketplace,Millet snacks,Food,31.39,0.48,0.73,21,0.3,0.22,1
2026-06-28,US,news,Millet snacks,Food,19.95,0.5,0.72,21,0.3,0.22,1
2026-06-28,US,search,Portable blender,Home,29.82,0.32,0.53,24,0.41,0.31,1
2026-06-28,US,reddit,Portable blender,Home,22.04,0.28,0.52,24,0.41,0.31,1
2026-06-28,US,youtube,Portable blender,Home,39.79,0.35,0.53,24,0.41,0.31,1
2026-06-28,US,marketplace,Portable blender,Home,27.92,0.31,0.45,24,0.41,0.31,1
2026-06-28,US,news,Portable blender,Home,17.64,0.35,0.51,24,0.41,0.31,1
2026-06-28,GB,search,Waterless skincare,Beauty,42.0,0.5,0.7,21,0.3,0.22,1
2026-06-28,GB,reddit,Waterless skincare,Beauty,33.39,0.47,0.73,21,0.3,0.22,1
2026-06-28,GB,youtube,Waterless skincare,Beauty,56.04,0.55,0.69,21,0.3,0.22,1
2026-06-28,GB,marketplace,Waterless skincare,Beauty,41.39,0.54,0.67,21,0.3,0.22,1
2026-06-28,GB,news,Waterless skincare,Beauty,23.88,0.54,0.68,21,0.3,0.22,1
2026-06-28,GB,search,Smart hydration bottle,Electronics,39.85,0.51,0.72,21,0.3,0.22,1
2026-06-28,GB,reddit,Smart hydration bottle,Electronics,26.74,0.43,0.67,21,0.3,0.22,1
2026-06-28,GB,youtube,Smart hydration bottle,Electronics,51.02,0.43,0.72,21,0.3,0.22,1
2026-06-28,GB,marketplace,Smart hydration bottle,Electronics,32.74,0.43,0.67,21,0.3,0.22,1
2026-06-28,GB,news,Smart hydration bottle,Electronics,22.0,0.45,0.72,21,0.3,0.22,1
2026-06-28,GB,search,Walking pad,Fitness,37.3,0.42,0.58,24,0.41,0.31,1
2026-06-28,GB,reddit,Walking pad,Fitness,27.29,0.41,0.57,24,0.41,0.31,1
2026-06-28,GB,youtube,Walking pad,Fitness,52.1,0.31,0.55,24,0.41,0.31,1
2026-06-28,GB,marketplace,Walking pad,Fitness,34.57,0.33,0.56,24,0.41,0.31,1
2026-06-28,GB,news,Walking pad,Fitness,21.62,0.31,0.55,24,0.41,0.31,1
2026-06-28,GB,search,Millet snacks,Food,37.26,0.48,0.79,21,0.3,0.22,1
2026-06-28,GB,reddit,Millet snacks,Food,25.79,0.43,0.76,21,0.3,0.22,1
2026-06-28,GB,youtube,Millet snacks,Food,48.81,0.43,0.74,21,0.3,0.22,1
2026-06-28,GB,marketplace,Millet snacks,Food,30.79,0.44,0.72,21,0.3,0.22,1
2026-06-28,GB,news,Millet snacks,Food,20.81,0.46,0.71,21,0.3,0.22,1
2026-06-28,GB,search,Portable blender,Home,31.39,0.32,0.51,24,0.41,0.31,1
2026-06-28,GB,reddit,Portable blender,Home,23.7,0.35,0.44,24,0.41,0.31,1
2026-06-28,GB,youtube,Portable blender,Home,43.31,0.28,0.49,24,0.41,0.31,1
2026-06-28,GB,marketplace,Portable blender,Home,27.85,0.24,0.43,24,0.41,0.31,1
2026-06-28,GB,news,Portable blender,Home,15.84,0.34,0.45,24,0.41,0.31,1
2026-06-28,EU,search,Waterless skincare,Beauty,43.15,0.5,0.7,21,0.3,0.22,1
2026-06-28,EU,reddit,Waterless skincare,Beauty,34.92,0.57,0.68,21,0.3,0.22,1
2026-06-28,EU,youtube,Waterless skincare,Beauty,57.38,0.5,0.77,21,0.3,0.22,1
2026-06-28,EU,marketplace,Waterless skincare,Beauty,42.07,0.47,0.76,21,0.3,0.22,1
2026-06-28,EU,news,Waterless skincare,Beauty,25.96,0.52,0.73,21,0.3,0.22,1
2026-06-28,EU,search,Smart hydration bottle,Electronics,34.83,0.53,0.72,21,0.3,0.22,1
2026-06-28,EU,reddit,Smart hydration bottle,Electronics,26.56,0.44,0.69,21,0.3,0.22,1
2026-06-28,EU,youtube,Smart hydration bottle,Electronics,48.87,0.43,0.71,21,0.3,0.22,1
2026-06-28,EU,marketplace,Smart hydration bottle,Electronics,31.77,0.5,0.69,21,0.3,0.22,1
2026-06-28,EU,news,Smart hydration bottle,Electronics,19.44,0.5,0.72,21,0.3,0.22,1
2026-06-28,EU,search,Walking pad,Fitness,33.82,0.35,0.57,24,0.41,0.31,1
2026-06-28,EU,reddit,Walking pad,Fitness,25.99,0.35,0.59,24,0.41,0.31,1
2026-06-28,EU,youtube,Walking pad,Fitness,44.89,0.33,0.52,24,0.41,0.31,1
2026-06-28,EU,marketplace,Walking pad,Fitness,27.92,0.38,0.58,24,0.41,0.31,1
2026-06-28,EU,news,Walking pad,Fitness,17.75,0.39,0.52,24,0.41,0.31,1
2026-06-28,EU,search,Millet snacks,Food,35.45,0.45,0.71,21,0.3,0.22,1
2026-06-28,EU,reddit,Millet snacks,Food,26.0,0.44,0.78,21,0.3,0.22,1
2026-06-28,EU,youtube,Millet snacks,Food,50.35,0.48,0.79,21,0.3,0.22,1
2026-06-28,EU,marketplace,Millet snacks,Food,30.59,0.41,0.75,21,0.3,0.22,1
2026-06-28,EU,news,Millet snacks,Food,19.46,0.5,0.76,21,0.3,0.22,1
2026-06-28,EU,search,Portable blender,Home,30.75,0.24,0.53,24,0.41,0.31,1
2026-06-28,EU,reddit,Portable blender,Home,22.91,0.26,0.49,24,0.41,0.31,1
2026-06-28,EU,youtube,Portable blender,Home,45.81,0.25,0.48,24,0.41,0.31,1
2026-06-28,EU,marketplace,Portable blender,Home,27.95,0.34,0.47,24,0.41,0.31,1
2026-06-28,EU,news,Portable blender,Home,16.93,0.29,0.45,24,0.41,0.31,1
2026-06-28,IN,search,Waterless skincare,Beauty,44.28,0.54,0.77,21,0.3,0.22,1
2026-06-28,IN,reddit,Waterless skincare,Beauty,37.55,0.49,0.77,21,0.3,0.22,1
2026-06-28,IN,youtube,Waterless skincare,Beauty,64.91,0.54,0.69,21,0.3,0.22,1
2026-06-28,IN,marketplace,Waterless skincare,Beauty,39.8,0.56,0.74,21,0.3,0.22,1
2026-06-28,IN,news,Waterless skincare,Beauty,27.04,0.51,0.74,21,0.3,0.22,1
2026-06-28,IN,search,Smart hydration bottle,Electronics,36.84,0.52,0.71,21,0.3,0.22,1
2026-06-28,IN,reddit,Smart hydration bottle,Electronics,28.5,0.45,0.71,21,0.3,0.22,1
2026-06-28,IN,youtube,Smart hydration bottle,Electronics,48.79,0.44,0.73,21,0.3,0.22,1
2026-06-28,IN,marketplace,Smart hydration bottle,Electronics,32.94,0.5,0.65,21,0.3,0.22,1
2026-06-28,IN,news,Smart hydration bottle,Electronics,22.29,0.53,0.68,21,0.3,0.22,1
2026-06-28,IN,search,Walking pad,Fitness,33.58,0.4,0.53,24,0.41,0.31,1
2026-06-28,IN,reddit,Walking pad,Fitness,26.44,0.35,0.6,24,0.41,0.31,1
2026-06-28,IN,youtube,Walking pad,Fitness,46.73,0.37,0.57,24,0.41,0.31,1
2026-06-28,IN,marketplace,Walking pad,Fitness,30.35,0.39,0.59,24,0.41,0.31,1
2026-06-28,IN,news,Walking pad,Fitness,17.31,0.42,0.54,24,0.41,0.31,1
2026-06-28,IN,search,Millet snacks,Food,45.55,0.48,0.77,21,0.3,0.22,1
2026-06-28,IN,reddit,Millet snacks,Food,37.16,0.4,0.78,21,0.3,0.22,1
2026-06-28,IN,youtube,Millet snacks,Food,66.07,0.41,0.8,21,0.3,0.22,1
2026-06-28,IN,marketplace,Millet snacks,Food,43.41,0.44,0.79,21,0.3,0.22,1
2026-06-28,IN,news,Millet snacks,Food,23.94,0.46,0.76,21,0.3,0.22,1
2026-06-28,IN,search,Portable blender,Home,29.37,0.32,0.48,24,0.41,0.31,1
2026-06-28,IN,reddit,Portable blender,Home,21.49,0.26,0.48,24,0.41,0.31,1
2026-06-28,IN,youtube,Portable blender,Home,39.9,0.34,0.52,24,0.41,0.31,1
2026-06-28,IN,marketplace,Portable blender,Home,28.35,0.31,0.46,24,0.41,0.31,1
2026-06-28,IN,news,Portable blender,Home,15.55,0.31,0.45,24,0.41,0.31,1
2026-06-29,US,search,Waterless skincare,Beauty,40.74,0.51,0.68,21,0.3,0.22,1
2026-06-29,US,reddit,Waterless skincare,Beauty,32.29,0.54,0.69,21,0.3,0.22,1
2026-06-29,US,youtube,Waterless skincare,Beauty,58.46,0.52,0.71,21,0.3,0.22,1
2026-06-29,US,marketplace,Waterless skincare,Beauty,34.98,0.55,0.75,21,0.3,0.22,1
2026-06-29,US,news,Waterless skincare,Beauty,21.32,0.5,0.73,21,0.3,0.22,1
2026-06-29,US,search,Smart hydration bottle,Electronics,47.34,0.53,0.7,21,0.3,0.22,1
2026-06-29,US,reddit,Smart hydration bottle,Electronics,33.45,0.47,0.7,21,0.3,0.22,1
2026-06-29,US,youtube,Smart hydration bottle,Electronics,57.67,0.48,0.72,21,0.3,0.22,1
2026-06-29,US,marketplace,Smart hydration bottle,Electronics,39.99,0.47,0.63,21,0.3,0.22,1
2026-06-29,US,news,Smart hydration bottle,Electronics,26.51,0.43,0.7,21,0.3,0.22,1
2026-06-29,US,search,Walking pad,Fitness,37.46,0.33,0.53,24,0.42,0.31,1
2026-06-29,US,reddit,Walking pad,Fitness,27.92,0.35,0.52,24,0.42,0.31,1
2026-06-29,US,youtube,Walking pad,Fitness,49.76,0.31,0.51,24,0.42,0.31,1
2026-06-29,US,marketplace,Walking pad,Fitness,32.13,0.36,0.52,24,0.42,0.31,1
2026-06-29,US,news,Walking pad,Fitness,18.96,0.38,0.57,24,0.42,0.31,1
2026-06-29,US,search,Millet snacks,Food,34.41,0.47,0.72,21,0.3,0.22,1
2026-06-29,US,reddit,Millet snacks,Food,26.62,0.49,0.77,21,0.3,0.22,1
2026-06-29,US,youtube,Millet snacks,Food,50.97,0.43,0.8,21,0.3,0.22,1
2026-06-29,US,marketplace,Millet snacks,Food,32.38,0.44,0.77,21,0.3,0.22,1
2026-06-29,US,news,Millet snacks,Food,19.79,0.45,0.76,21,0.3,0.22,1
2026-06-29,US,search,Portable blender,Home,29.05,0.25,0.48,24,0.42,0.31,1
2026-06-29,US,reddit,Portable blender,Home,22.64,0.24,0.49,24,0.42,0.31,1
2026-06-29,US,youtube,Portable blender,Home,42.39,0.25,0.5,24,0.42,0.31,1
2026-06-29,US,marketplace,Portable blender,Home,27.89,0.24,0.53,24,0.42,0.31,1
2026-06-29,US,news,Portable blender,Home,17.09,0.35,0.48,24,0.42,0.31,1
2026-06-29,GB,search,Waterless skincare,Beauty,43.11,0.53,0.71,21,0.3,0.22,1
2026-06-29,GB,reddit,Waterless skincare,Beauty,33.99,0.57,0.76,21,0.3,0.22,1
2026-06-29,GB,youtube,Waterless skincare,Beauty,59.91,0.57,0.74,21,0.3,0.22,1
2026-06-29,GB,marketplace,Waterless skincare,Beauty,37.89,0.47,0.68,21,0.3,0.22,1
2026-06-29,GB,news,Waterless skincare,Beauty,24.69,0.5,0.69,21,0.3,0.22,1
2026-06-29,GB,search,Smart hydration bottle,Electronics,39.91,0.5,0.71,21,0.3,0.22,1
2026-06-29,GB,reddit,Smart hydration bottle,Electronics,28.69,0.44,0.64,21,0.3,0.22,1
2026-06-29,GB,youtube,Smart hydration bottle,Electronics,47.44,0.43,0.64,21,0.3,0.22,1
2026-06-29,GB,marketplace,Smart hydration bottle,Electronics,35.39,0.51,0.68,21,0.3,0.22,1
2026-06-29,GB,news,Smart hydration bottle,Electronics,20.29,0.53,0.69,21,0.3,0.22,1
2026-06-29,GB,search,Walking pad,Fitness,37.31,0.42,0.55,24,0.42,0.31,1
2026-06-29,GB,reddit,Walking pad,Fitness,28.99,0.31,0.54,24,0.42,0.31,1
2026-06-29,GB,youtube,Walking pad,Fitness,51.12,0.35,0.53,24,0.42,0.31,1
2026-06-29,GB,marketplace,Walking pad,Fitness,34.57,0.36,0.54,24,0.42,0.31,1
2026-06-29,GB,news,Walking pad,Fitness,20.86,0.38,0.59,24,0.42,0.31,1
2026-06-29,GB,search,Millet snacks,Food,37.66,0.39,0.79,21,0.3,0.22,1
2026-06-29,GB,reddit,Millet snacks,Food,26.37,0.42,0.78,21,0.3,0.22,1
2026-06-29,GB,youtube,Millet snacks,Food,45.09,0.48,0.71,21,0.3,0.22,1
2026-06-29,GB,marketplace,Millet snacks,Food,31.74,0.42,0.78,21,0.3,0.22,1
2026-06-29,GB,news,Millet snacks,Food,19.57,0.38,0.78,21,0.3,0.22,1
2026-06-29,GB,search,Portable blender,Home,32.14,0.3,0.49,24,0.42,0.31,1
2026-06-29,GB,reddit,Portable blender,Home,24.07,0.29,0.44,24,0.42,0.31,1
2026-06-29,GB,youtube,Portable blender,Home,41.45,0.31,0.44,24,0.42,0.31,1
2026-06-29,GB,marketplace,Portable blender,Home,27.87,0.26,0.45,24,0.42,0.31,1
2026-06-29,GB,news,Portable blender,Home,17.03,0.31,0.5,24,0.42,0.31,1
2026-06-29,EU,search,Waterless skincare,Beauty,43.53,0.5,0.69,21,0.3,0.22,1
2026-06-29,EU,reddit,Waterless skincare,Beauty,32.56,0.51,0.69,21,0.3,0.22,1
2026-06-29,EU,youtube,Waterless skincare,Beauty,59.8,0.58,0.76,21,0.3,0.22,1
2026-06-29,EU,marketplace,Waterless skincare,Beauty,41.67,0.57,0.73,21,0.3,0.22,1
2026-06-29,EU,news,Waterless skincare,Beauty,25.28,0.53,0.7,21,0.3,0.22,1
2026-06-29,EU,search,Smart hydration bottle,Electronics,36.41,0.53,0.67,21,0.3,0.22,1
2026-06-29,EU,reddit,Smart hydration bottle,Electronics,27.47,0.45,0.66,21,0.3,0.22,1
2026-06-29,EU,youtube,Smart hydration bottle,Electronics,48.24,0.52,0.72,21,0.3,0.22,1
2026-06-29,EU,marketplace,Smart hydration bottle,Electronics,34.41,0.45,0.66,21,0.3,0.22,1
2026-06-29,EU,news,Smart hydration bottle,Electronics,19.12,0.52,0.69,21,0.3,0.22,1
2026-06-29,EU,search,Walking pad,Fitness,31.96,0.42,0.56,24,0.42,0.31,1
2026-06-29,EU,reddit,Walking pad,Fitness,25.18,0.34,0.57,24,0.42,0.31,1
2026-06-29,EU,youtube,Walking pad,Fitness,45.97,0.34,0.55,24,0.42,0.31,1
2026-06-29,EU,marketplace,Walking pad,Fitness,28.07,0.41,0.59,24,0.42,0.31,1
2026-06-29,EU,news,Walking pad,Fitness,17.25,0.37,0.57,24,0.42,0.31,1
2026-06-29,EU,search,Millet snacks,Food,36.08,0.45,0.72,21,0.3,0.22,1
2026-06-29,EU,reddit,Millet snacks,Food,24.8,0.42,0.75,21,0.3,0.22,1
2026-06-29,EU,youtube,Millet snacks,Food,48.36,0.44,0.8,21,0.3,0.22,1
2026-06-29,EU,marketplace,Millet snacks,Food,33.94,0.46,0.76,21,0.3,0.22,1
2026-06-29,EU,news,Millet snacks,Food,20.15,0.44,0.8,21,0.3,0.22,1
2026-06-29,EU,search,Portable blender,Home,31.43,0.26,0.44,24,0.42,0.31,1
2026-06-29,EU,reddit,Portable blender,Home,22.68,0.34,0.49,24,0.42,0.31,1
2026-06-29,EU,youtube,Portable blender,Home,41.56,0.32,0.44,24,0.42,0.31,1
2026-06-29,EU,marketplace,Portable blender,Home,29.14,0.24,0.46,24,0.42,0.31,1
2026-06-29,EU,news,Portable blender,Home,18.86,0.3,0.45,24,0.42,0.31,1
2026-06-29,IN,search,Waterless skincare,Beauty,47.84,0.55,0.71,21,0.3,0.22,1
2026-06-29,IN,reddit,Waterless skincare,Beauty,35.1,0.53,0.76,21,0.3,0.22,1
2026-06-29,IN,youtube,Waterless skincare,Beauty,60.1,0.49,0.67,21,0.3,0.22,1
2026-06-29,IN,marketplace,Waterless skincare,Beauty,40.97,0.51,0.7,21,0.3,0.22,1
2026-06-29,IN,news,Waterless skincare,Beauty,27.39,0.48,0.73,21,0.3,0.22,1
2026-06-29,IN,search,Smart hydration bottle,Electronics,38.47,0.51,0.64,21,0.3,0.22,1
2026-06-29,IN,reddit,Smart hydration bottle,Electronics,29.53,0.46,0.64,21,0.3,0.22,1
2026-06-29,IN,youtube,Smart hydration bottle,Electronics,48.68,0.5,0.68,21,0.3,0.22,1
2026-06-29,IN,marketplace,Smart hydration bottle,Electronics,36.02,0.52,0.68,21,0.3,0.22,1
2026-06-29,IN,news,Smart hydration bottle,Electronics,21.24,0.44,0.69,21,0.3,0.22,1
2026-06-29,IN,search,Walking pad,Fitness,33.46,0.41,0.6,24,0.42,0.31,1
2026-06-29,IN,reddit,Walking pad,Fitness,24.84,0.36,0.58,24,0.42,0.31,1
2026-06-29,IN,youtube,Walking pad,Fitness,47.0,0.38,0.59,24,0.42,0.31,1
2026-06-29,IN,marketplace,Walking pad,Fitness,28.59,0.35,0.53,24,0.42,0.31,1
2026-06-29,IN,news,Walking pad,Fitness,17.47,0.35,0.54,24,0.42,0.31,1
2026-06-29,IN,search,Millet snacks,Food,43.61,0.41,0.76,21,0.3,0.22,1
2026-06-29,IN,reddit,Millet snacks,Food,34.1,0.49,0.74,21,0.3,0.22,1
2026-06-29,IN,youtube,Millet snacks,Food,59.73,0.48,0.73,21,0.3,0.22,1
2026-06-29,IN,marketplace,Millet snacks,Food,42.66,0.4,0.8,21,0.3,0.22,1
2026-06-29,IN,news,Millet snacks,Food,24.38,0.43,0.73,21,0.3,0.22,1
2026-06-29,IN,search,Portable blender,Home,29.81,0.31,0.43,24,0.42,0.31,1
2026-06-29,IN,reddit,Portable blender,Home,21.8,0.29,0.49,24,0.42,0.31,1
2026-06-29,IN,youtube,Portable blender,Home,40.8,0.32,0.51,24,0.42,0.31,1
2026-06-29,IN,marketplace,Portable blender,Home,26.79,0.33,0.51,24,0.42,0.31,1
2026-06-29,IN,news,Portable blender,Home,15.53,0.33,0.53,24,0.42,0.31,1
2026-06-30,US,search,Waterless skincare,Beauty,42.29,0.55,0.76,21,0.3,0.22,1
2026-06-30,US,reddit,Waterless skincare,Beauty,31.36,0.49,0.75,21,0.3,0.22,1
2026-06-30,US,youtube,Waterless skincare,Beauty,59.5,0.48,0.75,21,0.3,0.22,1
2026-06-30,US,marketplace,Waterless skincare,Beauty,35.13,0.54,0.72,21,0.3,0.22,1
2026-06-30,US,news,Waterless skincare,Beauty,24.02,0.47,0.7,21,0.3,0.22,1
2026-06-30,US,search,Smart hydration bottle,Electronics,48.52,0.45,0.71,21,0.3,0.22,1
2026-06-30,US,reddit,Smart hydration bottle,Electronics,31.93,0.44,0.71,21,0.3,0.22,1
2026-06-30,US,youtube,Smart hydration bottle,Electronics,64.14,0.53,0.65,21,0.3,0.22,1
2026-06-30,US,marketplace,Smart hydration bottle,Electronics,42.65,0.49,0.66,21,0.3,0.22,1
2026-06-30,US,news,Smart hydration bottle,Electronics,24.58,0.44,0.71,21,0.3,0.22,1
2026-06-30,US,search,Walking pad,Fitness,38.01,0.4,0.58,25,0.42,0.32,1
2026-06-30,US,reddit,Walking pad,Fitness,26.45,0.32,0.6,25,0.42,0.32,1
2026-06-30,US,youtube,Walking pad,Fitness,50.57,0.34,0.51,25,0.42,0.32,1
2026-06-30,US,marketplace,Walking pad,Fitness,31.44,0.36,0.6,25,0.42,0.32,1
2026-06-30,US,news,Walking pad,Fitness,19.45,0.41,0.52,25,0.42,0.32,1
2026-06-30,US,search,Millet snacks,Food,34.96,0.41,0.76,21,0.3,0.22,1
2026-06-30,US,reddit,Millet snacks,Food,25.64,0.46,0.78,21,0.3,0.22,1
2026-06-30,US,youtube,Millet snacks,Food,48.62,0.43,0.8,21,0.3,0.22,1
2026-06-30,US,marketplace,Millet snacks,Food,30.5,0.48,0.72,21,0.3,0.22,1
2026-06-30,US,news,Millet snacks,Food,19.95,0.45,0.79,21,0.3,0.22,1
2026-06-30,US,search,Portable blender,Home,29.3,0.34,0.44,25,0.42,0.32,1
2026-06-30,US,reddit,Portable blender,Home,21.86,0.28,0.44,25,0.42,0.32,1
2026-06-30,US,youtube,Portable blender,Home,43.12,0.26,0.45,25,0.42,0.32,1
2026-06-30,US,marketplace,Portable blender,Home,27.38,0.33,0.51,25,0.42,0.32,1
2026-06-30,US,news,Portable blender,Home,15.78,0.24,0.46,25,0.42,0.32,1
2026-06-30,GB,search,Waterless skincare,Beauty,45.79,0.56,0.67,21,0.3,0.22,1
2026-06-30,GB,reddit,Waterless skincare,Beauty,32.63,0.52,0.76,21,0.3,0.22,1
2026-06-30,GB,youtube,Waterless skincare,Beauty,60.85,0.56,0.75,21,0.3,0.22,1
2026-06-30,GB,marketplace,Waterless skincare,Beauty,41.21,0.46,0.72,21,0.3,0.22,1
2026-06-30,GB,news,Waterless skincare,Beauty,22.67,0.48,0.75,21,0.3,0.22,1
2026-06-30,GB,search,Smart hydration bottle,Electronics,36.39,0.52,0.64,21,0.3,0.22,1
2026-06-30,GB,reddit,Smart hydration bottle,Electronics,29.35,0.5,0.72,21,0.3,0.22,1
2026-06-30,GB,youtube,Smart hydration bottle,Electronics,48.89,0.52,0.68,21,0.3,0.22,1
2026-06-30,GB,marketplace,Smart hydration bottle,Electronics,35.04,0.43,0.72,21,0.3,0.22,1
2026-06-30,GB,news,Smart hydration bottle,Electronics,21.02,0.5,0.66,21,0.3,0.22,1
2026-06-30,GB,search,Walking pad,Fitness,36.13,0.32,0.58,25,0.42,0.32,1
2026-06-30,GB,reddit,Walking pad,Fitness,28.43,0.41,0.59,25,0.42,0.32,1
2026-06-30,GB,youtube,Walking pad,Fitness,47.29,0.35,0.55,25,0.42,0.32,1
2026-06-30,GB,marketplace,Walking pad,Fitness,33.82,0.42,0.52,25,0.42,0.32,1
2026-06-30,GB,news,Walking pad,Fitness,21.07,0.38,0.53,25,0.42,0.32,1
2026-06-30,GB,search,Millet snacks,Food,37.5,0.39,0.73,21,0.3,0.22,1
2026-06-30,GB,reddit,Millet snacks,Food,27.1,0.48,0.77,21,0.3,0.22,1
2026-06-30,GB,youtube,Millet snacks,Food,49.39,0.43,0.79,21,0.3,0.22,1
2026-06-30,GB,marketplace,Millet snacks,Food,31.1,0.41,0.76,21,0.3,0.22,1
2026-06-30,GB,news,Millet snacks,Food,20.26,0.49,0.76,21,0.3,0.22,1
2026-06-30,GB,search,Portable blender,Home,30.5,0.29,0.51,25,0.42,0.32,1
2026-06-30,GB,reddit,Portable blender,Home,21.14,0.26,0.44,25,0.42,0.32,1
2026-06-30,GB,youtube,Portable blender,Home,38.11,0.24,0.48,25,0.42,0.32,1
2026-06-30,GB,marketplace,Portable blender,Home,28.73,0.24,0.5,25,0.42,0.32,1
2026-06-30,GB,news,Portable blender,Home,17.59,0.3,0.51,25,0.42,0.32,1
2026-06-30,EU,search,Waterless skincare,Beauty,47.12,0.47,0.76,21,0.3,0.22,1
2026-06-30,EU,reddit,Waterless skincare,Beauty,36.46,0.47,0.76,21,0.3,0.22,1
2026-06-30,EU,youtube,Waterless skincare,Beauty,64.65,0.52,0.74,21,0.3,0.22,1
2026-06-30,EU,marketplace,Waterless skincare,Beauty,42.73,0.57,0.73,21,0.3,0.22,1
2026-06-30,EU,news,Waterless skincare,Beauty,24.55,0.53,0.73,21,0.3,0.22,1
2026-06-30,EU,search,Smart hydration bottle,Electronics,35.63,0.46,0.69,21,0.3,0.22,1
2026-06-30,EU,reddit,Smart hydration bottle,Electronics,28.6,0.52,0.64,21,0.3,0.22,1
2026-06-30,EU,youtube,Smart hydration bottle,Electronics,47.06,0.44,0.72,21,0.3,0.22,1
2026-06-30,EU,marketplace,Smart hydration bottle,Electronics,35.29,0.5,0.65,21,0.3,0.22,1
2026-06-30,EU,news,Smart hydration bottle,Electronics,20.47,0.44,0.63,21,0.3,0.22,1
2026-06-30,EU,search,Walking pad,Fitness,33.91,0.32,0.51,25,0.42,0.32,1
2026-06-30,EU,reddit,Walking pad,Fitness,23.12,0.39,0.57,25,0.42,0.32,1
2026-06-30,EU,youtube,Walking pad,Fitness,42.13,0.41,0.54,25,0.42,0.32,1
2026-06-30,EU,marketplace,Walking pad,Fitness,30.93,0.42,0.57,25,0.42,0.32,1
2026-06-30,EU,news,Walking pad,Fitness,16.52,0.37,0.52,25,0.42,0.32,1
2026-06-30,EU,search,Millet snacks,Food,37.56,0.41,0.75,21,0.3,0.22,1
2026-06-30,EU,reddit,Millet snacks,Food,27.91,0.38,0.76,21,0.3,0.22,1
2026-06-30,EU,youtube,Millet snacks,Food,47.67,0.44,0.77,21,0.3,0.22,1
2026-06-30,EU,marketplace,Millet snacks,Food,30.94,0.41,0.71,21,0.3,0.22,1
2026-06-30,EU,news,Millet snacks,Food,18.46,0.48,0.77,21,0.3,0.22,1
2026-06-30,EU,search,Portable blender,Home,31.74,0.3,0.46,25,0.42,0.32,1
2026-06-30,EU,reddit,Portable blender,Home,24.6,0.34,0.45,25,0.42,0.32,1
2026-06-30,EU,youtube,Portable blender,Home,44.7,0.29,0.49,25,0.42,0.32,1
2026-06-30,EU,marketplace,Portable blender,Home,30.7,0.28,0.49,25,0.42,0.32,1
2026-06-30,EU,news,Portable blender,Home,17.04,0.35,0.49,25,0.42,0.32,1
2026-06-30,IN,search,Waterless skincare,Beauty,45.78,0.49,0.69,21,0.3,0.22,1
2026-06-30,IN,reddit,Waterless skincare,Beauty,37.32,0.52,0.75,21,0.3,0.22,1
2026-06-30,IN,youtube,Waterless skincare,Beauty,60.42,0.5,0.69,21,0.3,0.22,1
2026-06-30,IN,marketplace,Waterless skincare,Beauty,41.81,0.57,0.7,21,0.3,0.22,1
2026-06-30,IN,news,Waterless skincare,Beauty,24.34,0.56,0.68,21,0.3,0.22,1
2026-06-30,IN,search,Smart hydration bottle,Electronics,38.88,0.48,0.72,21,0.3,0.22,1
2026-06-30,IN,reddit,Smart hydration bottle,Electronics,27.15,0.45,0.64,21,0.3,0.22,1
2026-06-30,IN,youtube,Smart hydration bottle,Electronics,54.44,0.53,0.71,21,0.3,0.22,1
2026-06-30,IN,marketplace,Smart hydration bottle,Electronics,32.91,0.43,0.66,21,0.3,0.22,1
2026-06-30,IN,news,Smart hydration bottle,Electronics,21.69,0.5,0.67,21,0.3,0.22,1
2026-06-30,IN,search,Walking pad,Fitness,32.43,0.36,0.57,25,0.42,0.32,1
2026-06-30,IN,reddit,Walking pad,Fitness,23.36,0.36,0.58,25,0.42,0.32,1
2026-06-30,IN,youtube,Walking pad,Fitness,45.56,0.39,0.6,25,0.42,0.32,1
2026-06-30,IN,marketplace,Walking pad,Fitness,27.57,0.35,0.53,25,0.42,0.32,1
2026-06-30,IN,news,Walking pad,Fitness,17.39,0.37,0.56,25,0.42,0.32,1
2026-06-30,IN,search,Millet snacks,Food,46.52,0.39,0.73,21,0.3,0.22,1
2026-06-30,IN,reddit,Millet snacks,Food,32.74,0.46,0.79,21,0.3,0.22,1
2026-06-30,IN,youtube,Millet snacks,Food,58.34,0.41,0.76,21,0.3,0.22,1
2026-06-30,IN,marketplace,Millet snacks,Food,43.61,0.46,0.73,21,0.3,0.22,1
2026-06-30,IN,news,Millet snacks,Food,26.54,0.39,0.8,21,0.3,0.22,1
2026-06-30,IN,search,Portable blender,Home,28.33,0.33,0.51,25,0.42,0.32,1
2026-06-30,IN,reddit,Portable blender,Home,22.12,0.27,0.5,25,0.42,0.32,1
2026-06-30,IN,youtube,Portable blender,Home,42.72,0.32,0.48,25,0.42,0.32,1
2026-06-30,IN,marketplace,Portable blender,Home,28.43,0.3,0.48,25,0.42,0.32,1
2026-06-30,IN,news,Portable blender,Home,17.66,0.27,0.43,25,0.42,0.32,1
2026-07-01,US,search,Waterless skincare,Beauty,42.9,0.47,0.7,21,0.3,0.23,1
2026-07-01,US,reddit,Waterless skincare,Beauty,31.27,0.47,0.7,21,0.3,0.23,1
2026-07-01,US,youtube,Waterless skincare,Beauty,54.33,0.48,0.75,21,0.3,0.23,1
2026-07-01,US,marketplace,Waterless skincare,Beauty,34.63,0.56,0.69,21,0.3,0.23,1
2026-07-01,US,news,Waterless skincare,Beauty,24.12,0.57,0.72,21,0.3,0.23,1
2026-07-01,US,search,Smart hydration bottle,Electronics,46.15,0.47,0.71,21,0.3,0.23,1
2026-07-01,US,reddit,Smart hydration bottle,Electronics,34.06,0.51,0.73,21,0.3,0.23,1
2026-07-01,US,youtube,Smart hydration bottle,Electronics,62.3,0.45,0.72,21,0.3,0.23,1
2026-07-01,US,marketplace,Smart hydration bottle,Electronics,42.17,0.51,0.64,21,0.3,0.23,1
2026-07-01,US,news,Smart hydration bottle,Electronics,24.68,0.43,0.66,21,0.3,0.23,1
2026-07-01,US,search,Walking pad,Fitness,34.98,0.38,0.57,25,0.42,0.32,1
2026-07-01,US,reddit,Walking pad,Fitness,27.22,0.32,0.51,25,0.42,0.32,1
2026-07-01,US,youtube,Walking pad,Fitness,47.25,0.34,0.51,25,0.42,0.32,1
2026-07-01,US,marketplace,Walking pad,Fitness,31.97,0.38,0.55,25,0.42,0.32,1
2026-07-01,US,news,Walking pad,Fitness,20.98,0.32,0.57,25,0.42,0.32,1
2026-07-01,US,search,Millet snacks,Food,38.48,0.49,0.77,21,0.3,0.23,1
2026-07-01,US,reddit,Millet snacks,Food,28.57,0.48,0.72,21,0.3,0.23,1
2026-07-01,US,youtube,Millet snacks,Food,51.43,0.43,0.79,21,0.3,0.23,1
2026-07-01,US,marketplace,Millet snacks,Food,32.2,0.45,0.81,21,0.3,0.23,1
2026-07-01,US,news,Millet snacks,Food,19.32,0.46,0.72,21,0.3,0.23,1
2026-07-01,US,search,Portable blender,Home,28.45,0.32,0.44,25,0.42,0.32,1
2026-07-01,US,reddit,Portable blender,Home,22.56,0.24,0.52,25,0.42,0.32,1
2026-07-01,US,youtube,Portable blender,Home,39.89,0.24,0.5,25,0.42,0.32,1
2026-07-01,US,marketplace,Portable blender,Home,25.64,0.24,0.43,25,0.42,0.32,1
2026-07-01,US,news,Portable blender,Home,17.43,0.32,0.48,25,0.42,0.32,1
2026-07-01,GB,search,Waterless skincare,Beauty,41.36,0.51,0.76,21,0.3,0.23,1
2026-07-01,GB,reddit,Waterless skincare,Beauty,30.16,0.54,0.7,21,0.3,0.23,1
2026-07-01,GB,youtube,Waterless skincare,Beauty,55.72,0.49,0.72,21,0.3,0.23,1
2026-07-01,GB,marketplace,Waterless skincare,Beauty,37.45,0.55,0.76,21,0.3,0.23,1
2026-07-01,GB,news,Waterless skincare,Beauty,23.95,0.48,0.71,21,0.3,0.23,1
2026-07-01,GB,search,Smart hydration bottle,Electronics,39.01,0.44,0.71,21,0.3,0.23,1
2026-07-01,GB,reddit,Smart hydration bottle,Electronics,29.09,0.42,0.68,21,0.3,0.23,1
2026-07-01,GB,youtube,Smart hydration bottle,Electronics,50.71,0.47,0.71,21,0.3,0.23,1
2026-07-01,GB,marketplace,Smart hydration bottle,Electronics,34.85,0.53,0.72,21,0.3,0.23,1
2026-07-01,GB,news,Smart hydration bottle,Electronics,19.63,0.48,0.72,21,0.3,0.23,1
2026-07-01,GB,search,Walking pad,Fitness,39.17,0.37,0.59,25,0.42,0.32,1
2026-07-01,GB,reddit,Walking pad,Fitness,28.56,0.41,0.52,25,0.42,0.32,1
2026-07-01,GB,youtube,Walking pad,Fitness,52.41,0.36,0.57,25,0.42,0.32,1
2026-07-01,GB,marketplace,Walking pad,Fitness,33.49,0.38,0.59,25,0.42,0.32,1
2026-07-01,GB,news,Walking pad,Fitness,21.78,0.42,0.58,25,0.42,0.32,1
2026-07-01,GB,search,Millet snacks,Food,36.85,0.4,0.76,21,0.3,0.23,1
2026-07-01,GB,reddit,Millet snacks,Food,25.7,0.45,0.81,21,0.3,0.23,1
2026-07-01,GB,youtube,Millet snacks,Food,45.32,0.5,0.73,21,0.3,0.23,1
2026-07-01,GB,marketplace,Millet snacks,Food,32.7,0.47,0.73,21,0.3,0.23,1
2026-07-01,GB,news,Millet snacks,Food,18.78,0.45,0.72,21,0.3,0.23,1
2026-07-01,GB,search,Portable blender,Home,29.93,0.3,0.53,25,0.42,0.32,1
2026-07-01,GB,reddit,Portable blender,Home,21.85,0.26,0.5,25,0.42,0.32,1
2026-07-01,GB,youtube,Portable blender,Home,41.46,0.24,0.48,25,0.42,0.32,1
2026-07-01,GB,marketplace,Portable blender,Home,27.56,0.33,0.52,25,0.42,0.32,1
2026-07-01,GB,news,Portable blender,Home,15.27,0.35,0.48,25,0.42,0.32,1
2026-07-01,EU,search,Waterless skincare,Beauty,44.79,0.54,0.71,21,0.3,0.23,1
2026-07-01,EU,reddit,Waterless skincare,Beauty,34.75,0.5,0.73,21,0.3,0.23,1
2026-07-01,EU,youtube,Waterless skincare,Beauty,57.2,0.57,0.72,21,0.3,0.23,1
2026-07-01,EU,marketplace,Waterless skincare,Beauty,38.67,0.54,0.7,21,0.3,0.23,1
2026-07-01,EU,news,Waterless skincare,Beauty,25.98,0.53,0.72,21,0.3,0.23,1
2026-07-01,EU,search,Smart hydration bottle,Electronics,36.53,0.46,0.68,21,0.3,0.23,1
2026-07-01,EU,reddit,Smart hydration bottle,Electronics,27.62,0.43,0.73,21,0.3,0.23,1
2026-07-01,EU,youtube,Smart hydration bottle,Electronics,49.14,0.52,0.69,21,0.3,0.23,1
2026-07-01,EU,marketplace,Smart hydration bottle,Electronics,33.32,0.45,0.7,21,0.3,0.23,1
2026-07-01,EU,news,Smart hydration bottle,Electronics,19.34,0.5,0.73,21,0.3,0.23,1
2026-07-01,EU,search,Walking pad,Fitness,33.56,0.33,0.54,25,0.42,0.32,1
2026-07-01,EU,reddit,Walking pad,Fitness,23.64,0.42,0.54,25,0.42,0.32,1
2026-07-01,EU,youtube,Walking pad,Fitness,42.66,0.33,0.59,25,0.42,0.32,1
2026-07-01,EU,marketplace,Walking pad,Fitness,29.21,0.32,0.53,25,0.42,0.32,1
2026-07-01,EU,news,Walking pad,Fitness,16.93,0.38,0.56,25,0.42,0.32,1
2026-07-01,EU,search,Millet snacks,Food,37.01,0.4,0.74,21,0.3,0.23,1
2026-07-01,EU,reddit,Millet snacks,Food,26.69,0.46,0.77,21,0.3,0.23,1
2026-07-01,EU,youtube,Millet snacks,Food,44.11,0.43,0.74,21,0.3,0.23,1
2026-07-01,EU,marketplace,Millet snacks,Food,29.97,0.48,0.71,21,0.3,0.23,1
2026-07-01,EU,news,Millet snacks,Food,18.67,0.44,0.79,21,0.3,0.23,1
2026-07-01,EU,search,Portable blender,Home,31.67,0.31,0.53,25,0.42,0.32,1
2026-07-01,EU,reddit,Portable blender,Home,22.58,0.29,0.49,25,0.42,0.32,1
2026-07-01,EU,youtube,Portable blender,Home,43.2,0.3,0.49,25,0.42,0.32,1
2026-07-01,EU,marketplace,Portable blender,Home,29.25,0.27,0.5,25,0.42,0.32,1
2026-07-01,EU,news,Portable blender,Home,17.03,0.28,0.49,25,0.42,0.32,1
2026-07-01,IN,search,Waterless skincare,Beauty,47.41,0.51,0.68,21,0.3,0.23,1
2026-07-01,IN,reddit,Waterless skincare,Beauty,35.25,0.56,0.75,21,0.3,0.23,1
2026-07-01,IN,youtube,Waterless skincare,Beauty,66.45,0.47,0.72,21,0.3,0.23,1
2026-07-01,IN,marketplace,Waterless skincare,Beauty,41.0,0.52,0.76,21,0.3,0.23,1
2026-07-01,IN,news,Waterless skincare,Beauty,25.25,0.51,0.73,21,0.3,0.23,1
2026-07-01,IN,search,Smart hydration bottle,Electronics,39.61,0.43,0.67,21,0.3,0.23,1
2026-07-01,IN,reddit,Smart hydration bottle,Electronics,29.58,0.48,0.66,21,0.3,0.23,1
2026-07-01,IN,youtube,Smart hydration bottle,Electronics,49.94,0.51,0.65,21,0.3,0.23,1
2026-07-01,IN,marketplace,Smart hydration bottle,Electronics,34.84,0.51,0.72,21,0.3,0.23,1
2026-07-01,IN,news,Smart hydration bottle,Electronics,20.38,0.44,0.71,21,0.3,0.23,1
2026-07-01,IN,search,Walking pad,Fitness,34.77,0.33,0.51,25,0.42,0.32,1
2026-07-01,IN,reddit,Walking pad,Fitness,24.27,0.35,0.53,25,0.42,0.32,1
2026-07-01,IN,youtube,Walking pad,Fitness,44.57,0.31,0.58,25,0.42,0.32,1
2026-07-01,IN,marketplace,Walking pad,Fitness,27.98,0.37,0.53,25,0.42,0.32,1
2026-07-01,IN,news,Walking pad,Fitness,17.95,0.4,0.5,25,0.42,0.32,1
2026-07-01,IN,search,Millet snacks,Food,48.46,0.45,0.73,21,0.3,0.23,1
2026-07-01,IN,reddit,Millet snacks,Food,35.32,0.38,0.76,21,0.3,0.23,1
2026-07-01,IN,youtube,Millet snacks,Food,63.59,0.44,0.73,21,0.3,0.23,1
2026-07-01,IN,marketplace,Millet snacks,Food,41.97,0.44,0.79,21,0.3,0.23,1
2026-07-01,IN,news,Millet snacks,Food,26.18,0.39,0.74,21,0.3,0.23,1
2026-07-01,IN,search,Portable blender,Home,31.85,0.26,0.44,25,0.42,0.32,1
2026-07-01,IN,reddit,Portable blender,Home,23.81,0.33,0.52,25,0.42,0.32,1
2026-07-01,IN,youtube,Portable blender,Home,37.71,0.26,0.5,25,0.42,0.32,1
2026-07-01,IN,marketplace,Portable blender,Home,27.67,0.33,0.47,25,0.42,0.32,1
2026-07-01,IN,news,Portable blender,Home,16.62,0.34,0.49,25,0.42,0.32,1
2026-07-02,US,search,Waterless skincare,Beauty,42.13,0.46,0.77,21,0.3,0.23,1
2026-07-02,US,reddit,Waterless skincare,Beauty,30.35,0.5,0.73,21,0.3,0.23,1
2026-07-02,US,youtube,Waterless skincare,Beauty,57.83,0.48,0.71,21,0.3,0.23,1
2026-07-02,US,marketplace,Waterless skincare,Beauty,37.38,0.56,0.77,21,0.3,0.23,1
2026-07-02,US,news,Waterless skincare,Beauty,22.49,0.53,0.72,21,0.3,0.23,1
2026-07-02,US,search,Smart hydration bottle,Electronics,44.99,0.5,0.63,21,0.3,0.23,1
2026-07-02,US,reddit,Smart hydration bottle,Electronics,32.03,0.47,0.67,21,0.3,0.23,1
2026-07-02,US,youtube,Smart hydration bottle,Electronics,62.13,0.42,0.64,21,0.3,0.23,1
2026-07-02,US,marketplace,Smart hydration bottle,Electronics,42.03,0.47,0.72,21,0.3,0.23,1
2026-07-02,US,news,Smart hydration bottle,Electronics,23.51,0.44,0.72,21,0.3,0.23,1
2026-07-02,US,search,Walking pad,Fitness,35.38,0.42,0.51,25,0.43,0.32,1
2026-07-02,US,reddit,Walking pad,Fitness,27.66,0.31,0.55,25,0.43,0.32,1
2026-07-02,US,youtube,Walking pad,Fitness,50.26,0.42,0.56,25,0.43,0.32,1
2026-07-02,US,marketplace,Walking pad,Fitness,34.72,0.41,0.54,25,0.43,0.32,1
2026-07-02,US,news,Walking pad,Fitness,19.46,0.31,0.51,25,0.43,0.32,1
2026-07-02,US,search,Millet snacks,Food,37.5,0.39,0.8,21,0.3,0.23,1
2026-07-02,US,reddit,Millet snacks,Food,27.49,0.43,0.76,21,0.3,0.23,1
2026-07-02,US,youtube,Millet snacks,Food,47.47,0.43,0.73,21,0.3,0.23,1
2026-07-02,US,marketplace,Millet snacks,Food,34.48,0.4,0.77,21,0.3,0.23,1
2026-07-02,US,news,Millet snacks,Food,19.38,0.4,0.77,21,0.3,0.23,1
2026-07-02,US,search,Portable blender,Home,30.3,0.29,0.43,25,0.43,0.32,1
2026-07-02,US,reddit,Portable blender,Home,22.22,0.29,0.47,25,0.43,0.32,1
2026-07-02,US,youtube,Portable blender,Home,40.24,0.32,0.46,25,0.43,0.32,1
2026-07-02,US,marketplace,Portable blender,Home,27.03,0.31,0.46,25,0.43,0.32,1
2026-07-02,US,news,Portable blender,Home,15.38,0.33,0.45,25,0.43,0.32,1
2026-07-02,GB,search,Waterless skincare,Beauty,41.46,0.46,0.75,21,0.3,0.23,1
2026-07-02,GB,reddit,Waterless skincare,Beauty,34.47,0.49,0.74,21,0.3,0.23,1
2026-07-02,GB,youtube,Waterless skincare,Beauty,55.92,0.48,0.75,21,0.3,0.23,1
2026-07-02,GB,marketplace,Waterless skincare,Beauty,40.98,0.47,0.74,21,0.3,0.23,1
2026-07-02,GB,news,Waterless skincare,Beauty,23.37,0.54,0.76,21,0.3,0.23,1
2026-07-02,GB,search,Smart hydration bottle,Electronics,39.49,0.42,0.7,21,0.3,0.23,1
2026-07-02,GB,reddit,Smart hydration bottle,Electronics,27.83,0.53,0.69,21,0.3,0.23,1
2026-07-02,GB,youtube,Smart hydration bottle,Electronics,51.22,0.47,0.65,21,0.3,0.23,1
2026-07-02,GB,marketplace,Smart hydration bottle,Electronics,34.8,0.48,0.68,21,0.3,0.23,1
2026-07-02,GB,news,Smart hydration bottle,Electronics,19.76,0.46,0.66,21,0.3,0.23,1
2026-07-02,GB,search,Walking pad,Fitness,37.85,0.37,0.52,25,0.43,0.32,1
2026-07-02,GB,reddit,Walking pad,Fitness,28.03,0.34,0.57,25,0.43,0.32,1
2026-07-02,GB,youtube,Walking pad,Fitness,48.8,0.39,0.53,25,0.43,0.32,1
2026-07-02,GB,marketplace,Walking pad,Fitness,32.81,0.42,0.53,25,0.43,0.32,1
2026-07-02,GB,news,Walking pad,Fitness,19.94,0.32,0.51,25,0.43,0.32,1
2026-07-02,GB,search,Millet snacks,Food,34.54,0.39,0.8,21,0.3,0.23,1
2026-07-02,GB,reddit,Millet snacks,Food,24.83,0.42,0.72,21,0.3,0.23,1
2026-07-02,GB,youtube,Millet snacks,Food,47.38,0.42,0.76,21,0.3,0.23,1
2026-07-02,GB,marketplace,Millet snacks,Food,33.0,0.46,0.75,21,0.3,0.23,1
2026-07-02,GB,news,Millet snacks,Food,18.47,0.43,0.76,21,0.3,0.23,1
2026-07-02,GB,search,Portable blender,Home,30.53,0.32,0.44,25,0.43,0.32,1
2026-07-02,GB,reddit,Portable blender,Home,23.04,0.29,0.47,25,0.43,0.32,1
2026-07-02,GB,youtube,Portable blender,Home,38.74,0.33,0.49,25,0.43,0.32,1
2026-07-02,GB,marketplace,Portable blender,Home,25.45,0.27,0.52,25,0.43,0.32,1
2026-07-02,GB,news,Portable blender,Home,15.56,0.28,0.48,25,0.43,0.32,1
2026-07-02,EU,search,Waterless skincare,Beauty,45.63,0.49,0.68,21,0.3,0.23,1
2026-07-02,EU,reddit,Waterless skincare,Beauty,32.71,0.47,0.75,21,0.3,0.23,1
2026-07-02,EU,youtube,Waterless skincare,Beauty,62.93,0.49,0.73,21,0.3,0.23,1
2026-07-02,EU,marketplace,Waterless skincare,Beauty,43.27,0.58,0.71,21,0.3,0.23,1
2026-07-02,EU,news,Waterless skincare,Beauty,23.36,0.52,0.72,21,0.3,0.23,1
2026-07-02,EU,search,Smart hydration bottle,Electronics,35.01,0.52,0.64,21,0.3,0.23,1
2026-07-02,EU,reddit,Smart hydration bottle,Electronics,28.64,0.47,0.68,21,0.3,0.23,1
2026-07-02,EU,youtube,Smart hydration bottle,Electronics,46.12,0.51,0.67,21,0.3,0.23,1
2026-07-02,EU,marketplace,Smart hydration bottle,Electronics,32.16,0.42,0.65,21,0.3,0.23,1
2026-07-02,EU,news,Smart hydration bottle,Electronics,20.02,0.45,0.66,21,0.3,0.23,1
2026-07-02,EU,search,Walking pad,Fitness,32.63,0.42,0.57,25,0.43,0.32,1
2026-07-02,EU,reddit,Walking pad,Fitness,23.87,0.4,0.55,25,0.43,0.32,1
2026-07-02,EU,youtube,Walking pad,Fitness,40.67,0.37,0.51,25,0.43,0.32,1
2026-07-02,EU,marketplace,Walking pad,Fitness,28.41,0.36,0.53,25,0.43,0.32,1
2026-07-02,EU,news,Walking pad,Fitness,18.46,0.37,0.57,25,0.43,0.32,1
2026-07-02,EU,search,Millet snacks,Food,34.64,0.42,0.73,21,0.3,0.23,1
2026-07-02,EU,reddit,Millet snacks,Food,27.33,0.45,0.72,21,0.3,0.23,1
2026-07-02,EU,youtube,Millet snacks,Food,45.89,0.4,0.75,21,0.3,0.23,1
2026-07-02,EU,marketplace,Millet snacks,Food,31.82,0.45,0.8,21,0.3,0.23,1
2026-07-02,EU,news,Millet snacks,Food,19.55,0.43,0.81,21,0.3,0.23,1
2026-07-02,EU,search,Portable blender,Home,31.11,0.31,0.49,25,0.43,0.32,1
2026-07-02,EU,reddit,Portable blender,Home,24.83,0.32,0.44,25,0.43,0.32,1
2026-07-02,EU,youtube,Portable blender,Home,43.14,0.3,0.48,25,0.43,0.32,1
2026-07-02,EU,marketplace,Portable blender,Home,28.94,0.3,0.45,25,0.43,0.32,1
2026-07-02,EU,news,Portable blender,Home,18.55,0.32,0.45,25,0.43,0.32,1
2026-07-02,IN,search,Waterless skincare,Beauty,48.19,0.52,0.71,21,0.3,0.23,1
2026-07-02,IN,reddit,Waterless skincare,Beauty,35.24,0.57,0.69,21,0.3,0.23,1
2026-07-02,IN,youtube,Waterless skincare,Beauty,61.43,0.49,0.76,21,0.3,0.23,1
2026-07-02,IN,marketplace,Waterless skincare,Beauty,43.79,0.5,0.75,21,0.3,0.23,1
2026-07-02,IN,news,Waterless skincare,Beauty,27.21,0.54,0.74,21,0.3,0.23,1
2026-07-02,IN,search,Smart hydration bottle,Electronics,38.27,0.47,0.69,21,0.3,0.23,1
2026-07-02,IN,reddit,Smart hydration bottle,Electronics,29.87,0.51,0.72,21,0.3,0.23,1
2026-07-02,IN,youtube,Smart hydration bottle,Electronics,49.85,0.5,0.66,21,0.3,0.23,1
2026-07-02,IN,marketplace,Smart hydration bottle,Electronics,34.15,0.53,0.7,21,0.3,0.23,1
2026-07-02,IN,news,Smart hydration bottle,Electronics,21.81,0.42,0.64,21,0.3,0.23,1
2026-07-02,IN,search,Walking pad,Fitness,32.07,0.38,0.57,25,0.43,0.32,1
2026-07-02,IN,reddit,Walking pad,Fitness,24.63,0.41,0.58,25,0.43,0.32,1
2026-07-02,IN,youtube,Walking pad,Fitness,45.73,0.41,0.53,25,0.43,0.32,1
2026-07-02,IN,marketplace,Walking pad,Fitness,29.27,0.38,0.59,25,0.43,0.32,1
2026-07-02,IN,news,Walking pad,Fitness,17.67,0.32,0.5,25,0.43,0.32,1
2026-07-02,IN,search,Millet snacks,Food,44.71,0.45,0.74,21,0.3,0.23,1
2026-07-02,IN,reddit,Millet snacks,Food,36.6,0.49,0.79,21,0.3,0.23,1
2026-07-02,IN,youtube,Millet snacks,Food,64.36,0.47,0.73,21,0.3,0.23,1
2026-07-02,IN,marketplace,Millet snacks,Food,41.21,0.48,0.76,21,0.3,0.23,1
2026-07-02,IN,news,Millet snacks,Food,24.81,0.44,0.72,21,0.3,0.23,1
2026-07-02,IN,search,Portable blender,Home,30.53,0.31,0.45,25,0.43,0.32,1
2026-07-02,IN,reddit,Portable blender,Home,22.2,0.33,0.51,25,0.43,0.32,1
2026-07-02,IN,youtube,Portable blender,Home,37.79,0.24,0.45,25,0.43,0.32,1
2026-07-02,IN,marketplace,Portable blender,Home,28.44,0.29,0.48,25,0.43,0.32,1
2026-07-02,IN,news,Portable blender,Home,15.76,0.34,0.49,25,0.43,0.32,1
2026-07-03,US,search,Waterless skincare,Beauty,43.41,0.46,0.75,22,0.31,0.23,1
2026-07-03,US,reddit,Waterless skincare,Beauty,31.56,0.56,0.75,22,0.31,0.23,1
2026-07-03,US,youtube,Waterless skincare,Beauty,56.15,0.56,0.75,22,0.31,0.23,1
2026-07-03,US,marketplace,Waterless skincare,Beauty,36.77,0.53,0.71,22,0.31,0.23,1
2026-07-03,US,news,Waterless skincare,Beauty,21.53,0.56,0.76,22,0.31,0.23,1
2026-07-03,US,search,Smart hydration bottle,Electronics,45.46,0.44,0.71,22,0.31,0.23,1
2026-07-03,US,reddit,Smart hydration bottle,Electronics,31.76,0.51,0.66,22,0.31,0.23,1
2026-07-03,US,youtube,Smart hydration bottle,Electronics,60.69,0.51,0.71,22,0.31,0.23,1
2026-07-03,US,marketplace,Smart hydration bottle,Electronics,40.23,0.5,0.71,22,0.31,0.23,1
2026-07-03,US,news,Smart hydration bottle,Electronics,25.29,0.44,0.7,22,0.31,0.23,1
2026-07-03,US,search,Walking pad,Fitness,33.69,0.4,0.51,26,0.43,0.32,1
2026-07-03,US,reddit,Walking pad,Fitness,26.11,0.38,0.5,26,0.43,0.32,1
2026-07-03,US,youtube,Walking pad,Fitness,51.89,0.37,0.59,26,0.43,0.32,1
2026-07-03,US,marketplace,Walking pad,Fitness,34.71,0.34,0.56,26,0.43,0.32,1
2026-07-03,US,news,Walking pad,Fitness,19.35,0.32,0.57,26,0.43,0.32,1
2026-07-03,US,search,Millet snacks,Food,33.6,0.39,0.76,22,0.31,0.23,1
2026-07-03,US,reddit,Millet snacks,Food,28.15,0.47,0.8,22,0.31,0.23,1
2026-07-03,US,youtube,Millet snacks,Food,49.93,0.38,0.74,22,0.31,0.23,1
2026-07-03,US,marketplace,Millet snacks,Food,34.02,0.41,0.78,22,0.31,0.23,1
2026-07-03,US,news,Millet snacks,Food,18.93,0.39,0.74,22,0.31,0.23,1
2026-07-03,US,search,Portable blender,Home,30.18,0.33,0.48,26,0.43,0.32,1
2026-07-03,US,reddit,Portable blender,Home,21.66,0.28,0.52,26,0.43,0.32,1
2026-07-03,US,youtube,Portable blender,Home,37.31,0.32,0.48,26,0.43,0.32,1
2026-07-03,US,marketplace,Portable blender,Home,26.8,0.3,0.45,26,0.43,0.32,1
2026-07-03,US,news,Portable blender,Home,15.57,0.31,0.5,26,0.43,0.32,1
2026-07-03,GB,search,Waterless skincare,Beauty,43.75,0.53,0.77,22,0.31,0.23,1
2026-07-03,GB,reddit,Waterless skincare,Beauty,34.4,0.56,0.71,22,0.31,0.23,1
2026-07-03,GB,youtube,Waterless skincare,Beauty,56.96,0.57,0.72,22,0.31,0.23,1
2026-07-03,GB,marketplace,Waterless skincare,Beauty,37.32,0.54,0.76,22,0.31,0.23,1
2026-07-03,GB,news,Waterless skincare,Beauty,24.71,0.49,0.72,22,0.31,0.23,1
2026-07-03,GB,search,Smart hydration bottle,Electronics,35.45,0.46,0.72,22,0.31,0.23,1
2026-07-03,GB,reddit,Smart hydration bottle,Electronics,26.26,0.45,0.67,22,0.31,0.23,1
2026-07-03,GB,youtube,Smart hydration bottle,Electronics,51.31,0.42,0.64,22,0.31,0.23,1
2026-07-03,GB,marketplace,Smart hydration bottle,Electronics,33.41,0.44,0.68,22,0.31,0.23,1
2026-07-03,GB,news,Smart hydration bottle,Electronics,20.27,0.52,0.68,22,0.31,0.23,1
2026-07-03,GB,search,Walking pad,Fitness,36.27,0.4,0.54,26,0.43,0.32,1
2026-07-03,GB,reddit,Walking pad,Fitness,25.59,0.42,0.53,26,0.43,0.32,1
2026-07-03,GB,youtube,Walking pad,Fitness,49.65,0.35,0.53,26,0.43,0.32,1
2026-07-03,GB,marketplace,Walking pad,Fitness,31.01,0.39,0.54,26,0.43,0.32,1
2026-07-03,GB,news,Walking pad,Fitness,18.85,0.32,0.6,26,0.43,0.32,1
2026-07-03,GB,search,Millet snacks,Food,34.97,0.49,0.77,22,0.31,0.23,1
2026-07-03,GB,reddit,Millet snacks,Food,25.28,0.44,0.79,22,0.31,0.23,1
2026-07-03,GB,youtube,Millet snacks,Food,50.25,0.43,0.74,22,0.31,0.23,1
2026-07-03,GB,marketplace,Millet snacks,Food,33.75,0.49,0.71,22,0.31,0.23,1
2026-07-03,GB,news,Millet snacks,Food,19.79,0.44,0.72,22,0.31,0.23,1
2026-07-03,GB,search,Portable blender,Home,31.23,0.24,0.44,26,0.43,0.32,1
2026-07-03,GB,reddit,Portable blender,Home,21.7,0.29,0.52,26,0.43,0.32,1
2026-07-03,GB,youtube,Portable blender,Home,39.55,0.25,0.49,26,0.43,0.32,1
2026-07-03,GB,marketplace,Portable blender,Home,26.98,0.29,0.48,26,0.43,0.32,1
2026-07-03,GB,news,Portable blender,Home,16.27,0.31,0.51,26,0.43,0.32,1
2026-07-03,EU,search,Waterless skincare,Beauty,47.97,0.53,0.73,22,0.31,0.23,1
2026-07-03,EU,reddit,Waterless skincare,Beauty,31.79,0.52,0.7,22,0.31,0.23,1
2026-07-03,EU,youtube,Waterless skincare,Beauty,63.31,0.57,0.76,22,0.31,0.23,1
2026-07-03,EU,marketplace,Waterless skincare,Beauty,41.47,0.54,0.67,22,0.31,0.23,1
2026-07-03,EU,news,Waterless skincare,Beauty,23.76,0.52,0.75,22,0.31,0.23,1
2026-07-03,EU,search,Smart hydration bottle,Electronics,35.38,0.49,0.68,22,0.31,0.23,1
2026-07-03,EU,reddit,Smart hydration bottle,Electronics,26.5,0.45,0.73,22,0.31,0.23,1
2026-07-03,EU,youtube,Smart hydration bottle,Electronics,46.61,0.5,0.71,22,0.31,0.23,1
2026-07-03,EU,marketplace,Smart hydration bottle,Electronics,34.09,0.48,0.72,22,0.31,0.23,1
2026-07-03,EU,news,Smart hydration bottle,Electronics,19.06,0.47,0.68,22,0.31,0.23,1
2026-07-03,EU,search,Walking pad,Fitness,33.39,0.31,0.6,26,0.43,0.32,1
2026-07-03,EU,reddit,Walking pad,Fitness,24.77,0.42,0.6,26,0.43,0.32,1
2026-07-03,EU,youtube,Walking pad,Fitness,44.49,0.4,0.58,26,0.43,0.32,1
2026-07-03,EU,marketplace,Walking pad,Fitness,29.78,0.4,0.58,26,0.43,0.32,1
2026-07-03,EU,news,Walking pad,Fitness,16.29,0.34,0.52,26,0.43,0.32,1
2026-07-03,EU,search,Millet snacks,Food,34.75,0.44,0.72,22,0.31,0.23,1
2026-07-03,EU,reddit,Millet snacks,Food,26.02,0.44,0.75,22,0.31,0.23,1
2026-07-03,EU,youtube,Millet snacks,Food,48.51,0.49,0.73,22,0.31,0.23,1
2026-07-03,EU,marketplace,Millet snacks,Food,30.09,0.43,0.79,22,0.31,0.23,1
2026-07-03,EU,news,Millet snacks,Food,18.96,0.48,0.72,22,0.31,0.23,1
2026-07-03,EU,search,Portable blender,Home,32.49,0.31,0.49,26,0.43,0.32,1
2026-07-03,EU,reddit,Portable blender,Home,22.37,0.35,0.45,26,0.43,0.32,1
2026-07-03,EU,youtube,Portable blender,Home,44.51,0.34,0.53,26,0.43,0.32,1
2026-07-03,EU,marketplace,Portable blender,Home,27.13,0.25,0.44,26,0.43,0.32,1
2026-07-03,EU,news,Portable blender,Home,16.77,0.26,0.43,26,0.43,0.32,1
2026-07-03,IN,search,Waterless skincare,Beauty,45.15,0.54,0.69,22,0.31,0.23,1
2026-07-03,IN,reddit,Waterless skincare,Beauty,36.85,0.57,0.73,22,0.31,0.23,1
2026-07-03,IN,youtube,Waterless skincare,Beauty,65.04,0.5,0.72,22,0.31,0.23,1
2026-07-03,IN,marketplace,Waterless skincare,Beauty,39.14,0.55,0.68,22,0.31,0.23,1
2026-07-03,IN,news,Waterless skincare,Beauty,24.1,0.54,0.74,22,0.31,0.23,1
2026-07-03,IN,search,Smart hydration bottle,Electronics,39.46,0.45,0.69,22,0.31,0.23,1
2026-07-03,IN,reddit,Smart hydration bottle,Electronics,26.91,0.46,0.71,22,0.31,0.23,1
2026-07-03,IN,youtube,Smart hydration bottle,Electronics,53.28,0.49,0.64,22,0.31,0.23,1
2026-07-03,IN,marketplace,Smart hydration bottle,Electronics,33.82,0.49,0.64,22,0.31,0.23,1
2026-07-03,IN,news,Smart hydration bottle,Electronics,21.11,0.43,0.71,22,0.31,0.23,1
2026-07-03,IN,search,Walking pad,Fitness,32.3,0.36,0.56,26,0.43,0.32,1
2026-07-03,IN,reddit,Walking pad,Fitness,24.87,0.36,0.57,26,0.43,0.32,1
2026-07-03,IN,youtube,Walking pad,Fitness,46.27,0.41,0.56,26,0.43,0.32,1
2026-07-03,IN,marketplace,Walking pad,Fitness,27.7,0.33,0.51,26,0.43,0.32,1
2026-07-03,IN,news,Walking pad,Fitness,17.65,0.34,0.51,26,0.43,0.32,1
2026-07-03,IN,search,Millet snacks,Food,44.22,0.41,0.8,22,0.31,0.23,1
2026-07-03,IN,reddit,Millet snacks,Food,34.87,0.4,0.75,22,0.31,0.23,1
2026-07-03,IN,youtube,Millet snacks,Food,58.13,0.48,0.72,22,0.31,0.23,1
2026-07-03,IN,marketplace,Millet snacks,Food,39.24,0.42,0.75,22,0.31,0.23,1
2026-07-03,IN,news,Millet snacks,Food,25.72,0.4,0.76,22,0.31,0.23,1
2026-07-03,IN,search,Portable blender,Home,27.89,0.28,0.5,26,0.43,0.32,1
2026-07-03,IN,reddit,Portable blender,Home,20.98,0.35,0.45,26,0.43,0.32,1
2026-07-03,IN,youtube,Portable blender,Home,37.02,0.31,0.51,26,0.43,0.32,1
2026-07-03,IN,marketplace,Portable blender,Home,25.42,0.34,0.47,26,0.43,0.32,1
2026-07-03,IN,news,Portable blender,Home,15.31,0.3,0.45,26,0.43,0.32,1
2026-07-04,US,search,Waterless skincare,Beauty,43.66,0.53,0.67,22,0.31,0.23,1
2026-07-04,US,reddit,Waterless skincare,Beauty,30.62,0.53,0.67,22,0.31,0.23,1
2026-07-04,US,youtube,Waterless skincare,Beauty,52.26,0.49,0.7,22,0.31,0.23,1
2026-07-04,US,marketplace,Waterless skincare,Beauty,38.47,0.58,0.67,22,0.31,0.23,1
2026-07-04,US,news,Waterless skincare,Beauty,22.44,0.53,0.68,22,0.31,0.23,1
2026-07-04,US,search,Smart hydration bottle,Electronics,46.28,0.42,0.68,22,0.31,0.23,1
2026-07-04,US,reddit,Smart hydration bottle,Electronics,31.93,0.43,0.68,22,0.31,0.23,1
2026-07-04,US,youtube,Smart hydration bottle,Electronics,59.33,0.42,0.68,22,0.31,0.23,1
2026-07-04,US,marketplace,Smart hydration bottle,Electronics,42.39,0.49,0.68,22,0.31,0.23,1
2026-07-04,US,news,Smart hydration bottle,Electronics,23.5,0.42,0.71,22,0.31,0.23,1
2026-07-04,US,search,Walking pad,Fitness,34.91,0.42,0.58,26,0.44,0.33,1
2026-07-04,US,reddit,Walking pad,Fitness,27.79,0.4,0.6,26,0.44,0.33,1
2026-07-04,US,youtube,Walking pad,Fitness,45.73,0.33,0.58,26,0.44,0.33,1
2026-07-04,US,marketplace,Walking pad,Fitness,34.34,0.36,0.5,26,0.44,0.33,1
2026-07-04,US,news,Walking pad,Fitness,19.03,0.34,0.51,26,0.44,0.33,1
2026-07-04,US,search,Millet snacks,Food,38.06,0.48,0.79,22,0.31,0.23,1
2026-07-04,US,reddit,Millet snacks,Food,25.98,0.47,0.8,22,0.31,0.23,1
2026-07-04,US,youtube,Millet snacks,Food,46.03,0.4,0.77,22,0.31,0.23,1
2026-07-04,US,marketplace,Millet snacks,Food,29.93,0.42,0.73,22,0.31,0.23,1
2026-07-04,US,news,Millet snacks,Food,19.86,0.47,0.72,22,0.31,0.23,1
2026-07-04,US,search,Portable blender,Home,30.04,0.35,0.5,26,0.44,0.33,1
2026-07-04,US,reddit,Portable blender,Home,22.07,0.27,0.51,26,0.44,0.33,1
2026-07-04,US,youtube,Portable blender,Home,40.91,0.29,0.45,26,0.44,0.33,1
2026-07-04,US,marketplace,Portable blender,Home,26.61,0.26,0.45,26,0.44,0.33,1
2026-07-04,US,news,Portable blender,Home,16.32,0.28,0.44,26,0.44,0.33,1
2026-07-04,GB,search,Waterless skincare,Beauty,45.37,0.52,0.68,22,0.31,0.23,1
2026-07-04,GB,reddit,Waterless skincare,Beauty,31.97,0.56,0.74,22,0.31,0.23,1
2026-07-04,GB,youtube,Waterless skincare,Beauty,53.97,0.58,0.68,22,0.31,0.23,1
2026-07-04,GB,marketplace,Waterless skincare,Beauty,40.97,0.56,0.71,22,0.31,0.23,1
2026-07-04,GB,news,Waterless skincare,Beauty,23.69,0.47,0.67,22,0.31,0.23,1
2026-07-04,GB,search,Smart hydration bottle,Electronics,34.85,0.48,0.64,22,0.31,0.23,1
2026-07-04,GB,reddit,Smart hydration bottle,Electronics,29.43,0.48,0.72,22,0.31,0.23,1
2026-07-04,GB,youtube,Smart hydration bottle,Electronics,46.95,0.51,0.68,22,0.31,0.23,1
2026-07-04,GB,marketplace,Smart hydration bottle,Electronics,32.76,0.51,0.66,22,0.31,0.23,1
2026-07-04,GB,news,Smart hydration bottle,Electronics,20.59,0.48,0.67,22,0.31,0.23,1
2026-07-04,GB,search,Walking pad,Fitness,36.26,0.36,0.59,26,0.44,0.33,1
2026-07-04,GB,reddit,Walking pad,Fitness,29.11,0.39,0.51,26,0.44,0.33,1
2026-07-04,GB,youtube,Walking pad,Fitness,48.85,0.43,0.59,26,0.44,0.33,1
2026-07-04,GB,marketplace,Walking pad,Fitness,32.73,0.34,0.55,26,0.44,0.33,1
2026-07-04,GB,news,Walking pad,Fitness,18.67,0.4,0.54,26,0.44,0.33,1
2026-07-04,GB,search,Millet snacks,Food,35.71,0.5,0.81,22,0.31,0.23,1
2026-07-04,GB,reddit,Millet snacks,Food,24.77,0.38,0.74,22,0.31,0.23,1
2026-07-04,GB,youtube,Millet snacks,Food,49.45,0.39,0.75,22,0.31,0.23,1
2026-07-04,GB,marketplace,Millet snacks,Food,29.43,0.43,0.78,22,0.31,0.23,1
2026-07-04,GB,news,Millet snacks,Food,19.93,0.49,0.79,22,0.31,0.23,1
2026-07-04,GB,search,Portable blender,Home,30.77,0.26,0.49,26,0.44,0.33,1
2026-07-04,GB,reddit,Portable blender,Home,22.44,0.25,0.45,26,0.44,0.33,1
2026-07-04,GB,youtube,Portable blender,Home,38.17,0.26,0.48,26,0.44,0.33,1
2026-07-04,GB,marketplace,Portable blender,Home,26.12,0.27,0.52,26,0.44,0.33,1
2026-07-04,GB,news,Portable blender,Home,14.91,0.25,0.45,26,0.44,0.33,1
2026-07-04,EU,search,Waterless skincare,Beauty,48.04,0.51,0.7,22,0.31,0.23,1
2026-07-04,EU,reddit,Waterless skincare,Beauty,32.34,0.55,0.67,22,0.31,0.23,1
2026-07-04,EU,youtube,Waterless skincare,Beauty,57.18,0.48,0.74,22,0.31,0.23,1
2026-07-04,EU,marketplace,Waterless skincare,Beauty,40.54,0.57,0.68,22,0.31,0.23,1
2026-07-04,EU,news,Waterless skincare,Beauty,23.12,0.57,0.67,22,0.31,0.23,1
2026-07-04,EU,search,Smart hydration bottle,Electronics,34.84,0.44,0.64,22,0.31,0.23,1
2026-07-04,EU,reddit,Smart hydration bottle,Electronics,25.4,0.48,0.65,22,0.31,0.23,1
2026-07-04,EU,youtube,Smart hydration bottle,Electronics,47.6,0.5,0.67,22,0.31,0.23,1
2026-07-04,EU,marketplace,Smart hydration bottle,Electronics,31.5,0.43,0.63,22,0.31,0.23,1
2026-07-04,EU,news,Smart hydration bottle,Electronics,20.02,0.48,0.71,22,0.31,0.23,1
2026-07-04,EU,search,Walking pad,Fitness,33.61,0.32,0.51,26,0.44,0.33,1
2026-07-04,EU,reddit,Walking pad,Fitness,24.54,0.31,0.6,26,0.44,0.33,1
2026-07-04,EU,youtube,Walking pad,Fitness,44.49,0.35,0.58,26,0.44,0.33,1
2026-07-04,EU,marketplace,Walking pad,Fitness,28.78,0.41,0.51,26,0.44,0.33,1
2026-07-04,EU,news,Walking pad,Fitness,17.26,0.42,0.57,26,0.44,0.33,1
2026-07-04,EU,search,Millet snacks,Food,34.9,0.44,0.79,22,0.31,0.23,1
2026-07-04,EU,reddit,Millet snacks,Food,26.7,0.47,0.77,22,0.31,0.23,1
2026-07-04,EU,youtube,Millet snacks,Food,45.86,0.44,0.78,22,0.31,0.23,1
2026-07-04,EU,marketplace,Millet snacks,Food,30.19,0.5,0.81,22,0.31,0.23,1
2026-07-04,EU,news,Millet snacks,Food,20.16,0.48,0.76,22,0.31,0.23,1
2026-07-04,EU,search,Portable blender,Home,31.14,0.27,0.45,26,0.44,0.33,1
2026-07-04,EU,reddit,Portable blender,Home,21.95,0.35,0.51,26,0.44,0.33,1
2026-07-04,EU,youtube,Portable blender,Home,44.94,0.3,0.5,26,0.44,0.33,1
2026-07-04,EU,marketplace,Portable blender,Home,27.12,0.25,0.44,26,0.44,0.33,1
2026-07-04,EU,news,Portable blender,Home,17.98,0.35,0.44,26,0.44,0.33,1
2026-07-04,IN,search,Waterless skincare,Beauty,43.91,0.57,0.7,22,0.31,0.23,1
2026-07-04,IN,reddit,Waterless skincare,Beauty,35.7,0.53,0.71,22,0.31,0.23,1
2026-07-04,IN,youtube,Waterless skincare,Beauty,60.71,0.52,0.75,22,0.31,0.23,1
2026-07-04,IN,marketplace,Waterless skincare,Beauty,44.6,0.5,0.77,22,0.31,0.23,1
2026-07-04,IN,news,Waterless skincare,Beauty,24.48,0.49,0.75,22,0.31,0.23,1
2026-07-04,IN,search,Smart hydration bottle,Electronics,34.92,0.46,0.66,22,0.31,0.23,1
2026-07-04,IN,reddit,Smart hydration bottle,Electronics,27.08,0.46,0.63,22,0.31,0.23,1
2026-07-04,IN,youtube,Smart hydration bottle,Electronics,49.33,0.53,0.69,22,0.31,0.23,1
2026-07-04,IN,marketplace,Smart hydration bottle,Electronics,32.55,0.48,0.7,22,0.31,0.23,1
2026-07-04,IN,news,Smart hydration bottle,Electronics,21.66,0.47,0.64,22,0.31,0.23,1
2026-07-04,IN,search,Walking pad,Fitness,29.85,0.31,0.51,26,0.44,0.33,1
2026-07-04,IN,reddit,Walking pad,Fitness,25.16,0.39,0.58,26,0.44,0.33,1
2026-07-04,IN,youtube,Walking pad,Fitness,44.23,0.37,0.51,26,0.44,0.33,1
2026-07-04,IN,marketplace,Walking pad,Fitness,28.69,0.42,0.57,26,0.44,0.33,1
2026-07-04,IN,news,Walking pad,Fitness,17.55,0.38,0.58,26,0.44,0.33,1
2026-07-04,IN,search,Millet snacks,Food,48.25,0.4,0.8,22,0.31,0.23,1
2026-07-04,IN,reddit,Millet snacks,Food,32.25,0.44,0.76,22,0.31,0.23,1
2026-07-04,IN,youtube,Millet snacks,Food,57.45,0.41,0.74,22,0.31,0.23,1
2026-07-04,IN,marketplace,Millet snacks,Food,38.68,0.41,0.8,22,0.31,0.23,1
2026-07-04,IN,news,Millet snacks,Food,25.38,0.4,0.74,22,0.31,0.23,1
2026-07-04,IN,search,Portable blender,Home,30.88,0.26,0.53,26,0.44,0.33,1
2026-07-04,IN,reddit,Portable blender,Home,20.31,0.27,0.45,26,0.44,0.33,1
2026-07-04,IN,youtube,Portable blender,Home,36.99,0.33,0.53,26,0.44,0.33,1
2026-07-04,IN,marketplace,Portable blender,Home,26.33,0.27,0.48,26,0.44,0.33,1
2026-07-04,IN,news,Portable blender,Home,16.39,0.35,0.49,26,0.44,0.33,1
2026-07-05,US,search,Waterless skincare,Beauty,42.5,0.58,0.7,22,0.31,0.23,1
2026-07-05,US,reddit,Waterless skincare,Beauty,28.58,0.54,0.76,22,0.31,0.23,1
2026-07-05,US,youtube,Waterless skincare,Beauty,52.19,0.46,0.72,22,0.31,0.23,1
2026-07-05,US,marketplace,Waterless skincare,Beauty,35.09,0.47,0.71,22,0.31,0.23,1
2026-07-05,US,news,Waterless skincare,Beauty,20.98,0.47,0.73,22,0.31,0.23,1
2026-07-05,US,search,Smart hydration bottle,Electronics,44.58,0.47,0.63,22,0.31,0.23,1
2026-07-05,US,reddit,Smart hydration bottle,Electronics,34.38,0.5,0.65,22,0.31,0.23,1
2026-07-05,US,youtube,Smart hydration bottle,Electronics,64.06,0.43,0.7,22,0.31,0.23,1
2026-07-05,US,marketplace,Smart hydration bottle,Electronics,42.38,0.47,0.67,22,0.31,0.23,1
2026-07-05,US,news,Smart hydration bottle,Electronics,23.16,0.49,0.66,22,0.31,0.23,1
2026-07-05,US,search,Walking pad,Fitness,35.68,0.35,0.55,26,0.44,0.33,1
2026-07-05,US,reddit,Walking pad,Fitness,26.38,0.4,0.52,26,0.44,0.33,1
2026-07-05,US,youtube,Walking pad,Fitness,50.06,0.41,0.59,26,0.44,0.33,1
2026-07-05,US,marketplace,Walking pad,Fitness,33.1,0.34,0.57,26,0.44,0.33,1
2026-07-05,US,news,Walking pad,Fitness,20.82,0.34,0.52,26,0.44,0.33,1
2026-07-05,US,search,Millet snacks,Food,33.67,0.43,0.81,22,0.31,0.23,1
2026-07-05,US,reddit,Millet snacks,Food,27.89,0.41,0.79,22,0.31,0.23,1
2026-07-05,US,youtube,Millet snacks,Food,44.66,0.45,0.74,22,0.31,0.23,1
2026-07-05,US,marketplace,Millet snacks,Food,29.69,0.44,0.78,22,0.31,0.23,1
2026-07-05,US,news,Millet snacks,Food,19.83,0.4,0.78,22,0.31,0.23,1
2026-07-05,US,search,Portable blender,Home,28.76,0.25,0.45,26,0.44,0.33,1
2026-07-05,US,reddit,Portable blender,Home,21.77,0.29,0.48,26,0.44,0.33,1
2026-07-05,US,youtube,Portable blender,Home,38.38,0.26,0.52,26,0.44,0.33,1
2026-07-05,US,marketplace,Portable blender,Home,26.85,0.32,0.44,26,0.44,0.33,1
2026-07-05,US,news,Portable blender,Home,15.75,0.35,0.47,26,0.44,0.33,1
2026-07-05,GB,search,Waterless skincare,Beauty,45.56,0.52,0.75,22,0.31,0.23,1
2026-07-05,GB,reddit,Waterless skincare,Beauty,32.9,0.51,0.71,22,0.31,0.23,1
2026-07-05,GB,youtube,Waterless skincare,Beauty,59.18,0.51,0.69,22,0.31,0.23,1
2026-07-05,GB,marketplace,Waterless skincare,Beauty,36.4,0.58,0.77,22,0.31,0.23,1
2026-07-05,GB,news,Waterless skincare,Beauty,23.86,0.51,0.77,22,0.31,0.23,1
2026-07-05,GB,search,Smart hydration bottle,Electronics,38.49,0.47,0.72,22,0.31,0.23,1
2026-07-05,GB,reddit,Smart hydration bottle,Electronics,26.62,0.49,0.68,22,0.31,0.23,1
2026-07-05,GB,youtube,Smart hydration bottle,Electronics,51.8,0.49,0.69,22,0.31,0.23,1
2026-07-05,GB,marketplace,Smart hydration bottle,Electronics,33.65,0.46,0.63,22,0.31,0.23,1
2026-07-05,GB,news,Smart hydration bottle,Electronics,21.51,0.43,0.68,22,0.31,0.23,1
2026-07-05,GB,search,Walking pad,Fitness,36.06,0.37,0.53,26,0.44,0.33,1
2026-07-05,GB,reddit,Walking pad,Fitness,25.7,0.34,0.59,26,0.44,0.33,1
2026-07-05,GB,youtube,Walking pad,Fitness,50.8,0.34,0.53,26,0.44,0.33,1
2026-07-05,GB,marketplace,Walking pad,Fitness,32.08,0.4,0.54,26,0.44,0.33,1
2026-07-05,GB,news,Walking pad,Fitness,18.86,0.32,0.51,26,0.44,0.33,1
2026-07-05,GB,search,Millet snacks,Food,36.11,0.43,0.74,22,0.31,0.23,1
2026-07-05,GB,reddit,Millet snacks,Food,26.89,0.42,0.75,22,0.31,0.23,1
2026-07-05,GB,youtube,Millet snacks,Food,47.33,0.4,0.81,22,0.31,0.23,1
2026-07-05,GB,marketplace,Millet snacks,Food,31.93,0.41,0.74,22,0.31,0.23,1
2026-07-05,GB,news,Millet snacks,Food,19.93,0.47,0.72,22,0.31,0.23,1
2026-07-05,GB,search,Portable blender,Home,29.53,0.29,0.45,26,0.44,0.33,1
2026-07-05,GB,reddit,Portable blender,Home,21.67,0.3,0.48,26,0.44,0.33,1
2026-07-05,GB,youtube,Portable blender,Home,36.03,0.32,0.45,26,0.44,0.33,1
2026-07-05,GB,marketplace,Portable blender,Home,24.82,0.32,0.51,26,0.44,0.33,1
2026-07-05,GB,news,Portable blender,Home,15.78,0.34,0.51,26,0.44,0.33,1
2026-07-05,EU,search,Waterless skincare,Beauty,46.31,0.52,0.7,22,0.31,0.23,1
2026-07-05,EU,reddit,Waterless skincare,Beauty,35.1,0.52,0.77,22,0.31,0.23,1
2026-07-05,EU,youtube,Waterless skincare,Beauty,59.81,0.56,0.67,22,0.31,0.23,1
2026-07-05,EU,marketplace,Waterless skincare,Beauty,42.37,0.56,0.77,22,0.31,0.23,1
2026-07-05,EU,news,Waterless skincare,Beauty,23.59,0.48,0.76,22,0.31,0.23,1
2026-07-05,EU,search,Smart hydration bottle,Electronics,35.15,0.49,0.66,22,0.31,0.23,1
2026-07-05,EU,reddit,Smart hydration bottle,Electronics,28.23,0.44,0.72,22,0.31,0.23,1
2026-07-05,EU,youtube,Smart hydration bottle,Electronics,46.14,0.46,0.66,22,0.31,0.23,1
2026-07-05,EU,marketplace,Smart hydration bottle,Electronics,33.61,0.48,0.63,22,0.31,0.23,1
2026-07-05,EU,news,Smart hydration bottle,Electronics,21.1,0.47,0.64,22,0.31,0.23,1
2026-07-05,EU,search,Walking pad,Fitness,32.14,0.41,0.54,26,0.44,0.33,1
2026-07-05,EU,reddit,Walking pad,Fitness,24.95,0.33,0.51,26,0.44,0.33,1
2026-07-05,EU,youtube,Walking pad,Fitness,43.21,0.32,0.54,26,0.44,0.33,1
2026-07-05,EU,marketplace,Walking pad,Fitness,29.31,0.38,0.59,26,0.44,0.33,1
2026-07-05,EU,news,Walking pad,Fitness,16.05,0.32,0.53,26,0.44,0.33,1
2026-07-05,EU,search,Millet snacks,Food,36.37,0.4,0.8,22,0.31,0.23,1
2026-07-05,EU,reddit,Millet snacks,Food,25.61,0.39,0.72,22,0.31,0.23,1
2026-07-05,EU,youtube,Millet snacks,Food,47.49,0.47,0.77,22,0.31,0.23,1
2026-07-05,EU,marketplace,Millet snacks,Food,30.7,0.46,0.75,22,0.31,0.23,1
2026-07-05,EU,news,Millet snacks,Food,19.59,0.39,0.77,22,0.31,0.23,1
2026-07-05,EU,search,Portable blender,Home,30.42,0.35,0.51,26,0.44,0.33,1
2026-07-05,EU,reddit,Portable blender,Home,24.61,0.32,0.49,26,0.44,0.33,1
2026-07-05,EU,youtube,Portable blender,Home,43.19,0.24,0.48,26,0.44,0.33,1
2026-07-05,EU,marketplace,Portable blender,Home,26.25,0.31,0.51,26,0.44,0.33,1
2026-07-05,EU,news,Portable blender,Home,17.32,0.33,0.46,26,0.44,0.33,1
2026-07-05,IN,search,Waterless skincare,Beauty,45.47,0.46,0.68,22,0.31,0.23,1
2026-07-05,IN,reddit,Waterless skincare,Beauty,33.33,0.51,0.69,22,0.31,0.23,1
2026-07-05,IN,youtube,Waterless skincare,Beauty,62.83,0.54,0.67,22,0.31,0.23,1
2026-07-05,IN,marketplace,Waterless skincare,Beauty,44.18,0.53,0.74,22,0.31,0.23,1
2026-07-05,IN,news,Waterless skincare,Beauty,26.7,0.52,0.67,22,0.31,0.23,1
2026-07-05,IN,search,Smart hydration bottle,Electronics,35.37,0.47,0.71,22,0.31,0.23,1
2026-07-05,IN,reddit,Smart hydration bottle,Electronics,28.79,0.47,0.72,22,0.31,0.23,1
2026-07-05,IN,youtube,Smart hydration bottle,Electronics,47.53,0.42,0.7,22,0.31,0.23,1
2026-07-05,IN,marketplace,Smart hydration bottle,Electronics,31.71,0.49,0.73,22,0.31,0.23,1
2026-07-05,IN,news,Smart hydration bottle,Electronics,19.5,0.52,0.7,22,0.31,0.23,1
2026-07-05,IN,search,Walking pad,Fitness,33.24,0.38,0.6,26,0.44,0.33,1
2026-07-05,IN,reddit,Walking pad,Fitness,22.85,0.37,0.51,26,0.44,0.33,1
2026-07-05,IN,youtube,Walking pad,Fitness,40.81,0.35,0.52,26,0.44,0.33,1
2026-07-05,IN,marketplace,Walking pad,Fitness,28.2,0.36,0.59,26,0.44,0.33,1
2026-07-05,IN,news,Walking pad,Fitness,18.33,0.31,0.58,26,0.44,0.33,1
2026-07-05,IN,search,Millet snacks,Food,45.27,0.46,0.78,22,0.31,0.23,1
2026-07-05,IN,reddit,Millet snacks,Food,33.1,0.42,0.8,22,0.31,0.23,1
2026-07-05,IN,youtube,Millet snacks,Food,60.72,0.38,0.78,22,0.31,0.23,1
2026-07-05,IN,marketplace,Millet snacks,Food,41.44,0.41,0.79,22,0.31,0.23,1
2026-07-05,IN,news,Millet snacks,Food,23.47,0.48,0.81,22,0.31,0.23,1
2026-07-05,IN,search,Portable blender,Home,27.39,0.33,0.47,26,0.44,0.33,1
2026-07-05,IN,reddit,Portable blender,Home,20.17,0.35,0.49,26,0.44,0.33,1
2026-07-05,IN,youtube,Portable blender,Home,40.24,0.3,0.51,26,0.44,0.33,1
2026-07-05,IN,marketplace,Portable blender,Home,25.0,0.31,0.43,26,0.44,0.33,1
2026-07-05,IN,news,Portable blender,Home,16.48,0.32,0.47,26,0.44,0.33,1
2026-07-06,US,search,Waterless skincare,Beauty,40.33,0.54,0.69,22,0.31,0.23,1
2026-07-06,US,reddit,Waterless skincare,Beauty,32.01,0.57,0.71,22,0.31,0.23,1
2026-07-06,US,youtube,Waterless skincare,Beauty,56.84,0.57,0.68,22,0.31,0.23,1
2026-07-06,US,marketplace,Waterless skincare,Beauty,35.7,0.55,0.75,22,0.31,0.23,1
2026-07-06,US,news,Waterless skincare,Beauty,23.61,0.56,0.71,22,0.31,0.23,1
2026-07-06,US,search,Smart hydration bottle,Electronics,41.12,0.53,0.65,22,0.31,0.23,1
2026-07-06,US,reddit,Smart hydration bottle,Electronics,32.51,0.53,0.73,22,0.31,0.23,1
2026-07-06,US,youtube,Smart hydration bottle,Electronics,60.89,0.51,0.72,22,0.31,0.23,1
2026-07-06,US,marketplace,Smart hydration bottle,Electronics,37.85,0.52,0.7,22,0.31,0.23,1
2026-07-06,US,news,Smart hydration bottle,Electronics,24.96,0.49,0.72,22,0.31,0.23,1
2026-07-06,US,search,Walking pad,Fitness,35.58,0.34,0.59,27,0.44,0.33,1
2026-07-06,US,reddit,Walking pad,Fitness,26.41,0.33,0.5,27,0.44,0.33,1
2026-07-06,US,youtube,Walking pad,Fitness,50.27,0.4,0.56,27,0.44,0.33,1
2026-07-06,US,marketplace,Walking pad,Fitness,33.05,0.4,0.53,27,0.44,0.33,1
2026-07-06,US,news,Walking pad,Fitness,18.62,0.32,0.54,27,0.44,0.33,1
2026-07-06,US,search,Millet snacks,Food,33.07,0.44,0.75,22,0.31,0.23,1
2026-07-06,US,reddit,Millet snacks,Food,27.53,0.45,0.75,22,0.31,0.23,1
2026-07-06,US,youtube,Millet snacks,Food,46.11,0.46,0.73,22,0.31,0.23,1
2026-07-06,US,marketplace,Millet snacks,Food,32.41,0.49,0.8,22,0.31,0.23,1
2026-07-06,US,news,Millet snacks,Food,18.63,0.44,0.72,22,0.31,0.23,1
2026-07-06,US,search,Portable blender,Home,27.8,0.33,0.52,27,0.44,0.33,1
2026-07-06,US,reddit,Portable blender,Home,20.7,0.29,0.46,27,0.44,0.33,1
2026-07-06,US,youtube,Portable blender,Home,41.12,0.29,0.51,27,0.44,0.33,1
2026-07-06,US,marketplace,Portable blender,Home,25.95,0.29,0.53,27,0.44,0.33,1
2026-07-06,US,news,Portable blender,Home,15.28,0.26,0.46,27,0.44,0.33,1
2026-07-06,GB,search,Waterless skincare,Beauty,43.91,0.57,0.68,22,0.31,0.23,1
2026-07-06,GB,reddit,Waterless skincare,Beauty,32.05,0.47,0.71,22,0.31,0.23,1
2026-07-06,GB,youtube,Waterless skincare,Beauty,57.25,0.56,0.68,22,0.31,0.23,1
2026-07-06,GB,marketplace,Waterless skincare,Beauty,38.7,0.55,0.72,22,0.31,0.23,1
2026-07-06,GB,news,Waterless skincare,Beauty,22.04,0.5,0.69,22,0.31,0.23,1
2026-07-06,GB,search,Smart hydration bottle,Electronics,38.26,0.49,0.71,22,0.31,0.23,1
2026-07-06,GB,reddit,Smart hydration bottle,Electronics,28.54,0.47,0.65,22,0.31,0.23,1
2026-07-06,GB,youtube,Smart hydration bottle,Electronics,48.41,0.43,0.71,22,0.31,0.23,1
2026-07-06,GB,marketplace,Smart hydration bottle,Electronics,32.51,0.5,0.73,22,0.31,0.23,1
2026-07-06,GB,news,Smart hydration bottle,Electronics,20.81,0.47,0.68,22,0.31,0.23,1
2026-07-06,GB,search,Walking pad,Fitness,33.94,0.35,0.54,27,0.44,0.33,1
2026-07-06,GB,reddit,Walking pad,Fitness,25.02,0.33,0.58,27,0.44,0.33,1
2026-07-06,GB,youtube,Walking pad,Fitness,47.99,0.35,0.58,27,0.44,0.33,1
2026-07-06,GB,marketplace,Walking pad,Fitness,33.3,0.36,0.6,27,0.44,0.33,1
2026-07-06,GB,news,Walking pad,Fitness,20.35,0.36,0.57,27,0.44,0.33,1
2026-07-06,GB,search,Millet snacks,Food,33.08,0.44,0.74,22,0.31,0.23,1
2026-07-06,GB,reddit,Millet snacks,Food,24.85,0.38,0.73,22,0.31,0.23,1
2026-07-06,GB,youtube,Millet snacks,Food,46.13,0.48,0.79,22,0.31,0.23,1
2026-07-06,GB,marketplace,Millet snacks,Food,31.02,0.42,0.76,22,0.31,0.23,1
2026-07-06,GB,news,Millet snacks,Food,18.1,0.38,0.77,22,0.31,0.23,1
2026-07-06,GB,search,Portable blender,Home,27.72,0.33,0.47,27,0.44,0.33,1
2026-07-06,GB,reddit,Portable blender,Home,21.37,0.35,0.52,27,0.44,0.33,1
2026-07-06,GB,youtube,Portable blender,Home,36.63,0.3,0.46,27,0.44,0.33,1
2026-07-06,GB,marketplace,Portable blender,Home,23.92,0.28,0.46,27,0.44,0.33,1
2026-07-06,GB,news,Portable blender,Home,14.54,0.31,0.47,27,0.44,0.33,1
2026-07-06,EU,search,Waterless skincare,Beauty,42.86,0.52,0.68,22,0.31,0.23,1
2026-07-06,EU,reddit,Waterless skincare,Beauty,35.09,0.48,0.7,22,0.31,0.23,1
2026-07-06,EU,youtube,Waterless skincare,Beauty,62.24,0.58,0.71,22,0.31,0.23,1
2026-07-06,EU,marketplace,Waterless skincare,Beauty,39.76,0.48,0.73,22,0.31,0.23,1
2026-07-06,EU,news,Waterless skincare,Beauty,23.61,0.52,0.74,22,0.31,0.23,1
2026-07-06,EU,search,Smart hydration bottle,Electronics,37.58,0.49,0.67,22,0.31,0.23,1
2026-07-06,EU,reddit,Smart hydration bottle,Electronics,27.56,0.42,0.66,22,0.31,0.23,1
2026-07-06,EU,youtube,Smart hydration bottle,Electronics,51.29,0.48,0.67,22,0.31,0.23,1
2026-07-06,EU,marketplace,Smart hydration bottle,Electronics,33.11,0.44,0.7,22,0.31,0.23,1
2026-07-06,EU,news,Smart hydration bottle,Electronics,20.51,0.51,0.66,22,0.31,0.23,1
2026-07-06,EU,search,Walking pad,Fitness,30.2,0.31,0.55,27,0.44,0.33,1
2026-07-06,EU,reddit,Walking pad,Fitness,24.23,0.4,0.55,27,0.44,0.33,1
2026-07-06,EU,youtube,Walking pad,Fitness,42.11,0.4,0.6,27,0.44,0.33,1
2026-07-06,EU,marketplace,Walking pad,Fitness,27.1,0.41,0.54,27,0.44,0.33,1
2026-07-06,EU,news,Walking pad,Fitness,16.4,0.31,0.52,27,0.44,0.33,1
2026-07-06,EU,search,Millet snacks,Food,34.77,0.42,0.76,22,0.31,0.23,1
2026-07-06,EU,reddit,Millet snacks,Food,26.36,0.44,0.8,22,0.31,0.23,1
2026-07-06,EU,youtube,Millet snacks,Food,45.93,0.42,0.74,22,0.31,0.23,1
2026-07-06,EU,marketplace,Millet snacks,Food,30.35,0.39,0.78,22,0.31,0.23,1
2026-07-06,EU,news,Millet snacks,Food,17.48,0.48,0.76,22,0.31,0.23,1
2026-07-06,EU,search,Portable blender,Home,29.07,0.26,0.45,27,0.44,0.33,1
2026-07-06,EU,reddit,Portable blender,Home,22.62,0.34,0.48,27,0.44,0.33,1
2026-07-06,EU,youtube,Portable blender,Home,39.59,0.24,0.45,27,0.44,0.33,1
2026-07-06,EU,marketplace,Portable blender,Home,29.23,0.25,0.44,27,0.44,0.33,1
2026-07-06,EU,news,Portable blender,Home,17.44,0.34,0.51,27,0.44,0.33,1
2026-07-06,IN,search,Waterless skincare,Beauty,47.12,0.52,0.73,22,0.31,0.23,1
2026-07-06,IN,reddit,Waterless skincare,Beauty,36.88,0.47,0.69,22,0.31,0.23,1
2026-07-06,IN,youtube,Waterless skincare,Beauty,64.73,0.48,0.76,22,0.31,0.23,1
2026-07-06,IN,marketplace,Waterless skincare,Beauty,40.78,0.49,0.75,22,0.31,0.23,1
2026-07-06,IN,news,Waterless skincare,Beauty,25.04,0.53,0.67,22,0.31,0.23,1
2026-07-06,IN,search,Smart hydration bottle,Electronics,35.36,0.43,0.67,22,0.31,0.23,1
2026-07-06,IN,reddit,Smart hydration bottle,Electronics,28.09,0.44,0.72,22,0.31,0.23,1
2026-07-06,IN,youtube,Smart hydration bottle,Electronics,47.76,0.42,0.65,22,0.31,0.23,1
2026-07-06,IN,marketplace,Smart hydration bottle,Electronics,32.93,0.53,0.69,22,0.31,0.23,1
2026-07-06,IN,news,Smart hydration bottle,Electronics,20.51,0.43,0.73,22,0.31,0.23,1
2026-07-06,IN,search,Walking pad,Fitness,30.26,0.39,0.53,27,0.44,0.33,1
2026-07-06,IN,reddit,Walking pad,Fitness,24.54,0.31,0.55,27,0.44,0.33,1
2026-07-06,IN,youtube,Walking pad,Fitness,44.41,0.36,0.59,27,0.44,0.33,1
2026-07-06,IN,marketplace,Walking pad,Fitness,29.18,0.42,0.58,27,0.44,0.33,1
2026-07-06,IN,news,Walking pad,Fitness,16.2,0.42,0.54,27,0.44,0.33,1
2026-07-06,IN,search,Millet snacks,Food,46.4,0.49,0.78,22,0.31,0.23,1
2026-07-06,IN,reddit,Millet snacks,Food,35.56,0.41,0.73,22,0.31,0.23,1
2026-07-06,IN,youtube,Millet snacks,Food,57.63,0.48,0.73,22,0.31,0.23,1
2026-07-06,IN,marketplace,Millet snacks,Food,42.54,0.42,0.73,22,0.31,0.23,1
2026-07-06,IN,news,Millet snacks,Food,23.23,0.48,0.73,22,0.31,0.23,1
2026-07-06,IN,search,Portable blender,Home,27.57,0.29,0.53,27,0.44,0.33,1
2026-07-06,IN,reddit,Portable blender,Home,22.58,0.24,0.45,27,0.44,0.33,1
2026-07-06,IN,youtube,Portable blender,Home,38.74,0.32,0.51,27,0.44,0.33,1
2026-07-06,IN,marketplace,Portable blender,Home,24.98,0.24,0.52,27,0.44,0.33,1
2026-07-06,IN,news,Portable blender,Home,15.9,0.31,0.53,27,0.44,0.33,1
2026-07-07,US,search,Waterless skincare,Beauty,39.51,0.54,0.69,23,0.31,0.24,1
2026-07-07,US,reddit,Waterless skincare,Beauty,30.82,0.48,0.74,23,0.31,0.24,1
2026-07-07,US,youtube,Waterless skincare,Beauty,58.44,0.52,0.72,23,0.31,0.24,1
2026-07-07,US,marketplace,Waterless skincare,Beauty,34.35,0.57,0.68,23,0.31,0.24,1
2026-07-07,US,news,Waterless skincare,Beauty,21.93,0.5,0.67,23,0.31,0.24,1
2026-07-07,US,search,Smart hydration bottle,Electronics,46.84,0.48,0.67,23,0.31,0.24,1
2026-07-07,US,reddit,Smart hydration bottle,Electronics,31.21,0.47,0.67,23,0.31,0.24,1
2026-07-07,US,youtube,Smart hydration bottle,Electronics,58.42,0.45,0.65,23,0.31,0.24,1
2026-07-07,US,marketplace,Smart hydration bottle,Electronics,41.53,0.48,0.66,23,0.31,0.24,1
2026-07-07,US,news,Smart hydration bottle,Electronics,25.77,0.49,0.66,23,0.31,0.24,1
2026-07-07,US,search,Walking pad,Fitness,36.09,0.38,0.5,27,0.45,0.34,1
2026-07-07,US,reddit,Walking pad,Fitness,26.98,0.37,0.55,27,0.45,0.34,1
2026-07-07,US,youtube,Walking pad,Fitness,45.78,0.31,0.57,27,0.45,0.34,1
2026-07-07,US,marketplace,Walking pad,Fitness,33.56,0.4,0.58,27,0.45,0.34,1
2026-07-07,US,news,Walking pad,Fitness,17.9,0.31,0.5,27,0.45,0.34,1
2026-07-07,US,search,Millet snacks,Food,35.99,0.39,0.81,23,0.31,0.24,1
2026-07-07,US,reddit,Millet snacks,Food,27.46,0.45,0.73,23,0.31,0.24,1
2026-07-07,US,youtube,Millet snacks,Food,48.96,0.49,0.79,23,0.31,0.24,1
2026-07-07,US,marketplace,Millet snacks,Food,33.4,0.48,0.73,23,0.31,0.24,1
2026-07-07,US,news,Millet snacks,Food,17.96,0.41,0.77,23,0.31,0.24,1
2026-07-07,US,search,Portable blender,Home,26.35,0.26,0.52,27,0.45,0.34,1
2026-07-07,US,reddit,Portable blender,Home,20.69,0.26,0.45,27,0.45,0.34,1
2026-07-07,US,youtube,Portable blender,Home,35.43,0.26,0.47,27,0.45,0.34,1
2026-07-07,US,marketplace,Portable blender,Home,23.74,0.33,0.52,27,0.45,0.34,1
2026-07-07,US,news,Portable blender,Home,16.17,0.28,0.53,27,0.45,0.34,1
2026-07-07,GB,search,Waterless skincare,Beauty,39.97,0.57,0.69,23,0.31,0.24,1
2026-07-07,GB,reddit,Waterless skincare,Beauty,30.97,0.5,0.74,23,0.31,0.24,1
2026-07-07,GB,youtube,Waterless skincare,Beauty,60.22,0.49,0.71,23,0.31,0.24,1
2026-07-07,GB,marketplace,Waterless skincare,Beauty,38.05,0.53,0.73,23,0.31,0.24,1
2026-07-07,GB,news,Waterless skincare,Beauty,23.88,0.48,0.69,23,0.31,0.24,1
2026-07-07,GB,search,Smart hydration bottle,Electronics,37.63,0.44,0.65,23,0.31,0.24,1
2026-07-07,GB,reddit,Smart hydration bottle,Electronics,28.5,0.46,0.65,23,0.31,0.24,1
2026-07-07,GB,youtube,Smart hydration bottle,Electronics,48.41,0.42,0.68,23,0.31,0.24,1
2026-07-07,GB,marketplace,Smart hydration bottle,Electronics,31.91,0.5,0.68,23,0.31,0.24,1
2026-07-07,GB,news,Smart hydration bottle,Electronics,20.33,0.43,0.71,23,0.31,0.24,1
2026-07-07,GB,search,Walking pad,Fitness,36.83,0.4,0.51,27,0.45,0.34,1
2026-07-07,GB,reddit,Walking pad,Fitness,27.96,0.31,0.58,27,0.45,0.34,1
2026-07-07,GB,youtube,Walking pad,Fitness,49.48,0.35,0.59,27,0.45,0.34,1
2026-07-07,GB,marketplace,Walking pad,Fitness,32.36,0.38,0.6,27,0.45,0.34,1
2026-07-07,GB,news,Walking pad,Fitness,18.43,0.34,0.55,27,0.45,0.34,1
2026-07-07,GB,search,Millet snacks,Food,32.76,0.44,0.74,23,0.31,0.24,1
2026-07-07,GB,reddit,Millet snacks,Food,25.19,0.4,0.8,23,0.31,0.24,1
2026-07-07,GB,youtube,Millet snacks,Food,45.42,0.45,0.8,23,0.31,0.24,1
2026-07-07,GB,marketplace,Millet snacks,Food,31.39,0.45,0.8,23,0.31,0.24,1
2026-07-07,GB,news,Millet snacks,Food,18.39,0.5,0.72,23,0.31,0.24,1
2026-07-07,GB,search,Portable blender,Home,26.64,0.28,0.44,27,0.45,0.34,1
2026-07-07,GB,reddit,Portable blender,Home,20.26,0.29,0.45,27,0.45,0.34,1
2026-07-07,GB,youtube,Portable blender,Home,37.38,0.35,0.52,27,0.45,0.34,1
2026-07-07,GB,marketplace,Portable blender,Home,24.47,0.27,0.5,27,0.45,0.34,1
2026-07-07,GB,news,Portable blender,Home,15.46,0.35,0.46,27,0.45,0.34,1
2026-07-07,EU,search,Waterless skincare,Beauty,42.0,0.57,0.74,23,0.31,0.24,1
2026-07-07,EU,reddit,Waterless skincare,Beauty,35.18,0.51,0.71,23,0.31,0.24,1
2026-07-07,EU,youtube,Waterless skincare,Beauty,62.28,0.46,0.73,23,0.31,0.24,1
2026-07-07,EU,marketplace,Waterless skincare,Beauty,38.11,0.55,0.72,23,0.31,0.24,1
2026-07-07,EU,news,Waterless skincare,Beauty,23.67,0.56,0.7,23,0.31,0.24,1
2026-07-07,EU,search,Smart hydration bottle,Electronics,34.12,0.5,0.64,23,0.31,0.24,1
2026-07-07,EU,reddit,Smart hydration bottle,Electronics,27.46,0.52,0.67,23,0.31,0.24,1
2026-07-07,EU,youtube,Smart hydration bottle,Electronics,46.92,0.45,0.7,23,0.31,0.24,1
2026-07-07,EU,marketplace,Smart hydration bottle,Electronics,30.48,0.48,0.64,23,0.31,0.24,1
2026-07-07,EU,news,Smart hydration bottle,Electronics,18.9,0.52,0.68,23,0.31,0.24,1
2026-07-07,EU,search,Walking pad,Fitness,30.33,0.42,0.55,27,0.45,0.34,1
2026-07-07,EU,reddit,Walking pad,Fitness,21.78,0.36,0.6,27,0.45,0.34,1
2026-07-07,EU,youtube,Walking pad,Fitness,40.55,0.4,0.59,27,0.45,0.34,1
2026-07-07,EU,marketplace,Walking pad,Fitness,26.18,0.32,0.55,27,0.45,0.34,1
2026-07-07,EU,news,Walking pad,Fitness,17.31,0.34,0.58,27,0.45,0.34,1
2026-07-07,EU,search,Millet snacks,Food,32.93,0.49,0.79,23,0.31,0.24,1
2026-07-07,EU,reddit,Millet snacks,Food,25.65,0.47,0.81,23,0.31,0.24,1
2026-07-07,EU,youtube,Millet snacks,Food,44.34,0.44,0.76,23,0.31,0.24,1
2026-07-07,EU,marketplace,Millet snacks,Food,30.11,0.46,0.79,23,0.31,0.24,1
2026-07-07,EU,news,Millet snacks,Food,17.79,0.4,0.73,23,0.31,0.24,1
2026-07-07,EU,search,Portable blender,Home,28.86,0.31,0.49,27,0.45,0.34,1
2026-07-07,EU,reddit,Portable blender,Home,22.23,0.28,0.49,27,0.45,0.34,1
2026-07-07,EU,youtube,Portable blender,Home,38.32,0.28,0.5,27,0.45,0.34,1
2026-07-07,EU,marketplace,Portable blender,Home,27.86,0.35,0.46,27,0.45,0.34,1
2026-07-07,EU,news,Portable blender,Home,17.54,0.28,0.48,27,0.45,0.34,1
2026-07-07,IN,search,Waterless skincare,Beauty,47.76,0.55,0.72,23,0.31,0.24,1
2026-07-07,IN,reddit,Waterless skincare,Beauty,36.04,0.52,0.77,23,0.31,0.24,1
2026-07-07,IN,youtube,Waterless skincare,Beauty,60.45,0.51,0.75,23,0.31,0.24,1
2026-07-07,IN,marketplace,Waterless skincare,Beauty,39.23,0.55,0.67,23,0.31,0.24,1
2026-07-07,IN,news,Waterless skincare,Beauty,25.29,0.51,0.68,23,0.31,0.24,1
2026-07-07,IN,search,Smart hydration bottle,Electronics,37.25,0.44,0.66,23,0.31,0.24,1
2026-07-07,IN,reddit,Smart hydration bottle,Electronics,26.52,0.51,0.72,23,0.31,0.24,1
2026-07-07,IN,youtube,Smart hydration bottle,Electronics,51.35,0.42,0.69,23,0.31,0.24,1
2026-07-07,IN,marketplace,Smart hydration bottle,Electronics,31.6,0.43,0.65,23,0.31,0.24,1
2026-07-07,IN,news,Smart hydration bottle,Electronics,19.83,0.51,0.68,23,0.31,0.24,1
2026-07-07,IN,search,Walking pad,Fitness,30.36,0.4,0.59,27,0.45,0.34,1
2026-07-07,IN,reddit,Walking pad,Fitness,22.94,0.4,0.6,27,0.45,0.34,1
2026-07-07,IN,youtube,Walking pad,Fitness,41.54,0.37,0.52,27,0.45,0.34,1
2026-07-07,IN,marketplace,Walking pad,Fitness,28.92,0.41,0.56,27,0.45,0.34,1
2026-07-07,IN,news,Walking pad,Fitness,16.07,0.42,0.58,27,0.45,0.34,1
2026-07-07,IN,search,Millet snacks,Food,42.76,0.41,0.74,23,0.31,0.24,1
2026-07-07,IN,reddit,Millet snacks,Food,33.59,0.45,0.79,23,0.31,0.24,1
2026-07-07,IN,youtube,Millet snacks,Food,60.74,0.46,0.75,23,0.31,0.24,1
2026-07-07,IN,marketplace,Millet snacks,Food,41.75,0.43,0.72,23,0.31,0.24,1
2026-07-07,IN,news,Millet snacks,Food,24.04,0.41,0.79,23,0.31,0.24,1
2026-07-07,IN,search,Portable blender,Home,27.53,0.34,0.53,27,0.45,0.34,1
2026-07-07,IN,reddit,Portable blender,Home,20.7,0.26,0.44,27,0.45,0.34,1
2026-07-07,IN,youtube,Portable blender,Home,39.78,0.31,0.43,27,0.45,0.34,1
2026-07-07,IN,marketplace,Portable blender,Home,24.38,0.24,0.5,27,0.45,0.34,1
2026-07-07,IN,news,Portable blender,Home,14.58,0.26,0.47,27,0.45,0.34,1
2026-07-08,US,search,Waterless skincare,Beauty,38.64,0.53,0.68,23,0.32,0.24,1
2026-07-08,US,reddit,Waterless skincare,Beauty,29.39,0.52,0.68,23,0.32,0.24,1
2026-07-08,US,youtube,Waterless skincare,Beauty,55.14,0.51,0.67,23,0.32,0.24,1
2026-07-08,US,marketplace,Waterless skincare,Beauty,33.99,0.58,0.76,23,0.32,0.24,1
2026-07-08,US,news,Waterless skincare,Beauty,21.07,0.52,0.67,23,0.32,0.24,1
2026-07-08,US,search,Smart hydration bottle,Electronics,43.05,0.46,0.72,23,0.32,0.24,1
2026-07-08,US,reddit,Smart hydration bottle,Electronics,33.88,0.51,0.64,23,0.32,0.24,1
2026-07-08,US,youtube,Smart hydration bottle,Electronics,62.86,0.52,0.67,23,0.32,0.24,1
2026-07-08,US,marketplace,Smart hydration bottle,Electronics,37.74,0.48,0.72,23,0.32,0.24,1
2026-07-08,US,news,Smart hydration bottle,Electronics,22.37,0.48,0.65,23,0.32,0.24,1
2026-07-08,US,search,Walking pad,Fitness,32.99,0.34,0.51,27,0.45,0.34,1
2026-07-08,US,reddit,Walking pad,Fitness,27.11,0.39,0.59,27,0.45,0.34,1
2026-07-08,US,youtube,Walking pad,Fitness,47.8,0.33,0.59,27,0.45,0.34,1
2026-07-08,US,marketplace,Walking pad,Fitness,29.8,0.36,0.5,27,0.45,0.34,1
2026-07-08,US,news,Walking pad,Fitness,20.17,0.38,0.53,27,0.45,0.34,1
2026-07-08,US,search,Millet snacks,Food,32.71,0.43,0.72,23,0.32,0.24,1
2026-07-08,US,reddit,Millet snacks,Food,24.92,0.39,0.74,23,0.32,0.24,1
2026-07-08,US,youtube,Millet snacks,Food,49.45,0.41,0.8,23,0.32,0.24,1
2026-07-08,US,marketplace,Millet snacks,Food,29.89,0.4,0.76,23,0.32,0.24,1
2026-07-08,US,news,Millet snacks,Food,20.13,0.44,0.76,23,0.32,0.24,1
2026-07-08,US,search,Portable blender,Home,27.58,0.35,0.43,27,0.45,0.34,1
2026-07-08,US,reddit,Portable blender,Home,21.97,0.26,0.46,27,0.45,0.34,1
2026-07-08,US,youtube,Portable blender,Home,36.56,0.31,0.43,27,0.45,0.34,1
2026-07-08,US,marketplace,Portable blender,Home,24.32,0.29,0.44,27,0.45,0.34,1
2026-07-08,US,news,Portable blender,Home,14.97,0.28,0.48,27,0.45,0.34,1
2026-07-08,GB,search,Waterless skincare,Beauty,41.72,0.58,0.75,23,0.32,0.24,1
2026-07-08,GB,reddit,Waterless skincare,Beauty,31.53,0.53,0.69,23,0.32,0.24,1
2026-07-08,GB,youtube,Waterless skincare,Beauty,55.2,0.48,0.76,23,0.32,0.24,1
2026-07-08,GB,marketplace,Waterless skincare,Beauty,36.73,0.49,0.7,23,0.32,0.24,1
2026-07-08,GB,news,Waterless skincare,Beauty,24.02,0.47,0.72,23,0.32,0.24,1
2026-07-08,GB,search,Smart hydration bottle,Electronics,34.6,0.46,0.71,23,0.32,0.24,1
2026-07-08,GB,reddit,Smart hydration bottle,Electronics,28.13,0.48,0.67,23,0.32,0.24,1
2026-07-08,GB,youtube,Smart hydration bottle,Electronics,46.95,0.48,0.73,23,0.32,0.24,1
2026-07-08,GB,marketplace,Smart hydration bottle,Electronics,30.89,0.52,0.71,23,0.32,0.24,1
2026-07-08,GB,news,Smart hydration bottle,Electronics,19.45,0.44,0.71,23,0.32,0.24,1
2026-07-08,GB,search,Walking pad,Fitness,33.3,0.37,0.5,27,0.45,0.34,1
2026-07-08,GB,reddit,Walking pad,Fitness,27.01,0.33,0.55,27,0.45,0.34,1
2026-07-08,GB,youtube,Walking pad,Fitness,48.91,0.34,0.57,27,0.45,0.34,1
2026-07-08,GB,marketplace,Walking pad,Fitness,33.69,0.31,0.53,27,0.45,0.34,1
2026-07-08,GB,news,Walking pad,Fitness,19.3,0.35,0.59,27,0.45,0.34,1
2026-07-08,GB,search,Millet snacks,Food,33.87,0.49,0.73,23,0.32,0.24,1
2026-07-08,GB,reddit,Millet snacks,Food,25.08,0.41,0.74,23,0.32,0.24,1
2026-07-08,GB,youtube,Millet snacks,Food,46.42,0.38,0.79,23,0.32,0.24,1
2026-07-08,GB,marketplace,Millet snacks,Food,30.91,0.41,0.76,23,0.32,0.24,1
2026-07-08,GB,news,Millet snacks,Food,18.05,0.43,0.74,23,0.32,0.24,1
2026-07-08,GB,search,Portable blender,Home,29.13,0.31,0.5,27,0.45,0.34,1
2026-07-08,GB,reddit,Portable blender,Home,20.24,0.29,0.53,27,0.45,0.34,1
2026-07-08,GB,youtube,Portable blender,Home,37.63,0.27,0.48,27,0.45,0.34,1
2026-07-08,GB,marketplace,Portable blender,Home,24.64,0.28,0.48,27,0.45,0.34,1
2026-07-08,GB,news,Portable blender,Home,15.18,0.31,0.52,27,0.45,0.34,1
2026-07-08,EU,search,Waterless skincare,Beauty,46.62,0.49,0.71,23,0.32,0.24,1
2026-07-08,EU,reddit,Waterless skincare,Beauty,33.05,0.54,0.71,23,0.32,0.24,1
2026-07-08,EU,youtube,Waterless skincare,Beauty,57.54,0.53,0.75,23,0.32,0.24,1
2026-07-08,EU,marketplace,Waterless skincare,Beauty,42.44,0.47,0.74,23,0.32,0.24,1
2026-07-08,EU,news,Waterless skincare,Beauty,25.65,0.47,0.71,23,0.32,0.24,1
2026-07-08,EU,search,Smart hydration bottle,Electronics,35.53,0.49,0.63,23,0.32,0.24,1
2026-07-08,EU,reddit,Smart hydration bottle,Electronics,24.95,0.47,0.72,23,0.32,0.24,1
2026-07-08,EU,youtube,Smart hydration bottle,Electronics,45.62,0.52,0.63,23,0.32,0.24,1
2026-07-08,EU,marketplace,Smart hydration bottle,Electronics,31.98,0.46,0.7,23,0.32,0.24,1
2026-07-08,EU,news,Smart hydration bottle,Electronics,19.9,0.52,0.67,23,0.32,0.24,1
2026-07-08,EU,search,Walking pad,Fitness,29.41,0.34,0.54,27,0.45,0.34,1
2026-07-08,EU,reddit,Walking pad,Fitness,23.94,0.31,0.59,27,0.45,0.34,1
2026-07-08,EU,youtube,Walking pad,Fitness,39.35,0.34,0.53,27,0.45,0.34,1
2026-07-08,EU,marketplace,Walking pad,Fitness,26.98,0.37,0.52,27,0.45,0.34,1
2026-07-08,EU,news,Walking pad,Fitness,16.42,0.38,0.57,27,0.45,0.34,1
2026-07-08,EU,search,Millet snacks,Food,31.29,0.43,0.78,23,0.32,0.24,1
2026-07-08,EU,reddit,Millet snacks,Food,26.52,0.39,0.8,23,0.32,0.24,1
2026-07-08,EU,youtube,Millet snacks,Food,43.26,0.4,0.75,23,0.32,0.24,1
2026-07-08,EU,marketplace,Millet snacks,Food,31.69,0.49,0.77,23,0.32,0.24,1
2026-07-08,EU,news,Millet snacks,Food,19.16,0.45,0.79,23,0.32,0.24,1
2026-07-08,EU,search,Portable blender,Home,29.74,0.31,0.47,27,0.45,0.34,1
2026-07-08,EU,reddit,Portable blender,Home,21.57,0.33,0.5,27,0.45,0.34,1
2026-07-08,EU,youtube,Portable blender,Home,42.16,0.24,0.48,27,0.45,0.34,1
2026-07-08,EU,marketplace,Portable blender,Home,25.83,0.28,0.46,27,0.45,0.34,1
2026-07-08,EU,news,Portable blender,Home,17.19,0.32,0.5,27,0.45,0.34,1
2026-07-08,IN,search,Waterless skincare,Beauty,48.09,0.52,0.72,23,0.32,0.24,1
2026-07-08,IN,reddit,Waterless skincare,Beauty,33.82,0.55,0.7,23,0.32,0.24,1
2026-07-08,IN,youtube,Waterless skincare,Beauty,66.01,0.5,0.67,23,0.32,0.24,1
2026-07-08,IN,marketplace,Waterless skincare,Beauty,42.14,0.5,0.68,23,0.32,0.24,1
2026-07-08,IN,news,Waterless skincare,Beauty,26.31,0.54,0.68,23,0.32,0.24,1
2026-07-08,IN,search,Smart hydration bottle,Electronics,37.36,0.48,0.71,23,0.32,0.24,1
2026-07-08,IN,reddit,Smart hydration bottle,Electronics,28.47,0.48,0.67,23,0.32,0.24,1
2026-07-08,IN,youtube,Smart hydration bottle,Electronics,50.95,0.42,0.67,23,0.32,0.24,1
2026-07-08,IN,marketplace,Smart hydration bottle,Electronics,31.49,0.42,0.64,23,0.32,0.24,1
2026-07-08,IN,news,Smart hydration bottle,Electronics,20.87,0.48,0.73,23,0.32,0.24,1
2026-07-08,IN,search,Walking pad,Fitness,32.42,0.31,0.52,27,0.45,0.34,1
2026-07-08,IN,reddit,Walking pad,Fitness,24.04,0.38,0.58,27,0.45,0.34,1
2026-07-08,IN,youtube,Walking pad,Fitness,41.52,0.38,0.57,27,0.45,0.34,1
2026-07-08,IN,marketplace,Walking pad,Fitness,27.91,0.37,0.52,27,0.45,0.34,1
2026-07-08,IN,news,Walking pad,Fitness,16.0,0.33,0.57,27,0.45,0.34,1
2026-07-08,IN,search,Millet snacks,Food,46.89,0.47,0.79,23,0.32,0.24,1
2026-07-08,IN,reddit,Millet snacks,Food,31.78,0.39,0.78,23,0.32,0.24,1
2026-07-08,IN,youtube,Millet snacks,Food,62.94,0.44,0.79,23,0.32,0.24,1
2026-07-08,IN,marketplace,Millet snacks,Food,38.56,0.41,0.75,23,0.32,0.24,1
2026-07-08,IN,news,Millet snacks,Food,23.51,0.38,0.78,23,0.32,0.24,1
2026-07-08,IN,search,Portable blender,Home,28.21,0.32,0.5,27,0.45,0.34,1
2026-07-08,IN,reddit,Portable blender,Home,22.27,0.25,0.51,27,0.45,0.34,1
2026-07-08,IN,youtube,Portable blender,Home,40.01,0.27,0.53,27,0.45,0.34,1
2026-07-08,IN,marketplace,Portable blender,Home,25.42,0.24,0.46,27,0.45,0.34,1
2026-07-08,IN,news,Portable blender,Home,15.91,0.31,0.47,27,0.45,0.34,1
2026-07-09,US,search,Waterless skincare,Beauty,37.51,0.51,0.69,23,0.32,0.24,1
2026-07-09,US,reddit,Waterless skincare,Beauty,30.62,0.56,0.71,23,0.32,0.24,1
2026-07-09,US,youtube,Waterless skincare,Beauty,50.45,0.49,0.73,23,0.32,0.24,1
2026-07-09,US,marketplace,Waterless skincare,Beauty,34.44,0.58,0.69,23,0.32,0.24,1
2026-07-09,US,news,Waterless skincare,Beauty,23.37,0.55,0.7,23,0.32,0.24,1
2026-07-09,US,search,Smart hydration bottle,Electronics,45.16,0.51,0.7,23,0.32,0.24,1
2026-07-09,US,reddit,Smart hydration bottle,Electronics,33.85,0.5,0.71,23,0.32,0.24,1
2026-07-09,US,youtube,Smart hydration bottle,Electronics,55.13,0.5,0.64,23,0.32,0.24,1
2026-07-09,US,marketplace,Smart hydration bottle,Electronics,38.92,0.52,0.63,23,0.32,0.24,1
2026-07-09,US,news,Smart hydration bottle,Electronics,24.33,0.53,0.66,23,0.32,0.24,1
2026-07-09,US,search,Walking pad,Fitness,32.93,0.32,0.59,28,0.46,0.34,1
2026-07-09,US,reddit,Walking pad,Fitness,25.8,0.41,0.58,28,0.46,0.34,1
2026-07-09,US,youtube,Walking pad,Fitness,48.99,0.32,0.57,28,0.46,0.34,1
2026-07-09,US,marketplace,Walking pad,Fitness,29.77,0.4,0.59,28,0.46,0.34,1
2026-07-09,US,news,Walking pad,Fitness,19.26,0.42,0.57,28,0.46,0.34,1
2026-07-09,US,search,Millet snacks,Food,32.5,0.38,0.8,23,0.32,0.24,1
2026-07-09,US,reddit,Millet snacks,Food,26.84,0.39,0.72,23,0.32,0.24,1
2026-07-09,US,youtube,Millet snacks,Food,47.16,0.4,0.77,23,0.32,0.24,1
2026-07-09,US,marketplace,Millet snacks,Food,29.03,0.48,0.73,23,0.32,0.24,1
2026-07-09,US,news,Millet snacks,Food,18.99,0.44,0.76,23,0.32,0.24,1
2026-07-09,US,search,Portable blender,Home,29.15,0.35,0.44,28,0.46,0.34,1
2026-07-09,US,reddit,Portable blender,Home,19.72,0.25,0.45,28,0.46,0.34,1
2026-07-09,US,youtube,Portable blender,Home,39.6,0.3,0.5,28,0.46,0.34,1
2026-07-09,US,marketplace,Portable blender,Home,25.79,0.33,0.51,28,0.46,0.34,1
2026-07-09,US,news,Portable blender,Home,14.82,0.35,0.5,28,0.46,0.34,1
2026-07-09,GB,search,Waterless skincare,Beauty,39.07,0.48,0.72,23,0.32,0.24,1
2026-07-09,GB,reddit,Waterless skincare,Beauty,31.77,0.5,0.73,23,0.32,0.24,1
2026-07-09,GB,youtube,Waterless skincare,Beauty,57.68,0.52,0.7,23,0.32,0.24,1
2026-07-09,GB,marketplace,Waterless skincare,Beauty,35.46,0.52,0.71,23,0.32,0.24,1
2026-07-09,GB,news,Waterless skincare,Beauty,23.34,0.47,0.73,23,0.32,0.24,1
2026-07-09,GB,search,Smart hydration bottle,Electronics,37.79,0.52,0.65,23,0.32,0.24,1
2026-07-09,GB,reddit,Smart hydration bottle,Electronics,26.75,0.46,0.63,23,0.32,0.24,1
2026-07-09,GB,youtube,Smart hydration bottle,Electronics,45.18,0.43,0.63,23,0.32,0.24,1
2026-07-09,GB,marketplace,Smart hydration bottle,Electronics,32.79,0.47,0.69,23,0.32,0.24,1
2026-07-09,GB,news,Smart hydration bottle,Electronics,20.54,0.53,0.67,23,0.32,0.24,1
2026-07-09,GB,search,Walking pad,Fitness,35.62,0.41,0.53,28,0.46,0.34,1
2026-07-09,GB,reddit,Walking pad,Fitness,25.06,0.4,0.54,28,0.46,0.34,1
2026-07-09,GB,youtube,Walking pad,Fitness,47.95,0.38,0.53,28,0.46,0.34,1
2026-07-09,GB,marketplace,Walking pad,Fitness,31.4,0.41,0.55,28,0.46,0.34,1
2026-07-09,GB,news,Walking pad,Fitness,17.81,0.33,0.57,28,0.46,0.34,1
2026-07-09,GB,search,Millet snacks,Food,32.76,0.46,0.78,23,0.32,0.24,1
2026-07-09,GB,reddit,Millet snacks,Food,24.58,0.46,0.75,23,0.32,0.24,1
2026-07-09,GB,youtube,Millet snacks,Food,44.95,0.38,0.72,23,0.32,0.24,1
2026-07-09,GB,marketplace,Millet snacks,Food,32.17,0.49,0.76,23,0.32,0.24,1
2026-07-09,GB,news,Millet snacks,Food,17.9,0.4,0.8,23,0.32,0.24,1
2026-07-09,GB,search,Portable blender,Home,27.77,0.28,0.51,28,0.46,0.34,1
2026-07-09,GB,reddit,Portable blender,Home,21.22,0.26,0.47,28,0.46,0.34,1
2026-07-09,GB,youtube,Portable blender,Home,38.49,0.24,0.52,28,0.46,0.34,1
2026-07-09,GB,marketplace,Portable blender,Home,24.04,0.28,0.44,28,0.46,0.34,1
2026-07-09,GB,news,Portable blender,Home,15.69,0.32,0.43,28,0.46,0.34,1
2026-07-09,EU,search,Waterless skincare,Beauty,43.19,0.54,0.71,23,0.32,0.24,1
2026-07-09,EU,reddit,Waterless skincare,Beauty,33.07,0.47,0.72,23,0.32,0.24,1
2026-07-09,EU,youtube,Waterless skincare,Beauty,59.01,0.5,0.76,23,0.32,0.24,1
2026-07-09,EU,marketplace,Waterless skincare,Beauty,40.67,0.58,0.76,23,0.32,0.24,1
2026-07-09,EU,news,Waterless skincare,Beauty,25.36,0.49,0.76,23,0.32,0.24,1
2026-07-09,EU,search,Smart hydration bottle,Electronics,35.29,0.43,0.67,23,0.32,0.24,1
2026-07-09,EU,reddit,Smart hydration bottle,Electronics,27.24,0.47,0.68,23,0.32,0.24,1
2026-07-09,EU,youtube,Smart hydration bottle,Electronics,47.7,0.45,0.7,23,0.32,0.24,1
2026-07-09,EU,marketplace,Smart hydration bottle,Electronics,31.33,0.53,0.73,23,0.32,0.24,1
2026-07-09,EU,news,Smart hydration bottle,Electronics,18.65,0.42,0.67,23,0.32,0.24,1
2026-07-09,EU,search,Walking pad,Fitness,29.88,0.4,0.6,28,0.46,0.34,1
2026-07-09,EU,reddit,Walking pad,Fitness,22.24,0.38,0.51,28,0.46,0.34,1
2026-07-09,EU,youtube,Walking pad,Fitness,41.01,0.38,0.55,28,0.46,0.34,1
2026-07-09,EU,marketplace,Walking pad,Fitness,28.59,0.41,0.59,28,0.46,0.34,1
2026-07-09,EU,news,Walking pad,Fitness,15.68,0.31,0.53,28,0.46,0.34,1
2026-07-09,EU,search,Millet snacks,Food,33.79,0.43,0.73,23,0.32,0.24,1
2026-07-09,EU,reddit,Millet snacks,Food,24.67,0.45,0.71,23,0.32,0.24,1
2026-07-09,EU,youtube,Millet snacks,Food,44.44,0.39,0.76,23,0.32,0.24,1
2026-07-09,EU,marketplace,Millet snacks,Food,31.79,0.45,0.73,23,0.32,0.24,1
2026-07-09,EU,news,Millet snacks,Food,19.32,0.42,0.81,23,0.32,0.24,1
2026-07-09,EU,search,Portable blender,Home,31.33,0.35,0.5,28,0.46,0.34,1
2026-07-09,EU,reddit,Portable blender,Home,21.15,0.34,0.49,28,0.46,0.34,1
2026-07-09,EU,youtube,Portable blender,Home,42.53,0.3,0.45,28,0.46,0.34,1
2026-07-09,EU,marketplace,Portable blender,Home,27.61,0.32,0.52,28,0.46,0.34,1
2026-07-09,EU,news,Portable blender,Home,16.07,0.3,0.5,28,0.46,0.34,1
2026-07-09,IN,search,Waterless skincare,Beauty,45.24,0.48,0.76,23,0.32,0.24,1
2026-07-09,IN,reddit,Waterless skincare,Beauty,33.85,0.5,0.69,23,0.32,0.24,1
2026-07-09,IN,youtube,Waterless skincare,Beauty,61.71,0.47,0.76,23,0.32,0.24,1
2026-07-09,IN,marketplace,Waterless skincare,Beauty,42.76,0.57,0.75,23,0.32,0.24,1
2026-07-09,IN,news,Waterless skincare,Beauty,23.63,0.48,0.72,23,0.32,0.24,1
2026-07-09,IN,search,Smart hydration bottle,Electronics,34.81,0.51,0.64,23,0.32,0.24,1
2026-07-09,IN,reddit,Smart hydration bottle,Electronics,29.17,0.46,0.63,23,0.32,0.24,1
2026-07-09,IN,youtube,Smart hydration bottle,Electronics,51.86,0.45,0.63,23,0.32,0.24,1
2026-07-09,IN,marketplace,Smart hydration bottle,Electronics,34.95,0.5,0.72,23,0.32,0.24,1
2026-07-09,IN,news,Smart hydration bottle,Electronics,19.03,0.49,0.7,23,0.32,0.24,1
2026-07-09,IN,search,Walking pad,Fitness,28.61,0.4,0.57,28,0.46,0.34,1
2026-07-09,IN,reddit,Walking pad,Fitness,23.36,0.41,0.59,28,0.46,0.34,1
2026-07-09,IN,youtube,Walking pad,Fitness,42.44,0.37,0.52,28,0.46,0.34,1
2026-07-09,IN,marketplace,Walking pad,Fitness,25.94,0.33,0.58,28,0.46,0.34,1
2026-07-09,IN,news,Walking pad,Fitness,16.74,0.33,0.56,28,0.46,0.34,1
2026-07-09,IN,search,Millet snacks,Food,44.0,0.39,0.77,23,0.32,0.24,1
2026-07-09,IN,reddit,Millet snacks,Food,32.98,0.46,0.79,23,0.32,0.24,1
2026-07-09,IN,youtube,Millet snacks,Food,58.07,0.4,0.79,23,0.32,0.24,1
2026-07-09,IN,marketplace,Millet snacks,Food,41.78,0.4,0.8,23,0.32,0.24,1
2026-07-09,IN,news,Millet snacks,Food,23.48,0.5,0.77,23,0.32,0.24,1
2026-07-09,IN,search,Portable blender,Home,25.85,0.26,0.46,28,0.46,0.34,1
2026-07-09,IN,reddit,Portable blender,Home,19.9,0.3,0.48,28,0.46,0.34,1
2026-07-09,IN,youtube,Portable blender,Home,36.83,0.31,0.51,28,0.46,0.34,1
2026-07-09,IN,marketplace,Portable blender,Home,25.23,0.27,0.52,28,0.46,0.34,1
2026-07-09,IN,news,Portable blender,Home,14.95,0.34,0.49,28,0.46,0.34,1
2026-07-10,US,search,Waterless skincare,Beauty,42.71,0.55,0.76,23,0.32,0.24,1
2026-07-10,US,reddit,Waterless skincare,Beauty,32.04,0.46,0.77,23,0.32,0.24,1
2026-07-10,US,youtube,Waterless skincare,Beauty,53.07,0.52,0.76,23,0.32,0.24,1
2026-07-10,US,marketplace,Waterless skincare,Beauty,33.94,0.54,0.69,23,0.32,0.24,1
2026-07-10,US,news,Waterless skincare,Beauty,23.36,0.51,0.71,23,0.32,0.24,1
2026-07-10,US,search,Smart hydration bottle,Electronics,40.79,0.48,0.69,23,0.32,0.24,1
2026-07-10,US,reddit,Smart hydration bottle,Electronics,34.57,0.43,0.71,23,0.32,0.24,1
2026-07-10,US,youtube,Smart hydration bottle,Electronics,61.72,0.49,0.71,23,0.32,0.24,1
2026-07-10,US,marketplace,Smart hydration bottle,Electronics,40.79,0.42,0.65,23,0.32,0.24,1
2026-07-10,US,news,Smart hydration bottle,Electronics,25.23,0.47,0.64,23,0.32,0.24,1
2026-07-10,US,search,Walking pad,Fitness,32.39,0.33,0.51,28,0.46,0.35,1
2026-07-10,US,reddit,Walking pad,Fitness,24.4,0.39,0.53,28,0.46,0.35,1
2026-07-10,US,youtube,Walking pad,Fitness,45.28,0.31,0.55,28,0.46,0.35,1
2026-07-10,US,marketplace,Walking pad,Fitness,30.58,0.38,0.51,28,0.46,0.35,1
2026-07-10,US,news,Walking pad,Fitness,19.98,0.35,0.52,28,0.46,0.35,1
2026-07-10,US,search,Millet snacks,Food,32.27,0.45,0.78,23,0.32,0.24,1
2026-07-10,US,reddit,Millet snacks,Food,27.36,0.4,0.74,23,0.32,0.24,1
2026-07-10,US,youtube,Millet snacks,Food,47.03,0.48,0.77,23,0.32,0.24,1
2026-07-10,US,marketplace,Millet snacks,Food,28.97,0.4,0.76,23,0.32,0.24,1
2026-07-10,US,news,Millet snacks,Food,18.07,0.38,0.74,23,0.32,0.24,1
2026-07-10,US,search,Portable blender,Home,26.13,0.27,0.53,28,0.46,0.35,1
2026-07-10,US,reddit,Portable blender,Home,19.86,0.29,0.48,28,0.46,0.35,1
2026-07-10,US,youtube,Portable blender,Home,34.33,0.27,0.47,28,0.46,0.35,1
2026-07-10,US,marketplace,Portable blender,Home,24.42,0.35,0.47,28,0.46,0.35,1
2026-07-10,US,news,Portable blender,Home,14.26,0.26,0.53,28,0.46,0.35,1
2026-07-10,GB,search,Waterless skincare,Beauty,44.22,0.57,0.74,23,0.32,0.24,1
2026-07-10,GB,reddit,Waterless skincare,Beauty,31.18,0.5,0.75,23,0.32,0.24,1
2026-07-10,GB,youtube,Waterless skincare,Beauty,57.21,0.55,0.73,23,0.32,0.24,1
2026-07-10,GB,marketplace,Waterless skincare,Beauty,40.09,0.54,0.76,23,0.32,0.24,1
2026-07-10,GB,news,Waterless skincare,Beauty,24.49,0.47,0.74,23,0.32,0.24,1
2026-07-10,GB,search,Smart hydration bottle,Electronics,37.93,0.43,0.68,23,0.32,0.24,1
2026-07-10,GB,reddit,Smart hydration bottle,Electronics,26.15,0.45,0.67,23,0.32,0.24,1
2026-07-10,GB,youtube,Smart hydration bottle,Electronics,51.28,0.42,0.71,23,0.32,0.24,1
2026-07-10,GB,marketplace,Smart hydration bottle,Electronics,32.33,0.46,0.63,23,0.32,0.24,1
2026-07-10,GB,news,Smart hydration bottle,Electronics,19.18,0.5,0.7,23,0.32,0.24,1
2026-07-10,GB,search,Walking pad,Fitness,35.99,0.35,0.58,28,0.46,0.35,1
2026-07-10,GB,reddit,Walking pad,Fitness,25.01,0.39,0.56,28,0.46,0.35,1
2026-07-10,GB,youtube,Walking pad,Fitness,47.68,0.34,0.57,28,0.46,0.35,1
2026-07-10,GB,marketplace,Walking pad,Fitness,32.88,0.31,0.55,28,0.46,0.35,1
2026-07-10,GB,news,Walking pad,Fitness,18.9,0.31,0.5,28,0.46,0.35,1
2026-07-10,GB,search,Millet snacks,Food,32.33,0.48,0.71,23,0.32,0.24,1
2026-07-10,GB,reddit,Millet snacks,Food,24.48,0.49,0.72,23,0.32,0.24,1
2026-07-10,GB,youtube,Millet snacks,Food,43.84,0.38,0.79,23,0.32,0.24,1
2026-07-10,GB,marketplace,Millet snacks,Food,30.61,0.47,0.76,23,0.32,0.24,1
2026-07-10,GB,news,Millet snacks,Food,17.61,0.48,0.71,23,0.32,0.24,1
2026-07-10,GB,search,Portable blender,Home,26.13,0.28,0.51,28,0.46,0.35,1
2026-07-10,GB,reddit,Portable blender,Home,21.19,0.32,0.43,28,0.46,0.35,1
2026-07-10,GB,youtube,Portable blender,Home,36.84,0.34,0.48,28,0.46,0.35,1
2026-07-10,GB,marketplace,Portable blender,Home,24.17,0.35,0.49,28,0.46,0.35,1
2026-07-10,GB,news,Portable blender,Home,15.39,0.24,0.47,28,0.46,0.35,1
2026-07-10,EU,search,Waterless skincare,Beauty,44.17,0.48,0.7,23,0.32,0.24,1
2026-07-10,EU,reddit,Waterless skincare,Beauty,33.44,0.5,0.77,23,0.32,0.24,1
2026-07-10,EU,youtube,Waterless skincare,Beauty,58.32,0.54,0.74,23,0.32,0.24,1
2026-07-10,EU,marketplace,Waterless skincare,Beauty,37.91,0.48,0.69,23,0.32,0.24,1
2026-07-10,EU,news,Waterless skincare,Beauty,24.91,0.48,0.68,23,0.32,0.24,1
2026-07-10,EU,search,Smart hydration bottle,Electronics,33.54,0.53,0.66,23,0.32,0.24,1
2026-07-10,EU,reddit,Smart hydration bottle,Electronics,27.59,0.48,0.68,23,0.32,0.24,1
2026-07-10,EU,youtube,Smart hydration bottle,Electronics,44.38,0.51,0.67,23,0.32,0.24,1
2026-07-10,EU,marketplace,Smart hydration bottle,Electronics,29.54,0.5,0.69,23,0.32,0.24,1
2026-07-10,EU,news,Smart hydration bottle,Electronics,19.24,0.53,0.69,23,0.32,0.24,1
2026-07-10,EU,search,Walking pad,Fitness,27.88,0.39,0.51,28,0.46,0.35,1
2026-07-10,EU,reddit,Walking pad,Fitness,22.97,0.32,0.58,28,0.46,0.35,1
2026-07-10,EU,youtube,Walking pad,Fitness,42.04,0.38,0.6,28,0.46,0.35,1
2026-07-10,EU,marketplace,Walking pad,Fitness,28.19,0.32,0.52,28,0.46,0.35,1
2026-07-10,EU,news,Walking pad,Fitness,17.2,0.32,0.54,28,0.46,0.35,1
2026-07-10,EU,search,Millet snacks,Food,31.25,0.42,0.74,23,0.32,0.24,1
2026-07-10,EU,reddit,Millet snacks,Food,24.26,0.38,0.73,23,0.32,0.24,1
2026-07-10,EU,youtube,Millet snacks,Food,44.05,0.4,0.72,23,0.32,0.24,1
2026-07-10,EU,marketplace,Millet snacks,Food,30.18,0.43,0.74,23,0.32,0.24,1
2026-07-10,EU,news,Millet snacks,Food,18.09,0.46,0.81,23,0.32,0.24,1
2026-07-10,EU,search,Portable blender,Home,27.9,0.27,0.49,28,0.46,0.35,1
2026-07-10,EU,reddit,Portable blender,Home,21.92,0.24,0.48,28,0.46,0.35,1
2026-07-10,EU,youtube,Portable blender,Home,38.36,0.32,0.46,28,0.46,0.35,1
2026-07-10,EU,marketplace,Portable blender,Home,27.25,0.35,0.44,28,0.46,0.35,1
2026-07-10,EU,news,Portable blender,Home,16.21,0.34,0.51,28,0.46,0.35,1
2026-07-10,IN,search,Waterless skincare,Beauty,48.06,0.57,0.68,23,0.32,0.24,1
2026-07-10,IN,reddit,Waterless skincare,Beauty,35.24,0.49,0.74,23,0.32,0.24,1
2026-07-10,IN,youtube,Waterless skincare,Beauty,64.06,0.53,0.74,23,0.32,0.24,1
2026-07-10,IN,marketplace,Waterless skincare,Beauty,41.29,0.51,0.75,23,0.32,0.24,1
2026-07-10,IN,news,Waterless skincare,Beauty,26.03,0.58,0.68,23,0.32,0.24,1
2026-07-10,IN,search,Smart hydration bottle,Electronics,35.75,0.44,0.7,23,0.32,0.24,1
2026-07-10,IN,reddit,Smart hydration bottle,Electronics,27.45,0.53,0.67,23,0.32,0.24,1
2026-07-10,IN,youtube,Smart hydration bottle,Electronics,52.15,0.43,0.67,23,0.32,0.24,1
2026-07-10,IN,marketplace,Smart hydration bottle,Electronics,33.69,0.45,0.64,23,0.32,0.24,1
2026-07-10,IN,news,Smart hydration bottle,Electronics,19.88,0.48,0.67,23,0.32,0.24,1
2026-07-10,IN,search,Walking pad,Fitness,29.01,0.35,0.54,28,0.46,0.35,1
2026-07-10,IN,reddit,Walking pad,Fitness,22.12,0.4,0.54,28,0.46,0.35,1
2026-07-10,IN,youtube,Walking pad,Fitness,38.17,0.35,0.54,28,0.46,0.35,1
2026-07-10,IN,marketplace,Walking pad,Fitness,25.32,0.31,0.57,28,0.46,0.35,1
2026-07-10,IN,news,Walking pad,Fitness,17.52,0.32,0.56,28,0.46,0.35,1
2026-07-10,IN,search,Millet snacks,Food,42.04,0.38,0.76,23,0.32,0.24,1
2026-07-10,IN,reddit,Millet snacks,Food,30.87,0.48,0.77,23,0.32,0.24,1
2026-07-10,IN,youtube,Millet snacks,Food,59.43,0.5,0.72,23,0.32,0.24,1
2026-07-10,IN,marketplace,Millet snacks,Food,40.44,0.46,0.72,23,0.32,0.24,1
2026-07-10,IN,news,Millet snacks,Food,22.68,0.45,0.74,23,0.32,0.24,1
2026-07-10,IN,search,Portable blender,Home,28.02,0.33,0.48,28,0.46,0.35,1
2026-07-10,IN,reddit,Portable blender,Home,20.11,0.29,0.49,28,0.46,0.35,1
2026-07-10,IN,youtube,Portable blender,Home,35.47,0.25,0.49,28,0.46,0.35,1
2026-07-10,IN,marketplace,Portable blender,Home,23.49,0.28,0.43,28,0.46,0.35,1
2026-07-10,IN,news,Portable blender,Home,15.47,0.29,0.44,28,0.46,0.35,1
2026-07-11,US,search,Waterless skincare,Beauty,42.55,0.5,0.75,23,0.32,0.24,1
2026-07-11,US,reddit,Waterless skincare,Beauty,29.93,0.5,0.7,23,0.32,0.24,1
2026-07-11,US,youtube,Waterless skincare,Beauty,56.27,0.58,0.73,23,0.32,0.24,1
2026-07-11,US,marketplace,Waterless skincare,Beauty,34.12,0.5,0.74,23,0.32,0.24,1
2026-07-11,US,news,Waterless skincare,Beauty,23.39,0.49,0.7,23,0.32,0.24,1
2026-07-11,US,search,Smart hydration bottle,Electronics,42.0,0.48,0.64,23,0.32,0.24,1
2026-07-11,US,reddit,Smart hydration bottle,Electronics,30.09,0.48,0.7,23,0.32,0.24,1
2026-07-11,US,youtube,Smart hydration bottle,Electronics,58.87,0.46,0.67,23,0.32,0.24,1
2026-07-11,US,marketplace,Smart hydration bottle,Electronics,37.16,0.52,0.71,23,0.32,0.24,1
2026-07-11,US,news,Smart hydration bottle,Electronics,24.54,0.46,0.67,23,0.32,0.24,1
2026-07-11,US,search,Walking pad,Fitness,35.48,0.38,0.57,28,0.46,0.35,1
2026-07-11,US,reddit,Walking pad,Fitness,24.07,0.37,0.55,28,0.46,0.35,1
2026-07-11,US,youtube,Walking pad,Fitness,44.38,0.36,0.5,28,0.46,0.35,1
2026-07-11,US,marketplace,Walking pad,Fitness,32.37,0.36,0.58,28,0.46,0.35,1
2026-07-11,US,news,Walking pad,Fitness,19.45,0.34,0.54,28,0.46,0.35,1
2026-07-11,US,search,Millet snacks,Food,33.82,0.41,0.8,23,0.32,0.24,1
2026-07-11,US,reddit,Millet snacks,Food,24.32,0.43,0.8,23,0.32,0.24,1
2026-07-11,US,youtube,Millet snacks,Food,42.88,0.4,0.79,23,0.32,0.24,1
2026-07-11,US,marketplace,Millet snacks,Food,28.79,0.44,0.71,23,0.32,0.24,1
2026-07-11,US,news,Millet snacks,Food,18.41,0.4,0.71,23,0.32,0.24,1
2026-07-11,US,search,Portable blender,Home,26.88,0.32,0.49,28,0.46,0.35,1
2026-07-11,US,reddit,Portable blender,Home,19.16,0.29,0.44,28,0.46,0.35,1
2026-07-11,US,youtube,Portable blender,Home,36.2,0.28,0.47,28,0.46,0.35,1
2026-07-11,US,marketplace,Portable blender,Home,22.9,0.25,0.46,28,0.46,0.35,1
2026-07-11,US,news,Portable blender,Home,14.02,0.26,0.46,28,0.46,0.35,1
2026-07-11,GB,search,Waterless skincare,Beauty,41.3,0.49,0.74,23,0.32,0.24,1
2026-07-11,GB,reddit,Waterless skincare,Beauty,33.28,0.55,0.71,23,0.32,0.24,1
2026-07-11,GB,youtube,Waterless skincare,Beauty,53.04,0.56,0.74,23,0.32,0.24,1
2026-07-11,GB,marketplace,Waterless skincare,Beauty,40.03,0.52,0.68,23,0.32,0.24,1
2026-07-11,GB,news,Waterless skincare,Beauty,23.62,0.47,0.76,23,0.32,0.24,1
2026-07-11,GB,search,Smart hydration bottle,Electronics,33.4,0.49,0.68,23,0.32,0.24,1
2026-07-11,GB,reddit,Smart hydration bottle,Electronics,26.89,0.46,0.73,23,0.32,0.24,1
2026-07-11,GB,youtube,Smart hydration bottle,Electronics,50.83,0.52,0.67,23,0.32,0.24,1
2026-07-11,GB,marketplace,Smart hydration bottle,Electronics,30.66,0.45,0.72,23,0.32,0.24,1
2026-07-11,GB,news,Smart hydration bottle,Electronics,19.66,0.44,0.66,23,0.32,0.24,1
2026-07-11,GB,search,Walking pad,Fitness,34.76,0.34,0.57,28,0.46,0.35,1
2026-07-11,GB,reddit,Walking pad,Fitness,25.54,0.37,0.5,28,0.46,0.35,1
2026-07-11,GB,youtube,Walking pad,Fitness,47.45,0.31,0.52,28,0.46,0.35,1
2026-07-11,GB,marketplace,Walking pad,Fitness,29.72,0.4,0.55,28,0.46,0.35,1
2026-07-11,GB,news,Walking pad,Fitness,18.77,0.39,0.55,28,0.46,0.35,1
2026-07-11,GB,search,Millet snacks,Food,32.15,0.38,0.77,23,0.32,0.24,1
2026-07-11,GB,reddit,Millet snacks,Food,25.23,0.4,0.77,23,0.32,0.24,1
2026-07-11,GB,youtube,Millet snacks,Food,44.59,0.41,0.73,23,0.32,0.24,1
2026-07-11,GB,marketplace,Millet snacks,Food,31.34,0.46,0.77,23,0.32,0.24,1
2026-07-11,GB,news,Millet snacks,Food,18.29,0.47,0.72,23,0.32,0.24,1
2026-07-11,GB,search,Portable blender,Home,27.25,0.34,0.46,28,0.46,0.35,1
2026-07-11,GB,reddit,Portable blender,Home,18.95,0.34,0.52,28,0.46,0.35,1
2026-07-11,GB,youtube,Portable blender,Home,35.54,0.33,0.51,28,0.46,0.35,1
2026-07-11,GB,marketplace,Portable blender,Home,25.78,0.34,0.48,28,0.46,0.35,1
2026-07-11,GB,news,Portable blender,Home,15.09,0.31,0.45,28,0.46,0.35,1
2026-07-11,EU,search,Waterless skincare,Beauty,41.75,0.52,0.69,23,0.32,0.24,1
2026-07-11,EU,reddit,Waterless skincare,Beauty,34.85,0.48,0.74,23,0.32,0.24,1
2026-07-11,EU,youtube,Waterless skincare,Beauty,62.18,0.54,0.67,23,0.32,0.24,1
2026-07-11,EU,marketplace,Waterless skincare,Beauty,37.98,0.48,0.73,23,0.32,0.24,1
2026-07-11,EU,news,Waterless skincare,Beauty,23.25,0.58,0.68,23,0.32,0.24,1
2026-07-11,EU,search,Smart hydration bottle,Electronics,35.49,0.44,0.71,23,0.32,0.24,1
2026-07-11,EU,reddit,Smart hydration bottle,Electronics,26.25,0.45,0.65,23,0.32,0.24,1
2026-07-11,EU,youtube,Smart hydration bottle,Electronics,45.8,0.49,0.69,23,0.32,0.24,1
2026-07-11,EU,marketplace,Smart hydration bottle,Electronics,31.54,0.52,0.63,23,0.32,0.24,1
2026-07-11,EU,news,Smart hydration bottle,Electronics,19.67,0.45,0.66,23,0.32,0.24,1
2026-07-11,EU,search,Walking pad,Fitness,27.86,0.41,0.57,28,0.46,0.35,1
2026-07-11,EU,reddit,Walking pad,Fitness,21.02,0.35,0.59,28,0.46,0.35,1
2026-07-11,EU,youtube,Walking pad,Fitness,39.61,0.36,0.57,28,0.46,0.35,1
2026-07-11,EU,marketplace,Walking pad,Fitness,27.08,0.33,0.6,28,0.46,0.35,1
2026-07-11,EU,news,Walking pad,Fitness,15.41,0.31,0.58,28,0.46,0.35,1
2026-07-11,EU,search,Millet snacks,Food,34.25,0.5,0.73,23,0.32,0.24,1
2026-07-11,EU,reddit,Millet snacks,Food,23.5,0.47,0.75,23,0.32,0.24,1
2026-07-11,EU,youtube,Millet snacks,Food,45.23,0.47,0.8,23,0.32,0.24,1
2026-07-11,EU,marketplace,Millet snacks,Food,29.6,0.44,0.73,23,0.32,0.24,1
2026-07-11,EU,news,Millet snacks,Food,19.22,0.43,0.78,23,0.32,0.24,1
2026-07-11,EU,search,Portable blender,Home,29.91,0.24,0.47,28,0.46,0.35,1
2026-07-11,EU,reddit,Portable blender,Home,23.13,0.32,0.43,28,0.46,0.35,1
2026-07-11,EU,youtube,Portable blender,Home,40.94,0.24,0.49,28,0.46,0.35,1
2026-07-11,EU,marketplace,Portable blender,Home,24.54,0.28,0.43,28,0.46,0.35,1
2026-07-11,EU,news,Portable blender,Home,16.26,0.26,0.48,28,0.46,0.35,1
2026-07-11,IN,search,Waterless skincare,Beauty,44.04,0.54,0.68,23,0.32,0.24,1
2026-07-11,IN,reddit,Waterless skincare,Beauty,35.5,0.54,0.75,23,0.32,0.24,1
2026-07-11,IN,youtube,Waterless skincare,Beauty,59.4,0.47,0.76,23,0.32,0.24,1
2026-07-11,IN,marketplace,Waterless skincare,Beauty,39.44,0.54,0.76,23,0.32,0.24,1
2026-07-11,IN,news,Waterless skincare,Beauty,24.81,0.55,0.72,23,0.32,0.24,1
2026-07-11,IN,search,Smart hydration bottle,Electronics,35.7,0.47,0.67,23,0.32,0.24,1
2026-07-11,IN,reddit,Smart hydration bottle,Electronics,28.66,0.52,0.67,23,0.32,0.24,1
2026-07-11,IN,youtube,Smart hydration bottle,Electronics,46.37,0.52,0.65,23,0.32,0.24,1
2026-07-11,IN,marketplace,Smart hydration bottle,Electronics,32.03,0.51,0.7,23,0.32,0.24,1
2026-07-11,IN,news,Smart hydration bottle,Electronics,19.44,0.52,0.71,23,0.32,0.24,1
2026-07-11,IN,search,Walking pad,Fitness,29.59,0.42,0.53,28,0.46,0.35,1
2026-07-11,IN,reddit,Walking pad,Fitness,22.22,0.32,0.56,28,0.46,0.35,1
2026-07-11,IN,youtube,Walking pad,Fitness,39.17,0.38,0.56,28,0.46,0.35,1
2026-07-11,IN,marketplace,Walking pad,Fitness,25.89,0.37,0.52,28,0.46,0.35,1
2026-07-11,IN,news,Walking pad,Fitness,16.7,0.4,0.57,28,0.46,0.35,1
2026-07-11,IN,search,Millet snacks,Food,44.74,0.48,0.78,23,0.32,0.24,1
2026-07-11,IN,reddit,Millet snacks,Food,33.98,0.45,0.72,23,0.32,0.24,1
2026-07-11,IN,youtube,Millet snacks,Food,59.17,0.46,0.75,23,0.32,0.24,1
2026-07-11,IN,marketplace,Millet snacks,Food,39.4,0.45,0.74,23,0.32,0.24,1
2026-07-11,IN,news,Millet snacks,Food,23.16,0.48,0.77,23,0.32,0.24,1
2026-07-11,IN,search,Portable blender,Home,28.2,0.26,0.51,28,0.46,0.35,1
2026-07-11,IN,reddit,Portable blender,Home,21.08,0.29,0.45,28,0.46,0.35,1
2026-07-11,IN,youtube,Portable blender,Home,34.65,0.26,0.49,28,0.46,0.35,1
2026-07-11,IN,marketplace,Portable blender,Home,25.7,0.25,0.44,28,0.46,0.35,1
2026-07-11,IN,news,Portable blender,Home,15.34,0.31,0.52,28,0.46,0.35,1
2026-07-12,US,search,Waterless skincare,Beauty,40.08,0.54,0.74,24,0.32,0.24,1
2026-07-12,US,reddit,Waterless skincare,Beauty,31.63,0.5,0.7,24,0.32,0.24,1
2026-07-12,US,youtube,Waterless skincare,Beauty,57.11,0.49,0.67,24,0.32,0.24,1
2026-07-12,US,marketplace,Waterless skincare,Beauty,36.9,0.48,0.72,24,0.32,0.24,1
2026-07-12,US,news,Waterless skincare,Beauty,22.68,0.58,0.76,24,0.32,0.24,1
2026-07-12,US,search,Smart hydration bottle,Electronics,40.73,0.44,0.69,24,0.32,0.24,1
2026-07-12,US,reddit,Smart hydration bottle,Electronics,32.32,0.52,0.72,24,0.32,0.24,1
2026-07-12,US,youtube,Smart hydration bottle,Electronics,56.3,0.51,0.72,24,0.32,0.24,1
2026-07-12,US,marketplace,Smart hydration bottle,Electronics,36.79,0.46,0.68,24,0.32,0.24,1
2026-07-12,US,news,Smart hydration bottle,Electronics,23.61,0.47,0.71,24,0.32,0.24,1
2026-07-12,US,search,Walking pad,Fitness,34.83,0.37,0.59,29,0.47,0.35,1
2026-07-12,US,reddit,Walking pad,Fitness,23.85,0.36,0.56,29,0.47,0.35,1
2026-07-12,US,youtube,Walking pad,Fitness,46.22,0.31,0.57,29,0.47,0.35,1
2026-07-12,US,marketplace,Walking pad,Fitness,32.18,0.34,0.54,29,0.47,0.35,1
2026-07-12,US,news,Walking pad,Fitness,17.28,0.39,0.6,29,0.47,0.35,1
2026-07-12,US,search,Millet snacks,Food,32.51,0.47,0.77,24,0.32,0.24,1
2026-07-12,US,reddit,Millet snacks,Food,24.99,0.42,0.78,24,0.32,0.24,1
2026-07-12,US,youtube,Millet snacks,Food,46.29,0.44,0.8,24,0.32,0.24,1
2026-07-12,US,marketplace,Millet snacks,Food,29.56,0.38,0.78,24,0.32,0.24,1
2026-07-12,US,news,Millet snacks,Food,18.7,0.46,0.77,24,0.32,0.24,1
2026-07-12,US,search,Portable blender,Home,27.15,0.33,0.45,29,0.47,0.35,1
2026-07-12,US,reddit,Portable blender,Home,20.67,0.26,0.43,29,0.47,0.35,1
2026-07-12,US,youtube,Portable blender,Home,36.92,0.35,0.45,29,0.47,0.35,1
2026-07-12,US,marketplace,Portable blender,Home,23.85,0.25,0.51,29,0.47,0.35,1
2026-07-12,US,news,Portable blender,Home,13.88,0.34,0.47,29,0.47,0.35,1
2026-07-12,GB,search,Waterless skincare,Beauty,40.9,0.48,0.68,24,0.32,0.24,1
2026-07-12,GB,reddit,Waterless skincare,Beauty,30.41,0.57,0.74,24,0.32,0.24,1
2026-07-12,GB,youtube,Waterless skincare,Beauty,57.58,0.51,0.7,24,0.32,0.24,1
2026-07-12,GB,marketplace,Waterless skincare,Beauty,37.41,0.57,0.76,24,0.32,0.24,1
2026-07-12,GB,news,Waterless skincare,Beauty,22.3,0.55,0.71,24,0.32,0.24,1
2026-07-12,GB,search,Smart hydration bottle,Electronics,35.34,0.43,0.73,24,0.32,0.24,1
2026-07-12,GB,reddit,Smart hydration bottle,Electronics,25.62,0.47,0.63,24,0.32,0.24,1
2026-07-12,GB,youtube,Smart hydration bottle,Electronics,44.76,0.48,0.66,24,0.32,0.24,1
2026-07-12,GB,marketplace,Smart hydration bottle,Electronics,33.11,0.46,0.68,24,0.32,0.24,1
2026-07-12,GB,news,Smart hydration bottle,Electronics,18.45,0.5,0.67,24,0.32,0.24,1
2026-07-12,GB,search,Walking pad,Fitness,33.63,0.35,0.53,29,0.47,0.35,1
2026-07-12,GB,reddit,Walking pad,Fitness,24.29,0.41,0.59,29,0.47,0.35,1
2026-07-12,GB,youtube,Walking pad,Fitness,44.41,0.4,0.56,29,0.47,0.35,1
2026-07-12,GB,marketplace,Walking pad,Fitness,30.52,0.34,0.51,29,0.47,0.35,1
2026-07-12,GB,news,Walking pad,Fitness,19.63,0.33,0.55,29,0.47,0.35,1
2026-07-12,GB,search,Millet snacks,Food,35.12,0.5,0.71,24,0.32,0.24,1
2026-07-12,GB,reddit,Millet snacks,Food,25.86,0.48,0.79,24,0.32,0.24,1
2026-07-12,GB,youtube,Millet snacks,Food,47.13,0.47,0.76,24,0.32,0.24,1
2026-07-12,GB,marketplace,Millet snacks,Food,31.8,0.43,0.71,24,0.32,0.24,1
2026-07-12,GB,news,Millet snacks,Food,18.57,0.48,0.74,24,0.32,0.24,1
2026-07-12,GB,search,Portable blender,Home,28.35,0.3,0.47,29,0.47,0.35,1
2026-07-12,GB,reddit,Portable blender,Home,19.17,0.33,0.46,29,0.47,0.35,1
2026-07-12,GB,youtube,Portable blender,Home,33.88,0.31,0.48,29,0.47,0.35,1
2026-07-12,GB,marketplace,Portable blender,Home,22.53,0.31,0.52,29,0.47,0.35,1
2026-07-12,GB,news,Portable blender,Home,15.24,0.26,0.5,29,0.47,0.35,1
2026-07-12,EU,search,Waterless skincare,Beauty,40.75,0.55,0.73,24,0.32,0.24,1
2026-07-12,EU,reddit,Waterless skincare,Beauty,34.29,0.52,0.72,24,0.32,0.24,1
2026-07-12,EU,youtube,Waterless skincare,Beauty,61.89,0.56,0.73,24,0.32,0.24,1
2026-07-12,EU,marketplace,Waterless skincare,Beauty,39.29,0.56,0.7,24,0.32,0.24,1
2026-07-12,EU,news,Waterless skincare,Beauty,22.88,0.49,0.69,24,0.32,0.24,1
2026-07-12,EU,search,Smart hydration bottle,Electronics,34.27,0.45,0.63,24,0.32,0.24,1
2026-07-12,EU,reddit,Smart hydration bottle,Electronics,25.44,0.42,0.65,24,0.32,0.24,1
2026-07-12,EU,youtube,Smart hydration bottle,Electronics,48.65,0.46,0.7,24,0.32,0.24,1
2026-07-12,EU,marketplace,Smart hydration bottle,Electronics,30.44,0.48,0.73,24,0.32,0.24,1
2026-07-12,EU,news,Smart hydration bottle,Electronics,19.34,0.47,0.69,24,0.32,0.24,1
2026-07-12,EU,search,Walking pad,Fitness,28.25,0.34,0.5,29,0.47,0.35,1
2026-07-12,EU,reddit,Walking pad,Fitness,21.54,0.41,0.58,29,0.47,0.35,1
2026-07-12,EU,youtube,Walking pad,Fitness,37.16,0.39,0.54,29,0.47,0.35,1
2026-07-12,EU,marketplace,Walking pad,Fitness,25.23,0.38,0.53,29,0.47,0.35,1
2026-07-12,EU,news,Walking pad,Fitness,16.51,0.4,0.5,29,0.47,0.35,1
2026-07-12,EU,search,Millet snacks,Food,31.56,0.39,0.8,24,0.32,0.24,1
2026-07-12,EU,reddit,Millet snacks,Food,24.93,0.47,0.74,24,0.32,0.24,1
2026-07-12,EU,youtube,Millet snacks,Food,42.89,0.48,0.71,24,0.32,0.24,1
2026-07-12,EU,marketplace,Millet snacks,Food,28.23,0.42,0.71,24,0.32,0.24,1
2026-07-12,EU,news,Millet snacks,Food,17.01,0.47,0.78,24,0.32,0.24,1
2026-07-12,EU,search,Portable blender,Home,28.75,0.3,0.48,29,0.47,0.35,1
2026-07-12,EU,reddit,Portable blender,Home,21.98,0.35,0.44,29,0.47,0.35,1
2026-07-12,EU,youtube,Portable blender,Home,37.93,0.3,0.47,29,0.47,0.35,1
2026-07-12,EU,marketplace,Portable blender,Home,25.14,0.34,0.48,29,0.47,0.35,1
2026-07-12,EU,news,Portable blender,Home,15.12,0.24,0.48,29,0.47,0.35,1
2026-07-12,IN,search,Waterless skincare,Beauty,46.64,0.56,0.7,24,0.32,0.24,1
2026-07-12,IN,reddit,Waterless skincare,Beauty,34.59,0.56,0.74,24,0.32,0.24,1
2026-07-12,IN,youtube,Waterless skincare,Beauty,63.66,0.49,0.73,24,0.32,0.24,1
2026-07-12,IN,marketplace,Waterless skincare,Beauty,38.75,0.54,0.69,24,0.32,0.24,1
2026-07-12,IN,news,Waterless skincare,Beauty,26.51,0.51,0.74,24,0.32,0.24,1
2026-07-12,IN,search,Smart hydration bottle,Electronics,35.26,0.48,0.7,24,0.32,0.24,1
2026-07-12,IN,reddit,Smart hydration bottle,Electronics,27.94,0.43,0.67,24,0.32,0.24,1
2026-07-12,IN,youtube,Smart hydration bottle,Electronics,48.41,0.53,0.65,24,0.32,0.24,1
2026-07-12,IN,marketplace,Smart hydration bottle,Electronics,33.95,0.47,0.7,24,0.32,0.24,1
2026-07-12,IN,news,Smart hydration bottle,Electronics,19.46,0.44,0.69,24,0.32,0.24,1
2026-07-12,IN,search,Walking pad,Fitness,30.46,0.38,0.57,29,0.47,0.35,1
2026-07-12,IN,reddit,Walking pad,Fitness,21.95,0.42,0.55,29,0.47,0.35,1
2026-07-12,IN,youtube,Walking pad,Fitness,42.46,0.4,0.55,29,0.47,0.35,1
2026-07-12,IN,marketplace,Walking pad,Fitness,26.83,0.34,0.51,29,0.47,0.35,1
2026-07-12,IN,news,Walking pad,Fitness,16.12,0.35,0.53,29,0.47,0.35,1
2026-07-12,IN,search,Millet snacks,Food,41.92,0.45,0.77,24,0.32,0.24,1
2026-07-12,IN,reddit,Millet snacks,Food,30.14,0.43,0.73,24,0.32,0.24,1
2026-07-12,IN,youtube,Millet snacks,Food,55.14,0.47,0.73,24,0.32,0.24,1
2026-07-12,IN,marketplace,Millet snacks,Food,38.61,0.43,0.76,24,0.32,0.24,1
2026-07-12,IN,news,Millet snacks,Food,23.94,0.5,0.8,24,0.32,0.24,1
2026-07-12,IN,search,Portable blender,Home,25.83,0.32,0.49,29,0.47,0.35,1
2026-07-12,IN,reddit,Portable blender,Home,18.83,0.33,0.51,29,0.47,0.35,1
2026-07-12,IN,youtube,Portable blender,Home,35.89,0.33,0.52,29,0.47,0.35,1
2026-07-12,IN,marketplace,Portable blender,Home,24.89,0.31,0.47,29,0.47,0.35,1
2026-07-12,IN,news,Portable blender,Home,15.12,0.3,0.51,29,0.47,0.35,1
2026-07-13,US,search,Waterless skincare,Beauty,42.59,0.53,0.74,24,0.33,0.24,1
2026-07-13,US,reddit,Waterless skincare,Beauty,28.12,0.55,0.71,24,0.33,0.24,1
2026-07-13,US,youtube,Waterless skincare,Beauty,52.44,0.48,0.72,24,0.33,0.24,1
2026-07-13,US,marketplace,Waterless skincare,Beauty,38.35,0.57,0.72,24,0.33,0.24,1
2026-07-13,US,news,Waterless skincare,Beauty,22.32,0.46,0.72,24,0.33,0.24,1
2026-07-13,US,search,Smart hydration bottle,Electronics,41.09,0.48,0.67,24,0.33,0.24,1
2026-07-13,US,reddit,Smart hydration bottle,Electronics,30.17,0.47,0.64,24,0.33,0.24,1
2026-07-13,US,youtube,Smart hydration bottle,Electronics,58.48,0.46,0.73,24,0.33,0.24,1
2026-07-13,US,marketplace,Smart hydration bottle,Electronics,39.96,0.49,0.65,24,0.33,0.24,1
2026-07-13,US,news,Smart hydration bottle,Electronics,24.64,0.44,0.66,24,0.33,0.24,1
2026-07-13,US,search,Walking pad,Fitness,33.43,0.36,0.55,29,0.47,0.35,1
2026-07-13,US,reddit,Walking pad,Fitness,26.3,0.42,0.57,29,0.47,0.35,1
2026-07-13,US,youtube,Walking pad,Fitness,44.42,0.33,0.56,29,0.47,0.35,1
2026-07-13,US,marketplace,Walking pad,Fitness,30.8,0.33,0.59,29,0.47,0.35,1
2026-07-13,US,news,Walking pad,Fitness,19.09,0.38,0.56,29,0.47,0.35,1
2026-07-13,US,search,Millet snacks,Food,33.05,0.39,0.8,24,0.33,0.24,1
2026-07-13,US,reddit,Millet snacks,Food,25.54,0.4,0.77,24,0.33,0.24,1
2026-07-13,US,youtube,Millet snacks,Food,47.53,0.44,0.75,24,0.33,0.24,1
2026-07-13,US,marketplace,Millet snacks,Food,31.11,0.47,0.76,24,0.33,0.24,1
2026-07-13,US,news,Millet snacks,Food,17.66,0.48,0.77,24,0.33,0.24,1
2026-07-13,US,search,Portable blender,Home,26.68,0.34,0.47,29,0.47,0.35,1
2026-07-13,US,reddit,Portable blender,Home,20.77,0.35,0.43,29,0.47,0.35,1
2026-07-13,US,youtube,Portable blender,Home,34.15,0.29,0.44,29,0.47,0.35,1
2026-07-13,US,marketplace,Portable blender,Home,23.98,0.25,0.49,29,0.47,0.35,1
2026-07-13,US,news,Portable blender,Home,14.47,0.31,0.45,29,0.47,0.35,1
2026-07-13,GB,search,Waterless skincare,Beauty,40.26,0.54,0.74,24,0.33,0.24,1
2026-07-13,GB,reddit,Waterless skincare,Beauty,32.7,0.54,0.73,24,0.33,0.24,1
2026-07-13,GB,youtube,Waterless skincare,Beauty,55.75,0.47,0.74,24,0.33,0.24,1
2026-07-13,GB,marketplace,Waterless skincare,Beauty,35.02,0.52,0.72,24,0.33,0.24,1
2026-07-13,GB,news,Waterless skincare,Beauty,23.23,0.56,0.75,24,0.33,0.24,1
2026-07-13,GB,search,Smart hydration bottle,Electronics,37.11,0.53,0.65,24,0.33,0.24,1
2026-07-13,GB,reddit,Smart hydration bottle,Electronics,25.94,0.47,0.71,24,0.33,0.24,1
2026-07-13,GB,youtube,Smart hydration bottle,Electronics,47.28,0.5,0.71,24,0.33,0.24,1
2026-07-13,GB,marketplace,Smart hydration bottle,Electronics,33.29,0.49,0.72,24,0.33,0.24,1
2026-07-13,GB,news,Smart hydration bottle,Electronics,18.33,0.45,0.69,24,0.33,0.24,1
2026-07-13,GB,search,Walking pad,Fitness,34.73,0.4,0.54,29,0.47,0.35,1
2026-07-13,GB,reddit,Walking pad,Fitness,26.84,0.35,0.56,29,0.47,0.35,1
2026-07-13,GB,youtube,Walking pad,Fitness,45.88,0.38,0.57,29,0.47,0.35,1
2026-07-13,GB,marketplace,Walking pad,Fitness,31.5,0.37,0.57,29,0.47,0.35,1
2026-07-13,GB,news,Walking pad,Fitness,18.06,0.31,0.54,29,0.47,0.35,1
2026-07-13,GB,search,Millet snacks,Food,33.15,0.4,0.81,24,0.33,0.24,1
2026-07-13,GB,reddit,Millet snacks,Food,24.17,0.42,0.76,24,0.33,0.24,1
2026-07-13,GB,youtube,Millet snacks,Food,41.88,0.49,0.72,24,0.33,0.24,1
2026-07-13,GB,marketplace,Millet snacks,Food,28.34,0.41,0.77,24,0.33,0.24,1
2026-07-13,GB,news,Millet snacks,Food,17.76,0.38,0.75,24,0.33,0.24,1
2026-07-13,GB,search,Portable blender,Home,28.45,0.25,0.49,29,0.47,0.35,1
2026-07-13,GB,reddit,Portable blender,Home,19.67,0.35,0.48,29,0.47,0.35,1
2026-07-13,GB,youtube,Portable blender,Home,33.79,0.24,0.49,29,0.47,0.35,1
2026-07-13,GB,marketplace,Portable blender,Home,25.22,0.29,0.47,29,0.47,0.35,1
2026-07-13,GB,news,Portable blender,Home,13.72,0.34,0.45,29,0.47,0.35,1
2026-07-13,EU,search,Waterless skincare,Beauty,46.62,0.56,0.73,24,0.33,0.24,1
2026-07-13,EU,reddit,Waterless skincare,Beauty,32.13,0.52,0.7,24,0.33,0.24,1
2026-07-13,EU,youtube,Waterless skincare,Beauty,62.95,0.53,0.7,24,0.33,0.24,1
2026-07-13,EU,marketplace,Waterless skincare,Beauty,41.63,0.58,0.75,24,0.33,0.24,1
2026-07-13,EU,news,Waterless skincare,Beauty,23.79,0.56,0.77,24,0.33,0.24,1
2026-07-13,EU,search,Smart hydration bottle,Electronics,36.27,0.42,0.65,24,0.33,0.24,1
2026-07-13,EU,reddit,Smart hydration bottle,Electronics,24.72,0.45,0.65,24,0.33,0.24,1
2026-07-13,EU,youtube,Smart hydration bottle,Electronics,46.89,0.49,0.72,24,0.33,0.24,1
2026-07-13,EU,marketplace,Smart hydration bottle,Electronics,30.63,0.53,0.67,24,0.33,0.24,1
2026-07-13,EU,news,Smart hydration bottle,Electronics,19.66,0.43,0.72,24,0.33,0.24,1
2026-07-13,EU,search,Walking pad,Fitness,29.94,0.39,0.52,29,0.47,0.35,1
2026-07-13,EU,reddit,Walking pad,Fitness,21.96,0.42,0.58,29,0.47,0.35,1
2026-07-13,EU,youtube,Walking pad,Fitness,37.87,0.31,0.56,29,0.47,0.35,1
2026-07-13,EU,marketplace,Walking pad,Fitness,24.81,0.37,0.59,29,0.47,0.35,1
2026-07-13,EU,news,Walking pad,Fitness,16.45,0.38,0.6,29,0.47,0.35,1
2026-07-13,EU,search,Millet snacks,Food,31.43,0.4,0.72,24,0.33,0.24,1
2026-07-13,EU,reddit,Millet snacks,Food,25.73,0.47,0.72,24,0.33,0.24,1
2026-07-13,EU,youtube,Millet snacks,Food,43.18,0.47,0.76,24,0.33,0.24,1
2026-07-13,EU,marketplace,Millet snacks,Food,29.76,0.47,0.71,24,0.33,0.24,1
2026-07-13,EU,news,Millet snacks,Food,17.89,0.4,0.74,24,0.33,0.24,1
2026-07-13,EU,search,Portable blender,Home,28.22,0.29,0.46,29,0.47,0.35,1
2026-07-13,EU,reddit,Portable blender,Home,20.54,0.25,0.5,29,0.47,0.35,1
2026-07-13,EU,youtube,Portable blender,Home,39.11,0.3,0.5,29,0.47,0.35,1
2026-07-13,EU,marketplace,Portable blender,Home,27.34,0.29,0.5,29,0.47,0.35,1
2026-07-13,EU,news,Portable blender,Home,16.71,0.31,0.47,29,0.47,0.35,1
2026-07-13,IN,search,Waterless skincare,Beauty,44.85,0.5,0.76,24,0.33,0.24,1
2026-07-13,IN,reddit,Waterless skincare,Beauty,35.8,0.47,0.74,24,0.33,0.24,1
2026-07-13,IN,youtube,Waterless skincare,Beauty,60.22,0.53,0.73,24,0.33,0.24,1
2026-07-13,IN,marketplace,Waterless skincare,Beauty,43.21,0.57,0.68,24,0.33,0.24,1
2026-07-13,IN,news,Waterless skincare,Beauty,25.87,0.5,0.7,24,0.33,0.24,1
2026-07-13,IN,search,Smart hydration bottle,Electronics,35.79,0.5,0.64,24,0.33,0.24,1
2026-07-13,IN,reddit,Smart hydration bottle,Electronics,27.26,0.51,0.65,24,0.33,0.24,1
2026-07-13,IN,youtube,Smart hydration bottle,Electronics,48.37,0.47,0.63,24,0.33,0.24,1
2026-07-13,IN,marketplace,Smart hydration bottle,Electronics,34.55,0.49,0.7,24,0.33,0.24,1
2026-07-13,IN,news,Smart hydration bottle,Electronics,18.71,0.46,0.7,24,0.33,0.24,1
2026-07-13,IN,search,Walking pad,Fitness,31.72,0.42,0.58,29,0.47,0.35,1
2026-07-13,IN,reddit,Walking pad,Fitness,20.78,0.33,0.6,29,0.47,0.35,1
2026-07-13,IN,youtube,Walking pad,Fitness,40.79,0.42,0.57,29,0.47,0.35,1
2026-07-13,IN,marketplace,Walking pad,Fitness,26.97,0.38,0.54,29,0.47,0.35,1
2026-07-13,IN,news,Walking pad,Fitness,17.04,0.32,0.59,29,0.47,0.35,1
2026-07-13,IN,search,Millet snacks,Food,42.42,0.43,0.72,24,0.33,0.24,1
2026-07-13,IN,reddit,Millet snacks,Food,33.31,0.5,0.75,24,0.33,0.24,1
2026-07-13,IN,youtube,Millet snacks,Food,61.63,0.38,0.81,24,0.33,0.24,1
2026-07-13,IN,marketplace,Millet snacks,Food,39.97,0.49,0.74,24,0.33,0.24,1
2026-07-13,IN,news,Millet snacks,Food,24.64,0.49,0.72,24,0.33,0.24,1
2026-07-13,IN,search,Portable blender,Home,27.98,0.25,0.5,29,0.47,0.35,1
2026-07-13,IN,reddit,Portable blender,Home,21.35,0.27,0.49,29,0.47,0.35,1
2026-07-13,IN,youtube,Portable blender,Home,33.7,0.34,0.45,29,0.47,0.35,1
2026-07-13,IN,marketplace,Portable blender,Home,23.8,0.29,0.45,29,0.47,0.35,1
2026-07-13,IN,news,Portable blender,Home,14.51,0.28,0.5,29,0.47,0.35,1
2026-07-14,US,search,Waterless skincare,Beauty,37.67,0.56,0.73,24,0.33,0.25,1
2026-07-14,US,reddit,Waterless skincare,Beauty,29.23,0.54,0.7,24,0.33,0.25,1
2026-07-14,US,youtube,Waterless skincare,Beauty,53.19,0.49,0.67,24,0.33,0.25,1
2026-07-14,US,marketplace,Waterless skincare,Beauty,34.26,0.49,0.76,24,0.33,0.25,1
2026-07-14,US,news,Waterless skincare,Beauty,20.62,0.5,0.71,24,0.33,0.25,1
2026-07-14,US,search,Smart hydration bottle,Electronics,41.99,0.52,0.64,24,0.33,0.25,1
2026-07-14,US,reddit,Smart hydration bottle,Electronics,33.51,0.51,0.64,24,0.33,0.25,1
2026-07-14,US,youtube,Smart hydration bottle,Electronics,56.87,0.47,0.64,24,0.33,0.25,1
2026-07-14,US,marketplace,Smart hydration bottle,Electronics,37.02,0.48,0.71,24,0.33,0.25,1
2026-07-14,US,news,Smart hydration bottle,Electronics,23.08,0.52,0.67,24,0.33,0.25,1
2026-07-14,US,search,Walking pad,Fitness,33.78,0.35,0.56,30,0.48,0.36,1
2026-07-14,US,reddit,Walking pad,Fitness,23.75,0.33,0.57,30,0.48,0.36,1
2026-07-14,US,youtube,Walking pad,Fitness,44.12,0.41,0.58,30,0.48,0.36,1
2026-07-14,US,marketplace,Walking pad,Fitness,29.09,0.31,0.52,30,0.48,0.36,1
2026-07-14,US,news,Walking pad,Fitness,19.21,0.4,0.58,30,0.48,0.36,1
2026-07-14,US,search,Millet snacks,Food,32.95,0.5,0.78,24,0.33,0.25,1
2026-07-14,US,reddit,Millet snacks,Food,24.75,0.39,0.78,24,0.33,0.25,1
2026-07-14,US,youtube,Millet snacks,Food,43.75,0.49,0.81,24,0.33,0.25,1
2026-07-14,US,marketplace,Millet snacks,Food,31.6,0.49,0.74,24,0.33,0.25,1
2026-07-14,US,news,Millet snacks,Food,18.71,0.44,0.73,24,0.33,0.25,1
2026-07-14,US,search,Portable blender,Home,28.11,0.26,0.43,30,0.48,0.36,1
2026-07-14,US,reddit,Portable blender,Home,19.85,0.26,0.45,30,0.48,0.36,1
2026-07-14,US,youtube,Portable blender,Home,34.65,0.28,0.47,30,0.48,0.36,1
2026-07-14,US,marketplace,Portable blender,Home,24.73,0.25,0.5,30,0.48,0.36,1
2026-07-14,US,news,Portable blender,Home,14.2,0.33,0.44,30,0.48,0.36,1
2026-07-14,GB,search,Waterless skincare,Beauty,39.24,0.49,0.75,24,0.33,0.25,1
2026-07-14,GB,reddit,Waterless skincare,Beauty,31.03,0.52,0.73,24,0.33,0.25,1
2026-07-14,GB,youtube,Waterless skincare,Beauty,54.74,0.47,0.76,24,0.33,0.25,1
2026-07-14,GB,marketplace,Waterless skincare,Beauty,34.88,0.46,0.7,24,0.33,0.25,1
2026-07-14,GB,news,Waterless skincare,Beauty,22.07,0.52,0.71,24,0.33,0.25,1
2026-07-14,GB,search,Smart hydration bottle,Electronics,33.29,0.44,0.7,24,0.33,0.25,1
2026-07-14,GB,reddit,Smart hydration bottle,Electronics,27.6,0.48,0.64,24,0.33,0.25,1
2026-07-14,GB,youtube,Smart hydration bottle,Electronics,49.14,0.48,0.73,24,0.33,0.25,1
2026-07-14,GB,marketplace,Smart hydration bottle,Electronics,29.92,0.44,0.64,24,0.33,0.25,1
2026-07-14,GB,news,Smart hydration bottle,Electronics,18.3,0.42,0.65,24,0.33,0.25,1
2026-07-14,GB,search,Walking pad,Fitness,33.66,0.36,0.56,30,0.48,0.36,1
2026-07-14,GB,reddit,Walking pad,Fitness,26.89,0.31,0.58,30,0.48,0.36,1
2026-07-14,GB,youtube,Walking pad,Fitness,42.87,0.36,0.5,30,0.48,0.36,1
2026-07-14,GB,marketplace,Walking pad,Fitness,31.11,0.38,0.53,30,0.48,0.36,1
2026-07-14,GB,news,Walking pad,Fitness,18.05,0.35,0.55,30,0.48,0.36,1
2026-07-14,GB,search,Millet snacks,Food,30.99,0.46,0.78,24,0.33,0.25,1
2026-07-14,GB,reddit,Millet snacks,Food,23.06,0.48,0.79,24,0.33,0.25,1
2026-07-14,GB,youtube,Millet snacks,Food,45.6,0.41,0.79,24,0.33,0.25,1
2026-07-14,GB,marketplace,Millet snacks,Food,27.97,0.49,0.73,24,0.33,0.25,1
2026-07-14,GB,news,Millet snacks,Food,18.8,0.38,0.71,24,0.33,0.25,1
2026-07-14,GB,search,Portable blender,Home,25.31,0.24,0.53,30,0.48,0.36,1
2026-07-14,GB,reddit,Portable blender,Home,19.67,0.28,0.49,30,0.48,0.36,1
2026-07-14,GB,youtube,Portable blender,Home,37.97,0.34,0.43,30,0.48,0.36,1
2026-07-14,GB,marketplace,Portable blender,Home,23.26,0.33,0.45,30,0.48,0.36,1
2026-07-14,GB,news,Portable blender,Home,15.06,0.25,0.51,30,0.48,0.36,1
2026-07-14,EU,search,Waterless skincare,Beauty,40.87,0.51,0.67,24,0.33,0.25,1
2026-07-14,EU,reddit,Waterless skincare,Beauty,31.97,0.49,0.74,24,0.33,0.25,1
2026-07-14,EU,youtube,Waterless skincare,Beauty,59.63,0.46,0.77,24,0.33,0.25,1
2026-07-14,EU,marketplace,Waterless skincare,Beauty,38.85,0.57,0.69,24,0.33,0.25,1
2026-07-14,EU,news,Waterless skincare,Beauty,24.88,0.48,0.68,24,0.33,0.25,1
2026-07-14,EU,search,Smart hydration bottle,Electronics,32.96,0.42,0.73,24,0.33,0.25,1
2026-07-14,EU,reddit,Smart hydration bottle,Electronics,25.07,0.53,0.64,24,0.33,0.25,1
2026-07-14,EU,youtube,Smart hydration bottle,Electronics,47.96,0.42,0.67,24,0.33,0.25,1
2026-07-14,EU,marketplace,Smart hydration bottle,Electronics,31.93,0.43,0.7,24,0.33,0.25,1
2026-07-14,EU,news,Smart hydration bottle,Electronics,19.4,0.42,0.64,24,0.33,0.25,1
2026-07-14,EU,search,Walking pad,Fitness,30.2,0.34,0.53,30,0.48,0.36,1
2026-07-14,EU,reddit,Walking pad,Fitness,21.01,0.32,0.52,30,0.48,0.36,1
2026-07-14,EU,youtube,Walking pad,Fitness,37.55,0.33,0.54,30,0.48,0.36,1
2026-07-14,EU,marketplace,Walking pad,Fitness,27.97,0.4,0.52,30,0.48,0.36,1
2026-07-14,EU,news,Walking pad,Fitness,16.55,0.34,0.58,30,0.48,0.36,1
2026-07-14,EU,search,Millet snacks,Food,32.23,0.41,0.72,24,0.33,0.25,1
2026-07-14,EU,reddit,Millet snacks,Food,23.8,0.44,0.74,24,0.33,0.25,1
2026-07-14,EU,youtube,Millet snacks,Food,45.93,0.45,0.75,24,0.33,0.25,1
2026-07-14,EU,marketplace,Millet snacks,Food,27.33,0.41,0.76,24,0.33,0.25,1
2026-07-14,EU,news,Millet snacks,Food,17.77,0.41,0.78,24,0.33,0.25,1
2026-07-14,EU,search,Portable blender,Home,29.45,0.31,0.47,30,0.48,0.36,1
2026-07-14,EU,reddit,Portable blender,Home,21.21,0.29,0.5,30,0.48,0.36,1
2026-07-14,EU,youtube,Portable blender,Home,39.2,0.34,0.45,30,0.48,0.36,1
2026-07-14,EU,marketplace,Portable blender,Home,26.26,0.3,0.49,30,0.48,0.36,1
2026-07-14,EU,news,Portable blender,Home,14.99,0.29,0.45,30,0.48,0.36,1
2026-07-14,IN,search,Waterless skincare,Beauty,44.67,0.55,0.7,24,0.33,0.25,1
2026-07-14,IN,reddit,Waterless skincare,Beauty,32.42,0.51,0.77,24,0.33,0.25,1
2026-07-14,IN,youtube,Waterless skincare,Beauty,60.01,0.5,0.75,24,0.33,0.25,1
2026-07-14,IN,marketplace,Waterless skincare,Beauty,39.42,0.55,0.71,24,0.33,0.25,1
2026-07-14,IN,news,Waterless skincare,Beauty,23.71,0.55,0.76,24,0.33,0.25,1
2026-07-14,IN,search,Smart hydration bottle,Electronics,35.94,0.49,0.67,24,0.33,0.25,1
2026-07-14,IN,reddit,Smart hydration bottle,Electronics,26.16,0.45,0.71,24,0.33,0.25,1
2026-07-14,IN,youtube,Smart hydration bottle,Electronics,47.56,0.44,0.71,24,0.33,0.25,1
2026-07-14,IN,marketplace,Smart hydration bottle,Electronics,33.19,0.43,0.72,24,0.33,0.25,1
2026-07-14,IN,news,Smart hydration bottle,Electronics,20.5,0.53,0.72,24,0.33,0.25,1
2026-07-14,IN,search,Walking pad,Fitness,29.12,0.39,0.57,30,0.48,0.36,1
2026-07-14,IN,reddit,Walking pad,Fitness,21.67,0.37,0.57,30,0.48,0.36,1
2026-07-14,IN,youtube,Walking pad,Fitness,41.02,0.36,0.58,30,0.48,0.36,1
2026-07-14,IN,marketplace,Walking pad,Fitness,28.02,0.38,0.59,30,0.48,0.36,1
2026-07-14,IN,news,Walking pad,Fitness,16.82,0.33,0.52,30,0.48,0.36,1
2026-07-14,IN,search,Millet snacks,Food,45.33,0.47,0.75,24,0.33,0.25,1
2026-07-14,IN,reddit,Millet snacks,Food,34.06,0.4,0.72,24,0.33,0.25,1
2026-07-14,IN,youtube,Millet snacks,Food,57.67,0.4,0.76,24,0.33,0.25,1
2026-07-14,IN,marketplace,Millet snacks,Food,39.36,0.49,0.81,24,0.33,0.25,1
2026-07-14,IN,news,Millet snacks,Food,24.39,0.44,0.73,24,0.33,0.25,1
2026-07-14,IN,search,Portable blender,Home,25.7,0.35,0.46,30,0.48,0.36,1
2026-07-14,IN,reddit,Portable blender,Home,20.04,0.3,0.47,30,0.48,0.36,1
2026-07-14,IN,youtube,Portable blender,Home,36.68,0.24,0.51,30,0.48,0.36,1
2026-07-14,IN,marketplace,Portable blender,Home,23.53,0.3,0.46,30,0.48,0.36,1
2026-07-14,IN,news,Portable blender,Home,14.54,0.31,0.49,30,0.48,0.36,1
2026-07-15,US,search,Waterless skincare,Beauty,41.48,0.55,0.75,24,0.33,0.25,1
2026-07-15,US,reddit,Waterless skincare,Beauty,28.27,0.47,0.76,24,0.33,0.25,1
2026-07-15,US,youtube,Waterless skincare,Beauty,55.4,0.52,0.68,24,0.33,0.25,1
2026-07-15,US,marketplace,Waterless skincare,Beauty,38.06,0.52,0.69,24,0.33,0.25,1
2026-07-15,US,news,Waterless skincare,Beauty,21.92,0.46,0.67,24,0.33,0.25,1
2026-07-15,US,search,Smart hydration bottle,Electronics,44.72,0.47,0.67,24,0.33,0.25,1
2026-07-15,US,reddit,Smart hydration bottle,Electronics,32.03,0.43,0.71,24,0.33,0.25,1
2026-07-15,US,youtube,Smart hydration bottle,Electronics,53.87,0.43,0.68,24,0.33,0.25,1
2026-07-15,US,marketplace,Smart hydration bottle,Electronics,38.18,0.47,0.69,24,0.33,0.25,1
2026-07-15,US,news,Smart hydration bottle,Electronics,24.28,0.48,0.64,24,0.33,0.25,1
2026-07-15,US,search,Walking pad,Fitness,34.28,0.38,0.51,30,0.48,0.36,1
2026-07-15,US,reddit,Walking pad,Fitness,26.57,0.42,0.54,30,0.48,0.36,1
2026-07-15,US,youtube,Walking pad,Fitness,42.91,0.4,0.58,30,0.48,0.36,1
2026-07-15,US,marketplace,Walking pad,Fitness,29.64,0.33,0.56,30,0.48,0.36,1
2026-07-15,US,news,Walking pad,Fitness,19.12,0.4,0.6,30,0.48,0.36,1
2026-07-15,US,search,Millet snacks,Food,34.42,0.43,0.78,24,0.33,0.25,1
2026-07-15,US,reddit,Millet snacks,Food,24.79,0.43,0.8,24,0.33,0.25,1
2026-07-15,US,youtube,Millet snacks,Food,43.65,0.39,0.72,24,0.33,0.25,1
2026-07-15,US,marketplace,Millet snacks,Food,32.25,0.48,0.77,24,0.33,0.25,1
2026-07-15,US,news,Millet snacks,Food,19.62,0.38,0.75,24,0.33,0.25,1
2026-07-15,US,search,Portable blender,Home,26.76,0.3,0.5,30,0.48,0.36,1
2026-07-15,US,reddit,Portable blender,Home,21.24,0.25,0.49,30,0.48,0.36,1
2026-07-15,US,youtube,Portable blender,Home,36.78,0.28,0.46,30,0.48,0.36,1
2026-07-15,US,marketplace,Portable blender,Home,23.71,0.31,0.48,30,0.48,0.36,1
2026-07-15,US,news,Portable blender,Home,14.92,0.28,0.52,30,0.48,0.36,1
2026-07-15,GB,search,Waterless skincare,Beauty,40.12,0.5,0.73,24,0.33,0.25,1
2026-07-15,GB,reddit,Waterless skincare,Beauty,29.25,0.57,0.68,24,0.33,0.25,1
2026-07-15,GB,youtube,Waterless skincare,Beauty,55.16,0.55,0.67,24,0.33,0.25,1
2026-07-15,GB,marketplace,Waterless skincare,Beauty,37.04,0.55,0.73,24,0.33,0.25,1
2026-07-15,GB,news,Waterless skincare,Beauty,22.22,0.53,0.75,24,0.33,0.25,1
2026-07-15,GB,search,Smart hydration bottle,Electronics,33.27,0.44,0.66,24,0.33,0.25,1
2026-07-15,GB,reddit,Smart hydration bottle,Electronics,25.66,0.47,0.7,24,0.33,0.25,1
2026-07-15,GB,youtube,Smart hydration bottle,Electronics,49.93,0.49,0.65,24,0.33,0.25,1
2026-07-15,GB,marketplace,Smart hydration bottle,Electronics,32.63,0.48,0.64,24,0.33,0.25,1
2026-07-15,GB,news,Smart hydration bottle,Electronics,18.2,0.48,0.71,24,0.33,0.25,1
2026-07-15,GB,search,Walking pad,Fitness,32.58,0.39,0.6,30,0.48,0.36,1
2026-07-15,GB,reddit,Walking pad,Fitness,26.56,0.37,0.52,30,0.48,0.36,1
2026-07-15,GB,youtube,Walking pad,Fitness,42.76,0.34,0.55,30,0.48,0.36,1
2026-07-15,GB,marketplace,Walking pad,Fitness,28.64,0.31,0.53,30,0.48,0.36,1
2026-07-15,GB,news,Walking pad,Fitness,18.93,0.38,0.57,30,0.48,0.36,1
2026-07-15,GB,search,Millet snacks,Food,34.31,0.38,0.74,24,0.33,0.25,1
2026-07-15,GB,reddit,Millet snacks,Food,26.18,0.4,0.8,24,0.33,0.25,1
2026-07-15,GB,youtube,Millet snacks,Food,42.44,0.45,0.8,24,0.33,0.25,1
2026-07-15,GB,marketplace,Millet snacks,Food,31.22,0.49,0.75,24,0.33,0.25,1
2026-07-15,GB,news,Millet snacks,Food,18.29,0.38,0.81,24,0.33,0.25,1
2026-07-15,GB,search,Portable blender,Home,27.78,0.31,0.45,30,0.48,0.36,1
2026-07-15,GB,reddit,Portable blender,Home,18.81,0.35,0.51,30,0.48,0.36,1
2026-07-15,GB,youtube,Portable blender,Home,34.42,0.34,0.52,30,0.48,0.36,1
2026-07-15,GB,marketplace,Portable blender,Home,23.09,0.27,0.45,30,0.48,0.36,1
2026-07-15,GB,news,Portable blender,Home,13.62,0.27,0.44,30,0.48,0.36,1
2026-07-15,EU,search,Waterless skincare,Beauty,41.19,0.52,0.77,24,0.33,0.25,1
2026-07-15,EU,reddit,Waterless skincare,Beauty,31.05,0.56,0.76,24,0.33,0.25,1
2026-07-15,EU,youtube,Waterless skincare,Beauty,55.93,0.57,0.71,24,0.33,0.25,1
2026-07-15,EU,marketplace,Waterless skincare,Beauty,37.17,0.55,0.68,24,0.33,0.25,1
2026-07-15,EU,news,Waterless skincare,Beauty,24.82,0.47,0.72,24,0.33,0.25,1
2026-07-15,EU,search,Smart hydration bottle,Electronics,33.32,0.43,0.7,24,0.33,0.25,1
2026-07-15,EU,reddit,Smart hydration bottle,Electronics,26.38,0.45,0.71,24,0.33,0.25,1
2026-07-15,EU,youtube,Smart hydration bottle,Electronics,43.75,0.43,0.72,24,0.33,0.25,1
2026-07-15,EU,marketplace,Smart hydration bottle,Electronics,32.03,0.42,0.73,24,0.33,0.25,1
2026-07-15,EU,news,Smart hydration bottle,Electronics,19.18,0.51,0.64,24,0.33,0.25,1
2026-07-15,EU,search,Walking pad,Fitness,27.43,0.32,0.55,30,0.48,0.36,1
2026-07-15,EU,reddit,Walking pad,Fitness,22.89,0.34,0.51,30,0.48,0.36,1
2026-07-15,EU,youtube,Walking pad,Fitness,39.19,0.39,0.58,30,0.48,0.36,1
2026-07-15,EU,marketplace,Walking pad,Fitness,26.57,0.42,0.55,30,0.48,0.36,1
2026-07-15,EU,news,Walking pad,Fitness,16.02,0.37,0.53,30,0.48,0.36,1
2026-07-15,EU,search,Millet snacks,Food,32.31,0.45,0.73,24,0.33,0.25,1
2026-07-15,EU,reddit,Millet snacks,Food,25.46,0.39,0.8,24,0.33,0.25,1
2026-07-15,EU,youtube,Millet snacks,Food,44.05,0.45,0.72,24,0.33,0.25,1
2026-07-15,EU,marketplace,Millet snacks,Food,31.37,0.39,0.77,24,0.33,0.25,1
2026-07-15,EU,news,Millet snacks,Food,17.41,0.41,0.73,24,0.33,0.25,1
2026-07-15,EU,search,Portable blender,Home,27.83,0.34,0.44,30,0.48,0.36,1
2026-07-15,EU,reddit,Portable blender,Home,20.54,0.35,0.45,30,0.48,0.36,1
2026-07-15,EU,youtube,Portable blender,Home,35.98,0.31,0.47,30,0.48,0.36,1
2026-07-15,EU,marketplace,Portable blender,Home,26.17,0.28,0.47,30,0.48,0.36,1
2026-07-15,EU,news,Portable blender,Home,15.1,0.28,0.45,30,0.48,0.36,1
2026-07-15,IN,search,Waterless skincare,Beauty,44.28,0.55,0.72,24,0.33,0.25,1
2026-07-15,IN,reddit,Waterless skincare,Beauty,33.16,0.47,0.68,24,0.33,0.25,1
2026-07-15,IN,youtube,Waterless skincare,Beauty,60.13,0.52,0.75,24,0.33,0.25,1
2026-07-15,IN,marketplace,Waterless skincare,Beauty,43.35,0.52,0.72,24,0.33,0.25,1
2026-07-15,IN,news,Waterless skincare,Beauty,25.69,0.49,0.72,24,0.33,0.25,1
2026-07-15,IN,search,Smart hydration bottle,Electronics,38.0,0.47,0.69,24,0.33,0.25,1
2026-07-15,IN,reddit,Smart hydration bottle,Electronics,26.98,0.53,0.69,24,0.33,0.25,1
2026-07-15,IN,youtube,Smart hydration bottle,Electronics,51.78,0.42,0.64,24,0.33,0.25,1
2026-07-15,IN,marketplace,Smart hydration bottle,Electronics,34.56,0.5,0.66,24,0.33,0.25,1
2026-07-15,IN,news,Smart hydration bottle,Electronics,19.63,0.53,0.72,24,0.33,0.25,1
2026-07-15,IN,search,Walking pad,Fitness,28.3,0.35,0.55,30,0.48,0.36,1
2026-07-15,IN,reddit,Walking pad,Fitness,23.32,0.41,0.52,30,0.48,0.36,1
2026-07-15,IN,youtube,Walking pad,Fitness,40.6,0.32,0.52,30,0.48,0.36,1
2026-07-15,IN,marketplace,Walking pad,Fitness,26.19,0.4,0.54,30,0.48,0.36,1
2026-07-15,IN,news,Walking pad,Fitness,15.92,0.34,0.59,30,0.48,0.36,1
2026-07-15,IN,search,Millet snacks,Food,42.73,0.46,0.72,24,0.33,0.25,1
2026-07-15,IN,reddit,Millet snacks,Food,33.77,0.46,0.74,24,0.33,0.25,1
2026-07-15,IN,youtube,Millet snacks,Food,60.62,0.38,0.79,24,0.33,0.25,1
2026-07-15,IN,marketplace,Millet snacks,Food,38.64,0.49,0.75,24,0.33,0.25,1
2026-07-15,IN,news,Millet snacks,Food,22.52,0.38,0.78,24,0.33,0.25,1
2026-07-15,IN,search,Portable blender,Home,26.25,0.33,0.52,30,0.48,0.36,1
2026-07-15,IN,reddit,Portable blender,Home,18.46,0.31,0.51,30,0.48,0.36,1
2026-07-15,IN,youtube,Portable blender,Home,35.26,0.31,0.5,30,0.48,0.36,1
2026-07-15,IN,marketplace,Portable blender,Home,25.43,0.33,0.44,30,0.48,0.36,1
2026-07-15,IN,news,Portable blender,Home,13.81,0.25,0.48,30,0.48,0.36,1
2026-07-16,US,search,Waterless skincare,Beauty,38.39,0.52,0.68,25,0.33,0.25,1
2026-07-16,US,reddit,Waterless skincare,Beauty,29.56,0.56,0.69,25,0.33,0.25,1
2026-07-16,US,youtube,Waterless skincare,Beauty,52.28,0.53,0.69,25,0.33,0.25,1
2026-07-16,US,marketplace,Waterless skincare,Beauty,36.51,0.49,0.72,25,0.33,0.25,1
2026-07-16,US,news,Waterless skincare,Beauty,22.05,0.56,0.72,25,0.33,0.25,1
2026-07-16,US,search,Smart hydration bottle,Electronics,42.16,0.49,0.69,25,0.33,0.25,1
2026-07-16,US,reddit,Smart hydration bottle,Electronics,30.15,0.45,0.63,25,0.33,0.25,1
2026-07-16,US,youtube,Smart hydration bottle,Electronics,60.11,0.45,0.69,25,0.33,0.25,1
2026-07-16,US,marketplace,Smart hydration bottle,Electronics,36.63,0.46,0.71,25,0.33,0.25,1
2026-07-16,US,news,Smart hydration bottle,Electronics,24.34,0.53,0.66,25,0.33,0.25,1
2026-07-16,US,search,Walking pad,Fitness,31.01,0.41,0.58,30,0.48,0.36,1
2026-07-16,US,reddit,Walking pad,Fitness,23.83,0.42,0.59,30,0.48,0.36,1
2026-07-16,US,youtube,Walking pad,Fitness,47.49,0.33,0.56,30,0.48,0.36,1
2026-07-16,US,marketplace,Walking pad,Fitness,30.26,0.42,0.5,30,0.48,0.36,1
2026-07-16,US,news,Walking pad,Fitness,19.35,0.34,0.56,30,0.48,0.36,1
2026-07-16,US,search,Millet snacks,Food,35.92,0.42,0.76,25,0.33,0.25,1
2026-07-16,US,reddit,Millet snacks,Food,27.1,0.45,0.76,25,0.33,0.25,1
2026-07-16,US,youtube,Millet snacks,Food,44.04,0.39,0.76,25,0.33,0.25,1
2026-07-16,US,marketplace,Millet snacks,Food,31.97,0.38,0.74,25,0.33,0.25,1
2026-07-16,US,news,Millet snacks,Food,18.94,0.49,0.78,25,0.33,0.25,1
2026-07-16,US,search,Portable blender,Home,25.81,0.27,0.49,30,0.48,0.36,1
2026-07-16,US,reddit,Portable blender,Home,20.87,0.25,0.51,30,0.48,0.36,1
2026-07-16,US,youtube,Portable blender,Home,37.01,0.25,0.5,30,0.48,0.36,1
2026-07-16,US,marketplace,Portable blender,Home,23.09,0.3,0.51,30,0.48,0.36,1
2026-07-16,US,news,Portable blender,Home,14.11,0.34,0.44,30,0.48,0.36,1
2026-07-16,GB,search,Waterless skincare,Beauty,39.2,0.47,0.72,25,0.33,0.25,1
2026-07-16,GB,reddit,Waterless skincare,Beauty,31.69,0.53,0.67,25,0.33,0.25,1
2026-07-16,GB,youtube,Waterless skincare,Beauty,54.4,0.5,0.77,25,0.33,0.25,1
2026-07-16,GB,marketplace,Waterless skincare,Beauty,38.05,0.55,0.67,25,0.33,0.25,1
2026-07-16,GB,news,Waterless skincare,Beauty,24.66,0.52,0.73,25,0.33,0.25,1
2026-07-16,GB,search,Smart hydration bottle,Electronics,33.54,0.43,0.65,25,0.33,0.25,1
2026-07-16,GB,reddit,Smart hydration bottle,Electronics,27.18,0.5,0.7,25,0.33,0.25,1
2026-07-16,GB,youtube,Smart hydration bottle,Electronics,46.18,0.53,0.65,25,0.33,0.25,1
2026-07-16,GB,marketplace,Smart hydration bottle,Electronics,32.88,0.49,0.63,25,0.33,0.25,1
2026-07-16,GB,news,Smart hydration bottle,Electronics,20.35,0.48,0.73,25,0.33,0.25,1
2026-07-16,GB,search,Walking pad,Fitness,35.64,0.4,0.56,30,0.48,0.36,1
2026-07-16,GB,reddit,Walking pad,Fitness,24.57,0.4,0.55,30,0.48,0.36,1
2026-07-16,GB,youtube,Walking pad,Fitness,44.06,0.38,0.57,30,0.48,0.36,1
2026-07-16,GB,marketplace,Walking pad,Fitness,31.73,0.38,0.54,30,0.48,0.36,1
2026-07-16,GB,news,Walking pad,Fitness,18.88,0.39,0.54,30,0.48,0.36,1
2026-07-16,GB,search,Millet snacks,Food,31.51,0.45,0.76,25,0.33,0.25,1
2026-07-16,GB,reddit,Millet snacks,Food,23.15,0.39,0.71,25,0.33,0.25,1
2026-07-16,GB,youtube,Millet snacks,Food,43.65,0.43,0.73,25,0.33,0.25,1
2026-07-16,GB,marketplace,Millet snacks,Food,30.87,0.42,0.8,25,0.33,0.25,1
2026-07-16,GB,news,Millet snacks,Food,17.15,0.42,0.75,25,0.33,0.25,1
2026-07-16,GB,search,Portable blender,Home,24.84,0.26,0.5,30,0.48,0.36,1
2026-07-16,GB,reddit,Portable blender,Home,18.57,0.31,0.49,30,0.48,0.36,1
2026-07-16,GB,youtube,Portable blender,Home,33.77,0.26,0.43,30,0.48,0.36,1
2026-07-16,GB,marketplace,Portable blender,Home,22.98,0.29,0.47,30,0.48,0.36,1
2026-07-16,GB,news,Portable blender,Home,14.72,0.31,0.51,30,0.48,0.36,1
2026-07-16,EU,search,Waterless skincare,Beauty,42.82,0.5,0.75,25,0.33,0.25,1
2026-07-16,EU,reddit,Waterless skincare,Beauty,33.06,0.57,0.7,25,0.33,0.25,1
2026-07-16,EU,youtube,Waterless skincare,Beauty,62.65,0.46,0.7,25,0.33,0.25,1
2026-07-16,EU,marketplace,Waterless skincare,Beauty,37.92,0.55,0.76,25,0.33,0.25,1
2026-07-16,EU,news,Waterless skincare,Beauty,23.14,0.5,0.67,25,0.33,0.25,1
2026-07-16,EU,search,Smart hydration bottle,Electronics,32.58,0.42,0.7,25,0.33,0.25,1
2026-07-16,EU,reddit,Smart hydration bottle,Electronics,25.44,0.5,0.66,25,0.33,0.25,1
2026-07-16,EU,youtube,Smart hydration bottle,Electronics,49.98,0.46,0.64,25,0.33,0.25,1
2026-07-16,EU,marketplace,Smart hydration bottle,Electronics,31.53,0.45,0.66,25,0.33,0.25,1
2026-07-16,EU,news,Smart hydration bottle,Electronics,20.4,0.53,0.67,25,0.33,0.25,1
2026-07-16,EU,search,Walking pad,Fitness,30.44,0.37,0.54,30,0.48,0.36,1
2026-07-16,EU,reddit,Walking pad,Fitness,20.78,0.33,0.55,30,0.48,0.36,1
2026-07-16,EU,youtube,Walking pad,Fitness,37.83,0.4,0.52,30,0.48,0.36,1
2026-07-16,EU,marketplace,Walking pad,Fitness,24.87,0.4,0.57,30,0.48,0.36,1
2026-07-16,EU,news,Walking pad,Fitness,15.53,0.33,0.52,30,0.48,0.36,1
2026-07-16,EU,search,Millet snacks,Food,30.78,0.46,0.8,25,0.33,0.25,1
2026-07-16,EU,reddit,Millet snacks,Food,23.28,0.43,0.71,25,0.33,0.25,1
2026-07-16,EU,youtube,Millet snacks,Food,41.16,0.48,0.77,25,0.33,0.25,1
2026-07-16,EU,marketplace,Millet snacks,Food,28.98,0.49,0.78,25,0.33,0.25,1
2026-07-16,EU,news,Millet snacks,Food,18.23,0.43,0.72,25,0.33,0.25,1
2026-07-16,EU,search,Portable blender,Home,27.57,0.25,0.44,30,0.48,0.36,1
2026-07-16,EU,reddit,Portable blender,Home,20.19,0.27,0.47,30,0.48,0.36,1
2026-07-16,EU,youtube,Portable blender,Home,38.54,0.33,0.52,30,0.48,0.36,1
2026-07-16,EU,marketplace,Portable blender,Home,25.04,0.26,0.45,30,0.48,0.36,1
2026-07-16,EU,news,Portable blender,Home,15.41,0.31,0.48,30,0.48,0.36,1
2026-07-16,IN,search,Waterless skincare,Beauty,48.75,0.46,0.69,25,0.33,0.25,1
2026-07-16,IN,reddit,Waterless skincare,Beauty,32.42,0.5,0.67,25,0.33,0.25,1
2026-07-16,IN,youtube,Waterless skincare,Beauty,59.13,0.56,0.73,25,0.33,0.25,1
2026-07-16,IN,marketplace,Waterless skincare,Beauty,41.06,0.5,0.75,25,0.33,0.25,1
2026-07-16,IN,news,Waterless skincare,Beauty,26.22,0.46,0.69,25,0.33,0.25,1
2026-07-16,IN,search,Smart hydration bottle,Electronics,35.63,0.5,0.63,25,0.33,0.25,1
2026-07-16,IN,reddit,Smart hydration bottle,Electronics,27.32,0.49,0.65,25,0.33,0.25,1
2026-07-16,IN,youtube,Smart hydration bottle,Electronics,49.47,0.47,0.68,25,0.33,0.25,1
2026-07-16,IN,marketplace,Smart hydration bottle,Electronics,32.91,0.42,0.69,25,0.33,0.25,1
2026-07-16,IN,news,Smart hydration bottle,Electronics,18.95,0.48,0.66,25,0.33,0.25,1
2026-07-16,IN,search,Walking pad,Fitness,27.84,0.32,0.58,30,0.48,0.36,1
2026-07-16,IN,reddit,Walking pad,Fitness,21.74,0.39,0.53,30,0.48,0.36,1
2026-07-16,IN,youtube,Walking pad,Fitness,39.77,0.37,0.54,30,0.48,0.36,1
2026-07-16,IN,marketplace,Walking pad,Fitness,28.29,0.34,0.57,30,0.48,0.36,1
2026-07-16,IN,news,Walking pad,Fitness,16.4,0.38,0.59,30,0.48,0.36,1
2026-07-16,IN,search,Millet snacks,Food,41.31,0.41,0.79,25,0.33,0.25,1
2026-07-16,IN,reddit,Millet snacks,Food,33.24,0.5,0.72,25,0.33,0.25,1
2026-07-16,IN,youtube,Millet snacks,Food,55.83,0.49,0.78,25,0.33,0.25,1
2026-07-16,IN,marketplace,Millet snacks,Food,38.49,0.49,0.76,25,0.33,0.25,1
2026-07-16,IN,news,Millet snacks,Food,22.22,0.42,0.74,25,0.33,0.25,1
2026-07-16,IN,search,Portable blender,Home,27.27,0.34,0.47,30,0.48,0.36,1
2026-07-16,IN,reddit,Portable blender,Home,20.59,0.25,0.46,30,0.48,0.36,1
2026-07-16,IN,youtube,Portable blender,Home,36.93,0.26,0.49,30,0.48,0.36,1
2026-07-16,IN,marketplace,Portable blender,Home,25.14,0.35,0.5,30,0.48,0.36,1
2026-07-16,IN,news,Portable blender,Home,15.49,0.29,0.47,30,0.48,0.36,1
2026-07-17,US,search,Waterless skincare,Beauty,40.11,0.47,0.69,25,0.33,0.25,1
2026-07-17,US,reddit,Waterless skincare,Beauty,30.27,0.57,0.71,25,0.33,0.25,1
2026-07-17,US,youtube,Waterless skincare,Beauty,51.83,0.55,0.69,25,0.33,0.25,1
2026-07-17,US,marketplace,Waterless skincare,Beauty,34.36,0.54,0.7,25,0.33,0.25,1
2026-07-17,US,news,Waterless skincare,Beauty,22.43,0.51,0.68,25,0.33,0.25,1
2026-07-17,US,search,Smart hydration bottle,Electronics,44.56,0.42,0.64,25,0.33,0.25,1
2026-07-17,US,reddit,Smart hydration bottle,Electronics,30.46,0.43,0.68,25,0.33,0.25,1
2026-07-17,US,youtube,Smart hydration bottle,Electronics,58.74,0.53,0.63,25,0.33,0.25,1
2026-07-17,US,marketplace,Smart hydration bottle,Electronics,39.61,0.47,0.67,25,0.33,0.25,1
2026-07-17,US,news,Smart hydration bottle,Electronics,23.23,0.43,0.65,25,0.33,0.25,1
2026-07-17,US,search,Walking pad,Fitness,33.18,0.37,0.56,31,0.49,0.37,1
2026-07-17,US,reddit,Walking pad,Fitness,23.44,0.32,0.58,31,0.49,0.37,1
2026-07-17,US,youtube,Walking pad,Fitness,44.98,0.34,0.55,31,0.49,0.37,1
2026-07-17,US,marketplace,Walking pad,Fitness,29.56,0.42,0.51,31,0.49,0.37,1
2026-07-17,US,news,Walking pad,Fitness,17.74,0.33,0.53,31,0.49,0.37,1
2026-07-17,US,search,Millet snacks,Food,31.7,0.38,0.78,25,0.33,0.25,1
2026-07-17,US,reddit,Millet snacks,Food,25.32,0.42,0.8,25,0.33,0.25,1
2026-07-17,US,youtube,Millet snacks,Food,46.32,0.44,0.8,25,0.33,0.25,1
2026-07-17,US,marketplace,Millet snacks,Food,29.08,0.41,0.78,25,0.33,0.25,1
2026-07-17,US,news,Millet snacks,Food,17.92,0.41,0.74,25,0.33,0.25,1
2026-07-17,US,search,Portable blender,Home,27.03,0.3,0.47,31,0.49,0.37,1
2026-07-17,US,reddit,Portable blender,Home,20.15,0.25,0.48,31,0.49,0.37,1
2026-07-17,US,youtube,Portable blender,Home,38.02,0.32,0.44,31,0.49,0.37,1
2026-07-17,US,marketplace,Portable blender,Home,24.33,0.26,0.5,31,0.49,0.37,1
2026-07-17,US,news,Portable blender,Home,14.37,0.3,0.52,31,0.49,0.37,1
2026-07-17,GB,search,Waterless skincare,Beauty,41.25,0.49,0.72,25,0.33,0.25,1
2026-07-17,GB,reddit,Waterless skincare,Beauty,29.61,0.47,0.7,25,0.33,0.25,1
2026-07-17,GB,youtube,Waterless skincare,Beauty,59.92,0.56,0.75,25,0.33,0.25,1
2026-07-17,GB,marketplace,Waterless skincare,Beauty,36.19,0.51,0.7,25,0.33,0.25,1
2026-07-17,GB,news,Waterless skincare,Beauty,22.98,0.56,0.76,25,0.33,0.25,1
2026-07-17,GB,search,Smart hydration bottle,Electronics,37.46,0.46,0.71,25,0.33,0.25,1
2026-07-17,GB,reddit,Smart hydration bottle,Electronics,26.66,0.53,0.66,25,0.33,0.25,1
2026-07-17,GB,youtube,Smart hydration bottle,Electronics,47.04,0.53,0.72,25,0.33,0.25,1
2026-07-17,GB,marketplace,Smart hydration bottle,Electronics,32.0,0.52,0.7,25,0.33,0.25,1
2026-07-17,GB,news,Smart hydration bottle,Electronics,19.08,0.51,0.69,25,0.33,0.25,1
2026-07-17,GB,search,Walking pad,Fitness,35.99,0.34,0.54,31,0.49,0.37,1
2026-07-17,GB,reddit,Walking pad,Fitness,24.57,0.36,0.52,31,0.49,0.37,1
2026-07-17,GB,youtube,Walking pad,Fitness,47.54,0.38,0.57,31,0.49,0.37,1
2026-07-17,GB,marketplace,Walking pad,Fitness,31.76,0.31,0.54,31,0.49,0.37,1
2026-07-17,GB,news,Walking pad,Fitness,17.61,0.31,0.54,31,0.49,0.37,1
2026-07-17,GB,search,Millet snacks,Food,31.51,0.45,0.74,25,0.33,0.25,1
2026-07-17,GB,reddit,Millet snacks,Food,25.04,0.42,0.72,25,0.33,0.25,1
2026-07-17,GB,youtube,Millet snacks,Food,46.87,0.39,0.75,25,0.33,0.25,1
2026-07-17,GB,marketplace,Millet snacks,Food,28.35,0.43,0.75,25,0.33,0.25,1
2026-07-17,GB,news,Millet snacks,Food,18.26,0.45,0.73,25,0.33,0.25,1
2026-07-17,GB,search,Portable blender,Home,25.68,0.24,0.47,31,0.49,0.37,1
2026-07-17,GB,reddit,Portable blender,Home,20.52,0.27,0.52,31,0.49,0.37,1
2026-07-17,GB,youtube,Portable blender,Home,37.39,0.24,0.49,31,0.49,0.37,1
2026-07-17,GB,marketplace,Portable blender,Home,23.05,0.34,0.5,31,0.49,0.37,1
2026-07-17,GB,news,Portable blender,Home,15.3,0.26,0.51,31,0.49,0.37,1
2026-07-17,EU,search,Waterless skincare,Beauty,43.07,0.52,0.73,25,0.33,0.25,1
2026-07-17,EU,reddit,Waterless skincare,Beauty,34.93,0.57,0.74,25,0.33,0.25,1
2026-07-17,EU,youtube,Waterless skincare,Beauty,61.81,0.46,0.76,25,0.33,0.25,1
2026-07-17,EU,marketplace,Waterless skincare,Beauty,42.56,0.55,0.72,25,0.33,0.25,1
2026-07-17,EU,news,Waterless skincare,Beauty,25.68,0.5,0.76,25,0.33,0.25,1
2026-07-17,EU,search,Smart hydration bottle,Electronics,34.0,0.49,0.68,25,0.33,0.25,1
2026-07-17,EU,reddit,Smart hydration bottle,Electronics,25.18,0.49,0.68,25,0.33,0.25,1
2026-07-17,EU,youtube,Smart hydration bottle,Electronics,44.59,0.47,0.7,25,0.33,0.25,1
2026-07-17,EU,marketplace,Smart hydration bottle,Electronics,33.5,0.53,0.64,25,0.33,0.25,1
2026-07-17,EU,news,Smart hydration bottle,Electronics,18.57,0.47,0.7,25,0.33,0.25,1
2026-07-17,EU,search,Walking pad,Fitness,27.72,0.31,0.56,31,0.49,0.37,1
2026-07-17,EU,reddit,Walking pad,Fitness,22.47,0.34,0.57,31,0.49,0.37,1
2026-07-17,EU,youtube,Walking pad,Fitness,38.74,0.36,0.57,31,0.49,0.37,1
2026-07-17,EU,marketplace,Walking pad,Fitness,24.42,0.33,0.56,31,0.49,0.37,1
2026-07-17,EU,news,Walking pad,Fitness,16.4,0.41,0.58,31,0.49,0.37,1
2026-07-17,EU,search,Millet snacks,Food,34.22,0.43,0.71,25,0.33,0.25,1
2026-07-17,EU,reddit,Millet snacks,Food,23.11,0.4,0.79,25,0.33,0.25,1
2026-07-17,EU,youtube,Millet snacks,Food,42.12,0.48,0.79,25,0.33,0.25,1
2026-07-17,EU,marketplace,Millet snacks,Food,31.14,0.47,0.76,25,0.33,0.25,1
2026-07-17,EU,news,Millet snacks,Food,18.05,0.41,0.75,25,0.33,0.25,1
2026-07-17,EU,search,Portable blender,Home,27.4,0.35,0.48,31,0.49,0.37,1
2026-07-17,EU,reddit,Portable blender,Home,20.41,0.33,0.47,31,0.49,0.37,1
2026-07-17,EU,youtube,Portable blender,Home,38.06,0.3,0.43,31,0.49,0.37,1
2026-07-17,EU,marketplace,Portable blender,Home,26.58,0.25,0.53,31,0.49,0.37,1
2026-07-17,EU,news,Portable blender,Home,15.7,0.28,0.5,31,0.49,0.37,1
2026-07-17,IN,search,Waterless skincare,Beauty,46.8,0.54,0.71,25,0.33,0.25,1
2026-07-17,IN,reddit,Waterless skincare,Beauty,36.13,0.54,0.7,25,0.33,0.25,1
2026-07-17,IN,youtube,Waterless skincare,Beauty,65.61,0.57,0.76,25,0.33,0.25,1
2026-07-17,IN,marketplace,Waterless skincare,Beauty,41.9,0.46,0.77,25,0.33,0.25,1
2026-07-17,IN,news,Waterless skincare,Beauty,26.73,0.49,0.74,25,0.33,0.25,1
2026-07-17,IN,search,Smart hydration bottle,Electronics,33.95,0.52,0.64,25,0.33,0.25,1
2026-07-17,IN,reddit,Smart hydration bottle,Electronics,27.63,0.51,0.64,25,0.33,0.25,1
2026-07-17,IN,youtube,Smart hydration bottle,Electronics,49.33,0.44,0.63,25,0.33,0.25,1
2026-07-17,IN,marketplace,Smart hydration bottle,Electronics,33.29,0.52,0.63,25,0.33,0.25,1
2026-07-17,IN,news,Smart hydration bottle,Electronics,18.83,0.45,0.67,25,0.33,0.25,1
2026-07-17,IN,search,Walking pad,Fitness,29.44,0.4,0.55,31,0.49,0.37,1
2026-07-17,IN,reddit,Walking pad,Fitness,22.75,0.39,0.51,31,0.49,0.37,1
2026-07-17,IN,youtube,Walking pad,Fitness,41.99,0.33,0.55,31,0.49,0.37,1
2026-07-17,IN,marketplace,Walking pad,Fitness,26.62,0.38,0.57,31,0.49,0.37,1
2026-07-17,IN,news,Walking pad,Fitness,15.19,0.34,0.51,31,0.49,0.37,1
2026-07-17,IN,search,Millet snacks,Food,41.79,0.41,0.72,25,0.33,0.25,1
2026-07-17,IN,reddit,Millet snacks,Food,31.9,0.49,0.74,25,0.33,0.25,1
2026-07-17,IN,youtube,Millet snacks,Food,59.72,0.48,0.73,25,0.33,0.25,1
2026-07-17,IN,marketplace,Millet snacks,Food,39.53,0.39,0.76,25,0.33,0.25,1
2026-07-17,IN,news,Millet snacks,Food,22.77,0.42,0.74,25,0.33,0.25,1
2026-07-17,IN,search,Portable blender,Home,26.42,0.26,0.49,31,0.49,0.37,1
2026-07-17,IN,reddit,Portable blender,Home,18.45,0.35,0.48,31,0.49,0.37,1
2026-07-17,IN,youtube,Portable blender,Home,34.73,0.27,0.44,31,0.49,0.37,1
2026-07-17,IN,marketplace,Portable blender,Home,24.9,0.29,0.46,31,0.49,0.37,1
2026-07-17,IN,news,Portable blender,Home,13.69,0.35,0.43,31,0.49,0.37,1
2026-07-18,US,search,Waterless skincare,Beauty,43.08,0.55,0.74,25,0.34,0.25,1
2026-07-18,US,reddit,Waterless skincare,Beauty,30.24,0.53,0.74,25,0.34,0.25,1
2026-07-18,US,youtube,Waterless skincare,Beauty,56.29,0.48,0.74,25,0.34,0.25,1
2026-07-18,US,marketplace,Waterless skincare,Beauty,36.44,0.47,0.72,25,0.34,0.25,1
2026-07-18,US,news,Waterless skincare,Beauty,22.12,0.58,0.72,25,0.34,0.25,1
2026-07-18,US,search,Smart hydration bottle,Electronics,43.04,0.43,0.69,25,0.34,0.25,1
2026-07-18,US,reddit,Smart hydration bottle,Electronics,34.13,0.46,0.67,25,0.34,0.25,1
2026-07-18,US,youtube,Smart hydration bottle,Electronics,60.68,0.48,0.7,25,0.34,0.25,1
2026-07-18,US,marketplace,Smart hydration bottle,Electronics,37.3,0.42,0.72,25,0.34,0.25,1
2026-07-18,US,news,Smart hydration bottle,Electronics,24.67,0.52,0.66,25,0.34,0.25,1
2026-07-18,US,search,Walking pad,Fitness,35.59,0.33,0.52,31,0.49,0.37,1
2026-07-18,US,reddit,Walking pad,Fitness,24.51,0.37,0.56,31,0.49,0.37,1
2026-07-18,US,youtube,Walking pad,Fitness,44.54,0.36,0.51,31,0.49,0.37,1
2026-07-18,US,marketplace,Walking pad,Fitness,29.47,0.35,0.52,31,0.49,0.37,1
2026-07-18,US,news,Walking pad,Fitness,17.7,0.39,0.58,31,0.49,0.37,1
2026-07-18,US,search,Millet snacks,Food,34.21,0.41,0.75,25,0.34,0.25,1
2026-07-18,US,reddit,Millet snacks,Food,26.2,0.39,0.8,25,0.34,0.25,1
2026-07-18,US,youtube,Millet snacks,Food,47.42,0.42,0.71,25,0.34,0.25,1
2026-07-18,US,marketplace,Millet snacks,Food,31.53,0.44,0.74,25,0.34,0.25,1
2026-07-18,US,news,Millet snacks,Food,18.59,0.44,0.77,25,0.34,0.25,1
2026-07-18,US,search,Portable blender,Home,25.41,0.33,0.51,31,0.49,0.37,1
2026-07-18,US,reddit,Portable blender,Home,18.49,0.33,0.46,31,0.49,0.37,1
2026-07-18,US,youtube,Portable blender,Home,34.05,0.33,0.45,31,0.49,0.37,1
2026-07-18,US,marketplace,Portable blender,Home,24.69,0.29,0.49,31,0.49,0.37,1
2026-07-18,US,news,Portable blender,Home,14.87,0.27,0.44,31,0.49,0.37,1
2026-07-18,GB,search,Waterless skincare,Beauty,41.77,0.55,0.68,25,0.34,0.25,1
2026-07-18,GB,reddit,Waterless skincare,Beauty,31.1,0.56,0.71,25,0.34,0.25,1
2026-07-18,GB,youtube,Waterless skincare,Beauty,55.82,0.47,0.69,25,0.34,0.25,1
2026-07-18,GB,marketplace,Waterless skincare,Beauty,39.91,0.52,0.69,25,0.34,0.25,1
2026-07-18,GB,news,Waterless skincare,Beauty,24.76,0.52,0.73,25,0.34,0.25,1
2026-07-18,GB,search,Smart hydration bottle,Electronics,35.7,0.52,0.71,25,0.34,0.25,1
2026-07-18,GB,reddit,Smart hydration bottle,Electronics,27.41,0.51,0.65,25,0.34,0.25,1
2026-07-18,GB,youtube,Smart hydration bottle,Electronics,50.86,0.52,0.73,25,0.34,0.25,1
2026-07-18,GB,marketplace,Smart hydration bottle,Electronics,33.59,0.47,0.72,25,0.34,0.25,1
2026-07-18,GB,news,Smart hydration bottle,Electronics,20.96,0.43,0.72,25,0.34,0.25,1
2026-07-18,GB,search,Walking pad,Fitness,33.85,0.32,0.51,31,0.49,0.37,1
2026-07-18,GB,reddit,Walking pad,Fitness,26.21,0.39,0.59,31,0.49,0.37,1
2026-07-18,GB,youtube,Walking pad,Fitness,43.76,0.4,0.51,31,0.49,0.37,1
2026-07-18,GB,marketplace,Walking pad,Fitness,30.21,0.32,0.51,31,0.49,0.37,1
2026-07-18,GB,news,Walking pad,Fitness,19.47,0.39,0.53,31,0.49,0.37,1
2026-07-18,GB,search,Millet snacks,Food,31.98,0.46,0.76,25,0.34,0.25,1
2026-07-18,GB,reddit,Millet snacks,Food,26.42,0.49,0.74,25,0.34,0.25,1
2026-07-18,GB,youtube,Millet snacks,Food,46.11,0.48,0.78,25,0.34,0.25,1
2026-07-18,GB,marketplace,Millet snacks,Food,29.85,0.44,0.79,25,0.34,0.25,1
2026-07-18,GB,news,Millet snacks,Food,19.24,0.47,0.8,25,0.34,0.25,1
2026-07-18,GB,search,Portable blender,Home,27.99,0.32,0.49,31,0.49,0.37,1
2026-07-18,GB,reddit,Portable blender,Home,19.72,0.28,0.5,31,0.49,0.37,1
2026-07-18,GB,youtube,Portable blender,Home,35.3,0.33,0.47,31,0.49,0.37,1
2026-07-18,GB,marketplace,Portable blender,Home,23.6,0.27,0.49,31,0.49,0.37,1
2026-07-18,GB,news,Portable blender,Home,14.97,0.28,0.52,31,0.49,0.37,1
2026-07-18,EU,search,Waterless skincare,Beauty,42.8,0.55,0.67,25,0.34,0.25,1
2026-07-18,EU,reddit,Waterless skincare,Beauty,34.08,0.5,0.69,25,0.34,0.25,1
2026-07-18,EU,youtube,Waterless skincare,Beauty,63.11,0.49,0.68,25,0.34,0.25,1
2026-07-18,EU,marketplace,Waterless skincare,Beauty,41.23,0.54,0.71,25,0.34,0.25,1
2026-07-18,EU,news,Waterless skincare,Beauty,25.56,0.53,0.77,25,0.34,0.25,1
2026-07-18,EU,search,Smart hydration bottle,Electronics,33.68,0.52,0.69,25,0.34,0.25,1
2026-07-18,EU,reddit,Smart hydration bottle,Electronics,27.4,0.44,0.69,25,0.34,0.25,1
2026-07-18,EU,youtube,Smart hydration bottle,Electronics,44.35,0.42,0.7,25,0.34,0.25,1
2026-07-18,EU,marketplace,Smart hydration bottle,Electronics,31.63,0.44,0.64,25,0.34,0.25,1
2026-07-18,EU,news,Smart hydration bottle,Electronics,18.34,0.47,0.69,25,0.34,0.25,1
2026-07-18,EU,search,Walking pad,Fitness,27.64,0.42,0.53,31,0.49,0.37,1
2026-07-18,EU,reddit,Walking pad,Fitness,22.67,0.32,0.51,31,0.49,0.37,1
2026-07-18,EU,youtube,Walking pad,Fitness,40.6,0.42,0.54,31,0.49,0.37,1
2026-07-18,EU,marketplace,Walking pad,Fitness,24.57,0.31,0.54,31,0.49,0.37,1
2026-07-18,EU,news,Walking pad,Fitness,16.21,0.39,0.57,31,0.49,0.37,1
2026-07-18,EU,search,Millet snacks,Food,34.57,0.49,0.77,25,0.34,0.25,1
2026-07-18,EU,reddit,Millet snacks,Food,25.99,0.49,0.73,25,0.34,0.25,1
2026-07-18,EU,youtube,Millet snacks,Food,43.39,0.44,0.78,25,0.34,0.25,1
2026-07-18,EU,marketplace,Millet snacks,Food,29.09,0.49,0.77,25,0.34,0.25,1
2026-07-18,EU,news,Millet snacks,Food,17.14,0.45,0.76,25,0.34,0.25,1
2026-07-18,EU,search,Portable blender,Home,26.8,0.27,0.45,31,0.49,0.37,1
2026-07-18,EU,reddit,Portable blender,Home,22.51,0.3,0.47,31,0.49,0.37,1
2026-07-18,EU,youtube,Portable blender,Home,39.1,0.34,0.5,31,0.49,0.37,1
2026-07-18,EU,marketplace,Portable blender,Home,24.66,0.25,0.52,31,0.49,0.37,1
2026-07-18,EU,news,Portable blender,Home,14.74,0.35,0.48,31,0.49,0.37,1
2026-07-18,IN,search,Waterless skincare,Beauty,43.96,0.54,0.71,25,0.34,0.25,1
2026-07-18,IN,reddit,Waterless skincare,Beauty,33.0,0.52,0.7,25,0.34,0.25,1
2026-07-18,IN,youtube,Waterless skincare,Beauty,62.84,0.49,0.76,25,0.34,0.25,1
2026-07-18,IN,marketplace,Waterless skincare,Beauty,44.01,0.58,0.72,25,0.34,0.25,1
2026-07-18,IN,news,Waterless skincare,Beauty,24.14,0.46,0.75,25,0.34,0.25,1
2026-07-18,IN,search,Smart hydration bottle,Electronics,37.42,0.5,0.7,25,0.34,0.25,1
2026-07-18,IN,reddit,Smart hydration bottle,Electronics,25.51,0.46,0.63,25,0.34,0.25,1
2026-07-18,IN,youtube,Smart hydration bottle,Electronics,47.87,0.5,0.71,25,0.34,0.25,1
2026-07-18,IN,marketplace,Smart hydration bottle,Electronics,31.98,0.49,0.69,25,0.34,0.25,1
2026-07-18,IN,news,Smart hydration bottle,Electronics,19.6,0.44,0.64,25,0.34,0.25,1
2026-07-18,IN,search,Walking pad,Fitness,31.2,0.36,0.57,31,0.49,0.37,1
2026-07-18,IN,reddit,Walking pad,Fitness,22.94,0.41,0.57,31,0.49,0.37,1
2026-07-18,IN,youtube,Walking pad,Fitness,38.32,0.34,0.59,31,0.49,0.37,1
2026-07-18,IN,marketplace,Walking pad,Fitness,27.96,0.42,0.54,31,0.49,0.37,1
2026-07-18,IN,news,Walking pad,Fitness,16.79,0.41,0.52,31,0.49,0.37,1
2026-07-18,IN,search,Millet snacks,Food,40.38,0.49,0.72,25,0.34,0.25,1
2026-07-18,IN,reddit,Millet snacks,Food,30.4,0.39,0.79,25,0.34,0.25,1
2026-07-18,IN,youtube,Millet snacks,Food,59.24,0.39,0.75,25,0.34,0.25,1
2026-07-18,IN,marketplace,Millet snacks,Food,36.9,0.38,0.8,25,0.34,0.25,1
2026-07-18,IN,news,Millet snacks,Food,25.02,0.44,0.71,25,0.34,0.25,1
2026-07-18,IN,search,Portable blender,Home,26.55,0.35,0.45,31,0.49,0.37,1
2026-07-18,IN,reddit,Portable blender,Home,20.39,0.27,0.46,31,0.49,0.37,1
2026-07-18,IN,youtube,Portable blender,Home,37.61,0.31,0.45,31,0.49,0.37,1
2026-07-18,IN,marketplace,Portable blender,Home,24.41,0.31,0.45,31,0.49,0.37,1
2026-07-18,IN,news,Portable blender,Home,15.41,0.32,0.49,31,0.49,0.37,1
2026-07-19,US,search,Waterless skincare,Beauty,40.8,0.47,0.75,25,0.34,0.25,1
2026-07-19,US,reddit,Waterless skincare,Beauty,30.5,0.52,0.73,25,0.34,0.25,1
2026-07-19,US,youtube,Waterless skincare,Beauty,55.81,0.56,0.68,25,0.34,0.25,1
2026-07-19,US,marketplace,Waterless skincare,Beauty,35.26,0.54,0.72,25,0.34,0.25,1
2026-07-19,US,news,Waterless skincare,Beauty,22.22,0.58,0.75,25,0.34,0.25,1
2026-07-19,US,search,Smart hydration bottle,Electronics,42.67,0.47,0.7,25,0.34,0.25,1
2026-07-19,US,reddit,Smart hydration bottle,Electronics,31.79,0.47,0.63,25,0.34,0.25,1
2026-07-19,US,youtube,Smart hydration bottle,Electronics,57.98,0.5,0.64,25,0.34,0.25,1
2026-07-19,US,marketplace,Smart hydration bottle,Electronics,41.31,0.53,0.63,25,0.34,0.25,1
2026-07-19,US,news,Smart hydration bottle,Electronics,23.62,0.48,0.65,25,0.34,0.25,1
2026-07-19,US,search,Walking pad,Fitness,34.84,0.34,0.59,32,0.5,0.37,1
2026-07-19,US,reddit,Walking pad,Fitness,24.91,0.42,0.56,32,0.5,0.37,1
2026-07-19,US,youtube,Walking pad,Fitness,46.01,0.34,0.51,32,0.5,0.37,1
2026-07-19,US,marketplace,Walking pad,Fitness,30.42,0.43,0.57,32,0.5,0.37,1
2026-07-19,US,news,Walking pad,Fitness,17.51,0.36,0.52,32,0.5,0.37,1
2026-07-19,US,search,Millet snacks,Food,36.81,0.47,0.75,25,0.34,0.25,1
2026-07-19,US,reddit,Millet snacks,Food,24.11,0.47,0.75,25,0.34,0.25,1
2026-07-19,US,youtube,Millet snacks,Food,46.36,0.44,0.8,25,0.34,0.25,1
2026-07-19,US,marketplace,Millet snacks,Food,31.01,0.44,0.8,25,0.34,0.25,1
2026-07-19,US,news,Millet snacks,Food,17.93,0.44,0.79,25,0.34,0.25,1
2026-07-19,US,search,Portable blender,Home,25.53,0.35,0.47,32,0.5,0.37,1
2026-07-19,US,reddit,Portable blender,Home,20.01,0.31,0.47,32,0.5,0.37,1
2026-07-19,US,youtube,Portable blender,Home,33.81,0.31,0.52,32,0.5,0.37,1
2026-07-19,US,marketplace,Portable blender,Home,24.87,0.25,0.52,32,0.5,0.37,1
2026-07-19,US,news,Portable blender,Home,13.95,0.25,0.47,32,0.5,0.37,1
2026-07-19,GB,search,Waterless skincare,Beauty,42.57,0.52,0.74,25,0.34,0.25,1
2026-07-19,GB,reddit,Waterless skincare,Beauty,30.02,0.54,0.69,25,0.34,0.25,1
2026-07-19,GB,youtube,Waterless skincare,Beauty,59.17,0.47,0.71,25,0.34,0.25,1
2026-07-19,GB,marketplace,Waterless skincare,Beauty,40.38,0.48,0.73,25,0.34,0.25,1
2026-07-19,GB,news,Waterless skincare,Beauty,24.1,0.54,0.74,25,0.34,0.25,1
2026-07-19,GB,search,Smart hydration bottle,Electronics,38.51,0.42,0.66,25,0.34,0.25,1
2026-07-19,GB,reddit,Smart hydration bottle,Electronics,27.43,0.51,0.69,25,0.34,0.25,1
2026-07-19,GB,youtube,Smart hydration bottle,Electronics,46.1,0.45,0.69,25,0.34,0.25,1
2026-07-19,GB,marketplace,Smart hydration bottle,Electronics,32.44,0.43,0.66,25,0.34,0.25,1
2026-07-19,GB,news,Smart hydration bottle,Electronics,20.17,0.47,0.66,25,0.34,0.25,1
2026-07-19,GB,search,Walking pad,Fitness,34.25,0.33,0.56,32,0.5,0.37,1
2026-07-19,GB,reddit,Walking pad,Fitness,27.15,0.37,0.53,32,0.5,0.37,1
2026-07-19,GB,youtube,Walking pad,Fitness,48.65,0.42,0.59,32,0.5,0.37,1
2026-07-19,GB,marketplace,Walking pad,Fitness,29.72,0.4,0.51,32,0.5,0.37,1
2026-07-19,GB,news,Walking pad,Fitness,19.88,0.35,0.55,32,0.5,0.37,1
2026-07-19,GB,search,Millet snacks,Food,34.04,0.45,0.81,25,0.34,0.25,1
2026-07-19,GB,reddit,Millet snacks,Food,23.96,0.49,0.8,25,0.34,0.25,1
2026-07-19,GB,youtube,Millet snacks,Food,47.76,0.42,0.72,25,0.34,0.25,1
2026-07-19,GB,marketplace,Millet snacks,Food,30.42,0.39,0.72,25,0.34,0.25,1
2026-07-19,GB,news,Millet snacks,Food,19.74,0.44,0.71,25,0.34,0.25,1
2026-07-19,GB,search,Portable blender,Home,27.86,0.28,0.43,32,0.5,0.37,1
2026-07-19,GB,reddit,Portable blender,Home,20.47,0.26,0.46,32,0.5,0.37,1
2026-07-19,GB,youtube,Portable blender,Home,36.77,0.26,0.52,32,0.5,0.37,1
2026-07-19,GB,marketplace,Portable blender,Home,24.03,0.34,0.46,32,0.5,0.37,1
2026-07-19,GB,news,Portable blender,Home,14.49,0.24,0.45,32,0.5,0.37,1
2026-07-19,EU,search,Waterless skincare,Beauty,42.1,0.48,0.69,25,0.34,0.25,1
2026-07-19,EU,reddit,Waterless skincare,Beauty,32.08,0.55,0.68,25,0.34,0.25,1
2026-07-19,EU,youtube,Waterless skincare,Beauty,62.1,0.47,0.72,25,0.34,0.25,1
2026-07-19,EU,marketplace,Waterless skincare,Beauty,42.55,0.46,0.7,25,0.34,0.25,1
2026-07-19,EU,news,Waterless skincare,Beauty,25.09,0.58,0.71,25,0.34,0.25,1
2026-07-19,EU,search,Smart hydration bottle,Electronics,36.26,0.46,0.73,25,0.34,0.25,1
2026-07-19,EU,reddit,Smart hydration bottle,Electronics,25.4,0.52,0.67,25,0.34,0.25,1
2026-07-19,EU,youtube,Smart hydration bottle,Electronics,46.04,0.43,0.69,25,0.34,0.25,1
2026-07-19,EU,marketplace,Smart hydration bottle,Electronics,31.47,0.52,0.63,25,0.34,0.25,1
2026-07-19,EU,news,Smart hydration bottle,Electronics,20.79,0.49,0.63,25,0.34,0.25,1
2026-07-19,EU,search,Walking pad,Fitness,27.87,0.34,0.52,32,0.5,0.37,1
2026-07-19,EU,reddit,Walking pad,Fitness,21.67,0.39,0.51,32,0.5,0.37,1
2026-07-19,EU,youtube,Walking pad,Fitness,40.77,0.38,0.54,32,0.5,0.37,1
2026-07-19,EU,marketplace,Walking pad,Fitness,26.32,0.4,0.56,32,0.5,0.37,1
2026-07-19,EU,news,Walking pad,Fitness,17.27,0.39,0.53,32,0.5,0.37,1
2026-07-19,EU,search,Millet snacks,Food,34.99,0.46,0.79,25,0.34,0.25,1
2026-07-19,EU,reddit,Millet snacks,Food,25.82,0.42,0.8,25,0.34,0.25,1
2026-07-19,EU,youtube,Millet snacks,Food,47.73,0.42,0.75,25,0.34,0.25,1
2026-07-19,EU,marketplace,Millet snacks,Food,31.05,0.44,0.71,25,0.34,0.25,1
2026-07-19,EU,news,Millet snacks,Food,17.96,0.49,0.79,25,0.34,0.25,1
2026-07-19,EU,search,Portable blender,Home,27.98,0.27,0.52,32,0.5,0.37,1
2026-07-19,EU,reddit,Portable blender,Home,20.56,0.27,0.44,32,0.5,0.37,1
2026-07-19,EU,youtube,Portable blender,Home,37.87,0.29,0.48,32,0.5,0.37,1
2026-07-19,EU,marketplace,Portable blender,Home,25.81,0.33,0.47,32,0.5,0.37,1
2026-07-19,EU,news,Portable blender,Home,16.51,0.26,0.5,32,0.5,0.37,1
2026-07-19,IN,search,Waterless skincare,Beauty,45.25,0.48,0.7,25,0.34,0.25,1
2026-07-19,IN,reddit,Waterless skincare,Beauty,36.26,0.49,0.76,25,0.34,0.25,1
2026-07-19,IN,youtube,Waterless skincare,Beauty,61.84,0.53,0.71,25,0.34,0.25,1
2026-07-19,IN,marketplace,Waterless skincare,Beauty,40.09,0.51,0.72,25,0.34,0.25,1
2026-07-19,IN,news,Waterless skincare,Beauty,25.48,0.51,0.7,25,0.34,0.25,1
2026-07-19,IN,search,Smart hydration bottle,Electronics,35.8,0.43,0.72,25,0.34,0.25,1
2026-07-19,IN,reddit,Smart hydration bottle,Electronics,28.77,0.47,0.68,25,0.34,0.25,1
2026-07-19,IN,youtube,Smart hydration bottle,Electronics,46.19,0.48,0.69,25,0.34,0.25,1
2026-07-19,IN,marketplace,Smart hydration bottle,Electronics,31.9,0.51,0.7,25,0.34,0.25,1
2026-07-19,IN,news,Smart hydration bottle,Electronics,20.99,0.49,0.65,25,0.34,0.25,1
2026-07-19,IN,search,Walking pad,Fitness,31.16,0.34,0.52,32,0.5,0.37,1
2026-07-19,IN,reddit,Walking pad,Fitness,23.83,0.36,0.56,32,0.5,0.37,1
2026-07-19,IN,youtube,Walking pad,Fitness,39.3,0.37,0.54,32,0.5,0.37,1
2026-07-19,IN,marketplace,Walking pad,Fitness,27.8,0.4,0.53,32,0.5,0.37,1
2026-07-19,IN,news,Walking pad,Fitness,15.37,0.43,0.5,32,0.5,0.37,1
2026-07-19,IN,search,Millet snacks,Food,41.66,0.41,0.76,25,0.34,0.25,1
2026-07-19,IN,reddit,Millet snacks,Food,33.81,0.38,0.76,25,0.34,0.25,1
2026-07-19,IN,youtube,Millet snacks,Food,57.12,0.49,0.79,25,0.34,0.25,1
2026-07-19,IN,marketplace,Millet snacks,Food,40.71,0.45,0.78,25,0.34,0.25,1
2026-07-19,IN,news,Millet snacks,Food,23.83,0.49,0.76,25,0.34,0.25,1
2026-07-19,IN,search,Portable blender,Home,25.21,0.35,0.46,32,0.5,0.37,1
2026-07-19,IN,reddit,Portable blender,Home,20.28,0.35,0.5,32,0.5,0.37,1
2026-07-19,IN,youtube,Portable blender,Home,38.18,0.24,0.49,32,0.5,0.37,1
2026-07-19,IN,marketplace,Portable blender,Home,22.31,0.29,0.46,32,0.5,0.37,1
2026-07-19,IN,news,Portable blender,Home,15.6,0.25,0.43,32,0.5,0.37,1
2026-07-20,US,search,Waterless skincare,Beauty,39.62,0.54,0.67,26,0.34,0.26,1
2026-07-20,US,reddit,Waterless skincare,Beauty,33.48,0.46,0.69,26,0.34,0.26,1
2026-07-20,US,youtube,Waterless skincare,Beauty,56.88,0.5,0.7,26,0.34,0.26,1
2026-07-20,US,marketplace,Waterless skincare,Beauty,39.61,0.48,0.72,26,0.34,0.26,1
2026-07-20,US,news,Waterless skincare,Beauty,22.22,0.54,0.74,26,0.34,0.26,1
2026-07-20,US,search,Smart hydration bottle,Electronics,42.67,0.44,0.68,26,0.34,0.26,1
2026-07-20,US,reddit,Smart hydration bottle,Electronics,34.92,0.51,0.65,26,0.34,0.26,1
2026-07-20,US,youtube,Smart hydration bottle,Electronics,62.34,0.5,0.64,26,0.34,0.26,1
2026-07-20,US,marketplace,Smart hydration bottle,Electronics,37.9,0.49,0.69,26,0.34,0.26,1
2026-07-20,US,news,Smart hydration bottle,Electronics,23.61,0.52,0.67,26,0.34,0.26,1
2026-07-20,US,search,Walking pad,Fitness,32.26,0.36,0.53,32,0.5,0.38,1
2026-07-20,US,reddit,Walking pad,Fitness,25.5,0.41,0.54,32,0.5,0.38,1
2026-07-20,US,youtube,Walking pad,Fitness,43.55,0.39,0.51,32,0.5,0.38,1
2026-07-20,US,marketplace,Walking pad,Fitness,28.47,0.35,0.52,32,0.5,0.38,1
2026-07-20,US,news,Walking pad,Fitness,17.76,0.39,0.54,32,0.5,0.38,1
2026-07-20,US,search,Millet snacks,Food,33.71,0.49,0.74,26,0.34,0.26,1
2026-07-20,US,reddit,Millet snacks,Food,26.97,0.5,0.79,26,0.34,0.26,1
2026-07-20,US,youtube,Millet snacks,Food,49.0,0.45,0.77,26,0.34,0.26,1
2026-07-20,US,marketplace,Millet snacks,Food,30.48,0.39,0.78,26,0.34,0.26,1
2026-07-20,US,news,Millet snacks,Food,20.23,0.42,0.75,26,0.34,0.26,1
2026-07-20,US,search,Portable blender,Home,27.68,0.26,0.48,32,0.5,0.38,1
2026-07-20,US,reddit,Portable blender,Home,18.72,0.33,0.44,32,0.5,0.38,1
2026-07-20,US,youtube,Portable blender,Home,34.49,0.34,0.47,32,0.5,0.38,1
2026-07-20,US,marketplace,Portable blender,Home,23.04,0.29,0.47,32,0.5,0.38,1
2026-07-20,US,news,Portable blender,Home,15.72,0.25,0.44,32,0.5,0.38,1
2026-07-20,GB,search,Waterless skincare,Beauty,42.36,0.52,0.77,26,0.34,0.26,1
2026-07-20,GB,reddit,Waterless skincare,Beauty,33.6,0.55,0.74,26,0.34,0.26,1
2026-07-20,GB,youtube,Waterless skincare,Beauty,60.83,0.49,0.68,26,0.34,0.26,1
2026-07-20,GB,marketplace,Waterless skincare,Beauty,40.51,0.46,0.7,26,0.34,0.26,1
2026-07-20,GB,news,Waterless skincare,Beauty,22.63,0.58,0.74,26,0.34,0.26,1
2026-07-20,GB,search,Smart hydration bottle,Electronics,35.96,0.42,0.69,26,0.34,0.26,1
2026-07-20,GB,reddit,Smart hydration bottle,Electronics,25.69,0.48,0.64,26,0.34,0.26,1
2026-07-20,GB,youtube,Smart hydration bottle,Electronics,51.58,0.44,0.71,26,0.34,0.26,1
2026-07-20,GB,marketplace,Smart hydration bottle,Electronics,31.64,0.49,0.66,26,0.34,0.26,1
2026-07-20,GB,news,Smart hydration bottle,Electronics,18.88,0.5,0.72,26,0.34,0.26,1
2026-07-20,GB,search,Walking pad,Fitness,33.34,0.31,0.53,32,0.5,0.38,1
2026-07-20,GB,reddit,Walking pad,Fitness,26.1,0.38,0.51,32,0.5,0.38,1
2026-07-20,GB,youtube,Walking pad,Fitness,48.31,0.42,0.57,32,0.5,0.38,1
2026-07-20,GB,marketplace,Walking pad,Fitness,30.47,0.33,0.58,32,0.5,0.38,1
2026-07-20,GB,news,Walking pad,Fitness,20.01,0.42,0.52,32,0.5,0.38,1
2026-07-20,GB,search,Millet snacks,Food,35.29,0.48,0.76,26,0.34,0.26,1
2026-07-20,GB,reddit,Millet snacks,Food,25.66,0.49,0.74,26,0.34,0.26,1
2026-07-20,GB,youtube,Millet snacks,Food,44.83,0.49,0.78,26,0.34,0.26,1
2026-07-20,GB,marketplace,Millet snacks,Food,31.2,0.39,0.75,26,0.34,0.26,1
2026-07-20,GB,news,Millet snacks,Food,19.5,0.43,0.75,26,0.34,0.26,1
2026-07-20,GB,search,Portable blender,Home,27.95,0.25,0.45,32,0.5,0.38,1
2026-07-20,GB,reddit,Portable blender,Home,20.58,0.25,0.46,32,0.5,0.38,1
2026-07-20,GB,youtube,Portable blender,Home,35.79,0.33,0.47,32,0.5,0.38,1
2026-07-20,GB,marketplace,Portable blender,Home,23.84,0.31,0.44,32,0.5,0.38,1
2026-07-20,GB,news,Portable blender,Home,15.09,0.27,0.43,32,0.5,0.38,1
2026-07-20,EU,search,Waterless skincare,Beauty,44.31,0.49,0.76,26,0.34,0.26,1
2026-07-20,EU,reddit,Waterless skincare,Beauty,34.36,0.54,0.73,26,0.34,0.26,1
2026-07-20,EU,youtube,Waterless skincare,Beauty,59.5,0.57,0.71,26,0.34,0.26,1
2026-07-20,EU,marketplace,Waterless skincare,Beauty,43.5,0.47,0.67,26,0.34,0.26,1
2026-07-20,EU,news,Waterless skincare,Beauty,25.66,0.48,0.77,26,0.34,0.26,1
2026-07-20,EU,search,Smart hydration bottle,Electronics,35.82,0.43,0.69,26,0.34,0.26,1
2026-07-20,EU,reddit,Smart hydration bottle,Electronics,26.25,0.46,0.7,26,0.34,0.26,1
2026-07-20,EU,youtube,Smart hydration bottle,Electronics,45.85,0.5,0.68,26,0.34,0.26,1
2026-07-20,EU,marketplace,Smart hydration bottle,Electronics,30.62,0.52,0.73,26,0.34,0.26,1
2026-07-20,EU,news,Smart hydration bottle,Electronics,20.6,0.52,0.65,26,0.34,0.26,1
2026-07-20,EU,search,Walking pad,Fitness,28.17,0.32,0.54,32,0.5,0.38,1
2026-07-20,EU,reddit,Walking pad,Fitness,22.75,0.32,0.51,32,0.5,0.38,1
2026-07-20,EU,youtube,Walking pad,Fitness,39.93,0.33,0.56,32,0.5,0.38,1
2026-07-20,EU,marketplace,Walking pad,Fitness,25.33,0.38,0.52,32,0.5,0.38,1
2026-07-20,EU,news,Walking pad,Fitness,16.41,0.32,0.53,32,0.5,0.38,1
2026-07-20,EU,search,Millet snacks,Food,32.18,0.43,0.79,26,0.34,0.26,1
2026-07-20,EU,reddit,Millet snacks,Food,23.77,0.38,0.72,26,0.34,0.26,1
2026-07-20,EU,youtube,Millet snacks,Food,45.31,0.43,0.71,26,0.34,0.26,1
2026-07-20,EU,marketplace,Millet snacks,Food,30.76,0.42,0.77,26,0.34,0.26,1
2026-07-20,EU,news,Millet snacks,Food,18.73,0.47,0.75,26,0.34,0.26,1
2026-07-20,EU,search,Portable blender,Home,27.46,0.27,0.46,32,0.5,0.38,1
2026-07-20,EU,reddit,Portable blender,Home,20.03,0.35,0.43,32,0.5,0.38,1
2026-07-20,EU,youtube,Portable blender,Home,40.21,0.28,0.51,32,0.5,0.38,1
2026-07-20,EU,marketplace,Portable blender,Home,24.88,0.29,0.49,32,0.5,0.38,1
2026-07-20,EU,news,Portable blender,Home,16.63,0.32,0.46,32,0.5,0.38,1
2026-07-20,IN,search,Waterless skincare,Beauty,46.3,0.47,0.73,26,0.34,0.26,1
2026-07-20,IN,reddit,Waterless skincare,Beauty,35.5,0.51,0.71,26,0.34,0.26,1
2026-07-20,IN,youtube,Waterless skincare,Beauty,61.54,0.55,0.7,26,0.34,0.26,1
2026-07-20,IN,marketplace,Waterless skincare,Beauty,43.21,0.55,0.69,26,0.34,0.26,1
2026-07-20,IN,news,Waterless skincare,Beauty,25.69,0.54,0.74,26,0.34,0.26,1
2026-07-20,IN,search,Smart hydration bottle,Electronics,36.08,0.42,0.7,26,0.34,0.26,1
2026-07-20,IN,reddit,Smart hydration bottle,Electronics,26.47,0.51,0.68,26,0.34,0.26,1
2026-07-20,IN,youtube,Smart hydration bottle,Electronics,47.3,0.42,0.65,26,0.34,0.26,1
2026-07-20,IN,marketplace,Smart hydration bottle,Electronics,33.65,0.43,0.65,26,0.34,0.26,1
2026-07-20,IN,news,Smart hydration bottle,Electronics,19.13,0.51,0.64,26,0.34,0.26,1
2026-07-20,IN,search,Walking pad,Fitness,28.92,0.35,0.51,32,0.5,0.38,1
2026-07-20,IN,reddit,Walking pad,Fitness,21.9,0.32,0.51,32,0.5,0.38,1
2026-07-20,IN,youtube,Walking pad,Fitness,40.69,0.37,0.54,32,0.5,0.38,1
2026-07-20,IN,marketplace,Walking pad,Fitness,26.0,0.31,0.56,32,0.5,0.38,1
2026-07-20,IN,news,Walking pad,Fitness,15.8,0.39,0.59,32,0.5,0.38,1
2026-07-20,IN,search,Millet snacks,Food,45.1,0.44,0.78,26,0.34,0.26,1
2026-07-20,IN,reddit,Millet snacks,Food,33.66,0.41,0.79,26,0.34,0.26,1
2026-07-20,IN,youtube,Millet snacks,Food,57.27,0.45,0.78,26,0.34,0.26,1
2026-07-20,IN,marketplace,Millet snacks,Food,37.34,0.49,0.76,26,0.34,0.26,1
2026-07-20,IN,news,Millet snacks,Food,23.36,0.42,0.71,26,0.34,0.26,1
2026-07-20,IN,search,Portable blender,Home,27.61,0.31,0.46,32,0.5,0.38,1
2026-07-20,IN,reddit,Portable blender,Home,19.97,0.29,0.43,32,0.5,0.38,1
2026-07-20,IN,youtube,Portable blender,Home,33.61,0.25,0.46,32,0.5,0.38,1
2026-07-20,IN,marketplace,Portable blender,Home,24.74,0.33,0.53,32,0.5,0.38,1
2026-07-20,IN,news,Portable blender,Home,15.52,0.29,0.47,32,0.5,0.38,1
2026-07-21,US,search,Waterless skincare,Beauty,40.96,0.5,0.75,26,0.34,0.26,1
2026-07-21,US,reddit,Waterless skincare,Beauty,33.06,0.54,0.75,26,0.34,0.26,1
2026-07-21,US,youtube,Waterless skincare,Beauty,55.71,0.48,0.72,26,0.34,0.26,1
2026-07-21,US,marketplace,Waterless skincare,Beauty,38.25,0.47,0.68,26,0.34,0.26,1
2026-07-21,US,news,Waterless skincare,Beauty,24.2,0.55,0.73,26,0.34,0.26,1
2026-07-21,US,search,Smart hydration bottle,Electronics,46.73,0.45,0.66,26,0.34,0.26,1
2026-07-21,US,reddit,Smart hydration bottle,Electronics,33.0,0.49,0.64,26,0.34,0.26,1
2026-07-21,US,youtube,Smart hydration bottle,Electronics,59.66,0.46,0.71,26,0.34,0.26,1
2026-07-21,US,marketplace,Smart hydration bottle,Electronics,40.93,0.47,0.68,26,0.34,0.26,1
2026-07-21,US,news,Smart hydration bottle,Electronics,23.76,0.47,0.7,26,0.34,0.26,1
2026-07-21,US,search,Walking pad,Fitness,32.21,0.4,0.55,32,0.5,0.38,1
2026-07-21,US,reddit,Walking pad,Fitness,25.22,0.32,0.54,32,0.5,0.38,1
2026-07-21,US,youtube,Walking pad,Fitness,46.49,0.36,0.51,32,0.5,0.38,1
2026-07-21,US,marketplace,Walking pad,Fitness,30.21,0.41,0.59,32,0.5,0.38,1
2026-07-21,US,news,Walking pad,Fitness,18.56,0.33,0.5,32,0.5,0.38,1
2026-07-21,US,search,Millet snacks,Food,34.41,0.4,0.72,26,0.34,0.26,1
2026-07-21,US,reddit,Millet snacks,Food,26.48,0.48,0.76,26,0.34,0.26,1
2026-07-21,US,youtube,Millet snacks,Food,45.95,0.5,0.73,26,0.34,0.26,1
2026-07-21,US,marketplace,Millet snacks,Food,29.98,0.46,0.8,26,0.34,0.26,1
2026-07-21,US,news,Millet snacks,Food,20.0,0.41,0.75,26,0.34,0.26,1
2026-07-21,US,search,Portable blender,Home,25.28,0.27,0.47,32,0.5,0.38,1
2026-07-21,US,reddit,Portable blender,Home,19.84,0.29,0.45,32,0.5,0.38,1
2026-07-21,US,youtube,Portable blender,Home,34.88,0.27,0.5,32,0.5,0.38,1
2026-07-21,US,marketplace,Portable blender,Home,22.76,0.29,0.51,32,0.5,0.38,1
2026-07-21,US,news,Portable blender,Home,15.18,0.26,0.5,32,0.5,0.38,1
2026-07-21,GB,search,Waterless skincare,Beauty,43.27,0.5,0.69,26,0.34,0.26,1
2026-07-21,GB,reddit,Waterless skincare,Beauty,33.5,0.58,0.74,26,0.34,0.26,1
2026-07-21,GB,youtube,Waterless skincare,Beauty,57.03,0.57,0.7,26,0.34,0.26,1
2026-07-21,GB,marketplace,Waterless skincare,Beauty,37.02,0.49,0.7,26,0.34,0.26,1
2026-07-21,GB,news,Waterless skincare,Beauty,24.36,0.53,0.73,26,0.34,0.26,1
2026-07-21,GB,search,Smart hydration bottle,Electronics,39.01,0.53,0.65,26,0.34,0.26,1
2026-07-21,GB,reddit,Smart hydration bottle,Electronics,27.9,0.51,0.65,26,0.34,0.26,1
2026-07-21,GB,youtube,Smart hydration bottle,Electronics,46.57,0.48,0.68,26,0.34,0.26,1
2026-07-21,GB,marketplace,Smart hydration bottle,Electronics,33.72,0.49,0.67,26,0.34,0.26,1
2026-07-21,GB,news,Smart hydration bottle,Electronics,19.54,0.52,0.71,26,0.34,0.26,1
2026-07-21,GB,search,Walking pad,Fitness,34.9,0.33,0.6,32,0.5,0.38,1
2026-07-21,GB,reddit,Walking pad,Fitness,26.91,0.39,0.59,32,0.5,0.38,1
2026-07-21,GB,youtube,Walking pad,Fitness,44.09,0.38,0.55,32,0.5,0.38,1
2026-07-21,GB,marketplace,Walking pad,Fitness,29.15,0.35,0.52,32,0.5,0.38,1
2026-07-21,GB,news,Walking pad,Fitness,17.83,0.42,0.5,32,0.5,0.38,1
2026-07-21,GB,search,Millet snacks,Food,35.47,0.46,0.77,26,0.34,0.26,1
2026-07-21,GB,reddit,Millet snacks,Food,24.22,0.43,0.72,26,0.34,0.26,1
2026-07-21,GB,youtube,Millet snacks,Food,44.08,0.44,0.76,26,0.34,0.26,1
2026-07-21,GB,marketplace,Millet snacks,Food,28.8,0.44,0.75,26,0.34,0.26,1
2026-07-21,GB,news,Millet snacks,Food,19.09,0.5,0.75,26,0.34,0.26,1
2026-07-21,GB,search,Portable blender,Home,25.12,0.33,0.46,32,0.5,0.38,1
2026-07-21,GB,reddit,Portable blender,Home,19.95,0.31,0.51,32,0.5,0.38,1
2026-07-21,GB,youtube,Portable blender,Home,37.32,0.31,0.51,32,0.5,0.38,1
2026-07-21,GB,marketplace,Portable blender,Home,24.04,0.27,0.49,32,0.5,0.38,1
2026-07-21,GB,news,Portable blender,Home,14.99,0.24,0.45,32,0.5,0.38,1
2026-07-21,EU,search,Waterless skincare,Beauty,48.67,0.47,0.68,26,0.34,0.26,1
2026-07-21,EU,reddit,Waterless skincare,Beauty,33.64,0.56,0.75,26,0.34,0.26,1
2026-07-21,EU,youtube,Waterless skincare,Beauty,66.75,0.5,0.74,26,0.34,0.26,1
2026-07-21,EU,marketplace,Waterless skincare,Beauty,41.97,0.52,0.68,26,0.34,0.26,1
2026-07-21,EU,news,Waterless skincare,Beauty,27.03,0.58,0.71,26,0.34,0.26,1
2026-07-21,EU,search,Smart hydration bottle,Electronics,36.28,0.49,0.7,26,0.34,0.26,1
2026-07-21,EU,reddit,Smart hydration bottle,Electronics,28.98,0.5,0.67,26,0.34,0.26,1
2026-07-21,EU,youtube,Smart hydration bottle,Electronics,47.26,0.53,0.65,26,0.34,0.26,1
2026-07-21,EU,marketplace,Smart hydration bottle,Electronics,30.83,0.49,0.73,26,0.34,0.26,1
2026-07-21,EU,news,Smart hydration bottle,Electronics,19.6,0.46,0.71,26,0.34,0.26,1
2026-07-21,EU,search,Walking pad,Fitness,30.83,0.4,0.51,32,0.5,0.38,1
2026-07-21,EU,reddit,Walking pad,Fitness,22.66,0.38,0.52,32,0.5,0.38,1
2026-07-21,EU,youtube,Walking pad,Fitness,42.58,0.37,0.51,32,0.5,0.38,1
2026-07-21,EU,marketplace,Walking pad,Fitness,28.11,0.33,0.59,32,0.5,0.38,1
2026-07-21,EU,news,Walking pad,Fitness,16.88,0.38,0.59,32,0.5,0.38,1
2026-07-21,EU,search,Millet snacks,Food,31.73,0.44,0.8,26,0.34,0.26,1
2026-07-21,EU,reddit,Millet snacks,Food,26.09,0.39,0.73,26,0.34,0.26,1
2026-07-21,EU,youtube,Millet snacks,Food,47.76,0.44,0.75,26,0.34,0.26,1
2026-07-21,EU,marketplace,Millet snacks,Food,30.44,0.4,0.78,26,0.34,0.26,1
2026-07-21,EU,news,Millet snacks,Food,17.76,0.43,0.79,26,0.34,0.26,1
2026-07-21,EU,search,Portable blender,Home,29.64,0.29,0.44,32,0.5,0.38,1
2026-07-21,EU,reddit,Portable blender,Home,22.68,0.24,0.49,32,0.5,0.38,1
2026-07-21,EU,youtube,Portable blender,Home,39.12,0.27,0.43,32,0.5,0.38,1
2026-07-21,EU,marketplace,Portable blender,Home,27.25,0.27,0.49,32,0.5,0.38,1
2026-07-21,EU,news,Portable blender,Home,14.89,0.29,0.45,32,0.5,0.38,1
2026-07-21,IN,search,Waterless skincare,Beauty,47.0,0.5,0.72,26,0.34,0.26,1
2026-07-21,IN,reddit,Waterless skincare,Beauty,35.13,0.49,0.74,26,0.34,0.26,1
2026-07-21,IN,youtube,Waterless skincare,Beauty,68.4,0.56,0.69,26,0.34,0.26,1
2026-07-21,IN,marketplace,Waterless skincare,Beauty,43.75,0.53,0.75,26,0.34,0.26,1
2026-07-21,IN,news,Waterless skincare,Beauty,24.99,0.52,0.7,26,0.34,0.26,1
2026-07-21,IN,search,Smart hydration bottle,Electronics,38.8,0.49,0.65,26,0.34,0.26,1
2026-07-21,IN,reddit,Smart hydration bottle,Electronics,29.8,0.51,0.72,26,0.34,0.26,1
2026-07-21,IN,youtube,Smart hydration bottle,Electronics,47.92,0.51,0.64,26,0.34,0.26,1
2026-07-21,IN,marketplace,Smart hydration bottle,Electronics,34.29,0.5,0.66,26,0.34,0.26,1
2026-07-21,IN,news,Smart hydration bottle,Electronics,21.77,0.42,0.7,26,0.34,0.26,1
2026-07-21,IN,search,Walking pad,Fitness,32.28,0.42,0.53,32,0.5,0.38,1
2026-07-21,IN,reddit,Walking pad,Fitness,22.66,0.36,0.52,32,0.5,0.38,1
2026-07-21,IN,youtube,Walking pad,Fitness,43.31,0.41,0.6,32,0.5,0.38,1
2026-07-21,IN,marketplace,Walking pad,Fitness,28.01,0.36,0.5,32,0.5,0.38,1
2026-07-21,IN,news,Walking pad,Fitness,17.09,0.35,0.56,32,0.5,0.38,1
2026-07-21,IN,search,Millet snacks,Food,43.01,0.41,0.79,26,0.34,0.26,1
2026-07-21,IN,reddit,Millet snacks,Food,34.42,0.45,0.74,26,0.34,0.26,1
2026-07-21,IN,youtube,Millet snacks,Food,56.66,0.43,0.79,26,0.34,0.26,1
2026-07-21,IN,marketplace,Millet snacks,Food,40.63,0.38,0.79,26,0.34,0.26,1
2026-07-21,IN,news,Millet snacks,Food,24.37,0.43,0.78,26,0.34,0.26,1
2026-07-21,IN,search,Portable blender,Home,26.25,0.35,0.43,32,0.5,0.38,1
2026-07-21,IN,reddit,Portable blender,Home,20.39,0.32,0.46,32,0.5,0.38,1
2026-07-21,IN,youtube,Portable blender,Home,38.2,0.3,0.48,32,0.5,0.38,1
2026-07-21,IN,marketplace,Portable blender,Home,24.61,0.34,0.43,32,0.5,0.38,1
2026-07-21,IN,news,Portable blender,Home,15.77,0.31,0.52,32,0.5,0.38,1
2026-07-22,US,search,Waterless skincare,Beauty,44.19,0.52,0.73,26,0.34,0.26,1
2026-07-22,US,reddit,Waterless skincare,Beauty,34.0,0.5,0.76,26,0.34,0.26,1
2026-07-22,US,youtube,Waterless skincare,Beauty,61.47,0.51,0.72,26,0.34,0.26,1
2026-07-22,US,marketplace,Waterless skincare,Beauty,36.33,0.48,0.77,26,0.34,0.26,1
2026-07-22,US,news,Waterless skincare,Beauty,23.54,0.57,0.72,26,0.34,0.26,1
2026-07-22,US,search,Smart hydration bottle,Electronics,45.31,0.43,0.68,26,0.34,0.26,1
2026-07-22,US,reddit,Smart hydration bottle,Electronics,32.78,0.45,0.63,26,0.34,0.26,1
2026-07-22,US,youtube,Smart hydration bottle,Electronics,64.96,0.45,0.7,26,0.34,0.26,1
2026-07-22,US,marketplace,Smart hydration bottle,Electronics,41.74,0.5,0.72,26,0.34,0.26,1
2026-07-22,US,news,Smart hydration bottle,Electronics,23.58,0.49,0.72,26,0.34,0.26,1
2026-07-22,US,search,Walking pad,Fitness,36.0,0.33,0.58,33,0.51,0.38,1
2026-07-22,US,reddit,Walking pad,Fitness,25.46,0.42,0.52,33,0.51,0.38,1
2026-07-22,US,youtube,Walking pad,Fitness,44.68,0.34,0.59,33,0.51,0.38,1
2026-07-22,US,marketplace,Walking pad,Fitness,29.18,0.37,0.56,33,0.51,0.38,1
2026-07-22,US,news,Walking pad,Fitness,18.4,0.34,0.53,33,0.51,0.38,1
2026-07-22,US,search,Millet snacks,Food,37.85,0.48,0.74,26,0.34,0.26,1
2026-07-22,US,reddit,Millet snacks,Food,27.26,0.46,0.73,26,0.34,0.26,1
2026-07-22,US,youtube,Millet snacks,Food,46.45,0.48,0.79,26,0.34,0.26,1
2026-07-22,US,marketplace,Millet snacks,Food,29.75,0.45,0.75,26,0.34,0.26,1
2026-07-22,US,news,Millet snacks,Food,19.12,0.49,0.72,26,0.34,0.26,1
2026-07-22,US,search,Portable blender,Home,27.76,0.3,0.5,33,0.51,0.38,1
2026-07-22,US,reddit,Portable blender,Home,21.71,0.28,0.46,33,0.51,0.38,1
2026-07-22,US,youtube,Portable blender,Home,37.19,0.3,0.44,33,0.51,0.38,1
2026-07-22,US,marketplace,Portable blender,Home,24.39,0.26,0.48,33,0.51,0.38,1
2026-07-22,US,news,Portable blender,Home,15.35,0.34,0.48,33,0.51,0.38,1
2026-07-22,GB,search,Waterless skincare,Beauty,43.57,0.56,0.68,26,0.34,0.26,1
2026-07-22,GB,reddit,Waterless skincare,Beauty,35.12,0.58,0.74,26,0.34,0.26,1
2026-07-22,GB,youtube,Waterless skincare,Beauty,61.39,0.52,0.75,26,0.34,0.26,1
2026-07-22,GB,marketplace,Waterless skincare,Beauty,39.59,0.47,0.76,26,0.34,0.26,1
2026-07-22,GB,news,Waterless skincare,Beauty,25.55,0.46,0.69,26,0.34,0.26,1
2026-07-22,GB,search,Smart hydration bottle,Electronics,36.81,0.49,0.65,26,0.34,0.26,1
2026-07-22,GB,reddit,Smart hydration bottle,Electronics,28.37,0.53,0.63,26,0.34,0.26,1
2026-07-22,GB,youtube,Smart hydration bottle,Electronics,53.75,0.44,0.67,26,0.34,0.26,1
2026-07-22,GB,marketplace,Smart hydration bottle,Electronics,33.12,0.48,0.72,26,0.34,0.26,1
2026-07-22,GB,news,Smart hydration bottle,Electronics,20.36,0.44,0.65,26,0.34,0.26,1
2026-07-22,GB,search,Walking pad,Fitness,34.12,0.33,0.54,33,0.51,0.38,1
2026-07-22,GB,reddit,Walking pad,Fitness,26.4,0.32,0.51,33,0.51,0.38,1
2026-07-22,GB,youtube,Walking pad,Fitness,49.2,0.4,0.52,33,0.51,0.38,1
2026-07-22,GB,marketplace,Walking pad,Fitness,32.16,0.41,0.58,33,0.51,0.38,1
2026-07-22,GB,news,Walking pad,Fitness,19.94,0.34,0.53,33,0.51,0.38,1
2026-07-22,GB,search,Millet snacks,Food,35.35,0.4,0.71,26,0.34,0.26,1
2026-07-22,GB,reddit,Millet snacks,Food,25.76,0.4,0.78,26,0.34,0.26,1
2026-07-22,GB,youtube,Millet snacks,Food,45.35,0.4,0.79,26,0.34,0.26,1
2026-07-22,GB,marketplace,Millet snacks,Food,32.0,0.44,0.73,26,0.34,0.26,1
2026-07-22,GB,news,Millet snacks,Food,18.39,0.4,0.75,26,0.34,0.26,1
2026-07-22,GB,search,Portable blender,Home,28.67,0.32,0.47,33,0.51,0.38,1
2026-07-22,GB,reddit,Portable blender,Home,21.4,0.27,0.43,33,0.51,0.38,1
2026-07-22,GB,youtube,Portable blender,Home,36.13,0.33,0.51,33,0.51,0.38,1
2026-07-22,GB,marketplace,Portable blender,Home,23.21,0.26,0.49,33,0.51,0.38,1
2026-07-22,GB,news,Portable blender,Home,14.62,0.31,0.44,33,0.51,0.38,1
2026-07-22,EU,search,Waterless skincare,Beauty,45.85,0.46,0.7,26,0.34,0.26,1
2026-07-22,EU,reddit,Waterless skincare,Beauty,34.44,0.56,0.73,26,0.34,0.26,1
2026-07-22,EU,youtube,Waterless skincare,Beauty,62.05,0.58,0.76,26,0.34,0.26,1
2026-07-22,EU,marketplace,Waterless skincare,Beauty,43.06,0.57,0.75,26,0.34,0.26,1
2026-07-22,EU,news,Waterless skincare,Beauty,27.6,0.53,0.76,26,0.34,0.26,1
2026-07-22,EU,search,Smart hydration bottle,Electronics,38.96,0.52,0.72,26,0.34,0.26,1
2026-07-22,EU,reddit,Smart hydration bottle,Electronics,26.62,0.47,0.72,26,0.34,0.26,1
2026-07-22,EU,youtube,Smart hydration bottle,Electronics,52.26,0.47,0.66,26,0.34,0.26,1
2026-07-22,EU,marketplace,Smart hydration bottle,Electronics,32.29,0.43,0.72,26,0.34,0.26,1
2026-07-22,EU,news,Smart hydration bottle,Electronics,19.96,0.42,0.68,26,0.34,0.26,1
2026-07-22,EU,search,Walking pad,Fitness,31.38,0.37,0.5,33,0.51,0.38,1
2026-07-22,EU,reddit,Walking pad,Fitness,23.41,0.4,0.53,33,0.51,0.38,1
2026-07-22,EU,youtube,Walking pad,Fitness,38.57,0.37,0.55,33,0.51,0.38,1
2026-07-22,EU,marketplace,Walking pad,Fitness,28.74,0.43,0.57,33,0.51,0.38,1
2026-07-22,EU,news,Walking pad,Fitness,16.81,0.36,0.54,33,0.51,0.38,1
2026-07-22,EU,search,Millet snacks,Food,36.47,0.43,0.77,26,0.34,0.26,1
2026-07-22,EU,reddit,Millet snacks,Food,26.09,0.41,0.71,26,0.34,0.26,1
2026-07-22,EU,youtube,Millet snacks,Food,47.54,0.43,0.8,26,0.34,0.26,1
2026-07-22,EU,marketplace,Millet snacks,Food,31.44,0.48,0.8,26,0.34,0.26,1
2026-07-22,EU,news,Millet snacks,Food,18.66,0.39,0.79,26,0.34,0.26,1
2026-07-22,EU,search,Portable blender,Home,29.6,0.34,0.44,33,0.51,0.38,1
2026-07-22,EU,reddit,Portable blender,Home,23.25,0.26,0.48,33,0.51,0.38,1
2026-07-22,EU,youtube,Portable blender,Home,40.92,0.35,0.52,33,0.51,0.38,1
2026-07-22,EU,marketplace,Portable blender,Home,26.0,0.28,0.48,33,0.51,0.38,1
2026-07-22,EU,news,Portable blender,Home,15.69,0.29,0.46,33,0.51,0.38,1
2026-07-22,IN,search,Waterless skincare,Beauty,49.71,0.47,0.74,26,0.34,0.26,1
2026-07-22,IN,reddit,Waterless skincare,Beauty,36.11,0.46,0.68,26,0.34,0.26,1
2026-07-22,IN,youtube,Waterless skincare,Beauty,65.63,0.5,0.73,26,0.34,0.26,1
2026-07-22,IN,marketplace,Waterless skincare,Beauty,45.18,0.48,0.7,26,0.34,0.26,1
2026-07-22,IN,news,Waterless skincare,Beauty,25.67,0.58,0.73,26,0.34,0.26,1
2026-07-22,IN,search,Smart hydration bottle,Electronics,38.81,0.47,0.68,26,0.34,0.26,1
2026-07-22,IN,reddit,Smart hydration bottle,Electronics,26.63,0.53,0.72,26,0.34,0.26,1
2026-07-22,IN,youtube,Smart hydration bottle,Electronics,50.13,0.52,0.69,26,0.34,0.26,1
2026-07-22,IN,marketplace,Smart hydration bottle,Electronics,35.61,0.46,0.7,26,0.34,0.26,1
2026-07-22,IN,news,Smart hydration bottle,Electronics,21.79,0.44,0.66,26,0.34,0.26,1
2026-07-22,IN,search,Walking pad,Fitness,28.6,0.41,0.57,33,0.51,0.38,1
2026-07-22,IN,reddit,Walking pad,Fitness,22.15,0.33,0.56,33,0.51,0.38,1
2026-07-22,IN,youtube,Walking pad,Fitness,38.76,0.41,0.55,33,0.51,0.38,1
2026-07-22,IN,marketplace,Walking pad,Fitness,26.21,0.35,0.54,33,0.51,0.38,1
2026-07-22,IN,news,Walking pad,Fitness,16.33,0.31,0.51,33,0.51,0.38,1
2026-07-22,IN,search,Millet snacks,Food,42.23,0.48,0.8,26,0.34,0.26,1
2026-07-22,IN,reddit,Millet snacks,Food,33.96,0.48,0.81,26,0.34,0.26,1
2026-07-22,IN,youtube,Millet snacks,Food,60.18,0.4,0.75,26,0.34,0.26,1
2026-07-22,IN,marketplace,Millet snacks,Food,42.41,0.44,0.79,26,0.34,0.26,1
2026-07-22,IN,news,Millet snacks,Food,25.22,0.47,0.73,26,0.34,0.26,1
2026-07-22,IN,search,Portable blender,Home,27.63,0.3,0.51,33,0.51,0.38,1
2026-07-22,IN,reddit,Portable blender,Home,20.04,0.3,0.44,33,0.51,0.38,1
2026-07-22,IN,youtube,Portable blender,Home,35.97,0.27,0.47,33,0.51,0.38,1
2026-07-22,IN,marketplace,Portable blender,Home,22.73,0.34,0.43,33,0.51,0.38,1
2026-07-22,IN,news,Portable blender,Home,14.02,0.33,0.47,33,0.51,0.38,1
2026-07-23,US,search,Waterless skincare,Beauty,44.15,0.53,0.68,26,0.35,0.26,1
2026-07-23,US,reddit,Waterless skincare,Beauty,34.16,0.54,0.67,26,0.35,0.26,1
2026-07-23,US,youtube,Waterless skincare,Beauty,57.25,0.57,0.76,26,0.35,0.26,1
2026-07-23,US,marketplace,Waterless skincare,Beauty,37.36,0.56,0.74,26,0.35,0.26,1
2026-07-23,US,news,Waterless skincare,Beauty,23.88,0.52,0.75,26,0.35,0.26,1
2026-07-23,US,search,Smart hydration bottle,Electronics,43.2,0.44,0.66,26,0.35,0.26,1
2026-07-23,US,reddit,Smart hydration bottle,Electronics,32.87,0.53,0.7,26,0.35,0.26,1
2026-07-23,US,youtube,Smart hydration bottle,Electronics,59.77,0.45,0.66,26,0.35,0.26,1
2026-07-23,US,marketplace,Smart hydration bottle,Electronics,42.25,0.45,0.68,26,0.35,0.26,1
2026-07-23,US,news,Smart hydration bottle,Electronics,25.71,0.5,0.7,26,0.35,0.26,1
2026-07-23,US,search,Walking pad,Fitness,33.45,0.37,0.57,33,0.51,0.38,1
2026-07-23,US,reddit,Walking pad,Fitness,24.79,0.33,0.54,33,0.51,0.38,1
2026-07-23,US,youtube,Walking pad,Fitness,46.4,0.36,0.58,33,0.51,0.38,1
2026-07-23,US,marketplace,Walking pad,Fitness,33.04,0.36,0.52,33,0.51,0.38,1
2026-07-23,US,news,Walking pad,Fitness,18.11,0.36,0.53,33,0.51,0.38,1
2026-07-23,US,search,Millet snacks,Food,35.26,0.43,0.75,26,0.35,0.26,1
2026-07-23,US,reddit,Millet snacks,Food,27.64,0.49,0.75,26,0.35,0.26,1
2026-07-23,US,youtube,Millet snacks,Food,51.58,0.43,0.74,26,0.35,0.26,1
2026-07-23,US,marketplace,Millet snacks,Food,30.3,0.45,0.8,26,0.35,0.26,1
2026-07-23,US,news,Millet snacks,Food,20.94,0.45,0.79,26,0.35,0.26,1
2026-07-23,US,search,Portable blender,Home,26.47,0.29,0.51,33,0.51,0.38,1
2026-07-23,US,reddit,Portable blender,Home,20.17,0.27,0.46,33,0.51,0.38,1
2026-07-23,US,youtube,Portable blender,Home,35.61,0.27,0.48,33,0.51,0.38,1
2026-07-23,US,marketplace,Portable blender,Home,24.07,0.31,0.51,33,0.51,0.38,1
2026-07-23,US,news,Portable blender,Home,14.94,0.29,0.46,33,0.51,0.38,1
2026-07-23,GB,search,Waterless skincare,Beauty,47.49,0.46,0.75,26,0.35,0.26,1
2026-07-23,GB,reddit,Waterless skincare,Beauty,32.83,0.51,0.71,26,0.35,0.26,1
2026-07-23,GB,youtube,Waterless skincare,Beauty,61.11,0.46,0.76,26,0.35,0.26,1
2026-07-23,GB,marketplace,Waterless skincare,Beauty,38.15,0.56,0.71,26,0.35,0.26,1
2026-07-23,GB,news,Waterless skincare,Beauty,24.47,0.5,0.71,26,0.35,0.26,1
2026-07-23,GB,search,Smart hydration bottle,Electronics,36.36,0.43,0.66,26,0.35,0.26,1
2026-07-23,GB,reddit,Smart hydration bottle,Electronics,28.35,0.44,0.71,26,0.35,0.26,1
2026-07-23,GB,youtube,Smart hydration bottle,Electronics,48.08,0.49,0.71,26,0.35,0.26,1
2026-07-23,GB,marketplace,Smart hydration bottle,Electronics,34.85,0.42,0.72,26,0.35,0.26,1
2026-07-23,GB,news,Smart hydration bottle,Electronics,21.57,0.51,0.67,26,0.35,0.26,1
2026-07-23,GB,search,Walking pad,Fitness,34.55,0.37,0.52,33,0.51,0.38,1
2026-07-23,GB,reddit,Walking pad,Fitness,25.66,0.34,0.52,33,0.51,0.38,1
2026-07-23,GB,youtube,Walking pad,Fitness,50.81,0.4,0.57,33,0.51,0.38,1
2026-07-23,GB,marketplace,Walking pad,Fitness,31.38,0.34,0.6,33,0.51,0.38,1
2026-07-23,GB,news,Walking pad,Fitness,20.51,0.41,0.51,33,0.51,0.38,1
2026-07-23,GB,search,Millet snacks,Food,34.73,0.5,0.77,26,0.35,0.26,1
2026-07-23,GB,reddit,Millet snacks,Food,27.91,0.46,0.71,26,0.35,0.26,1
2026-07-23,GB,youtube,Millet snacks,Food,50.52,0.41,0.71,26,0.35,0.26,1
2026-07-23,GB,marketplace,Millet snacks,Food,33.86,0.47,0.72,26,0.35,0.26,1
2026-07-23,GB,news,Millet snacks,Food,19.98,0.48,0.77,26,0.35,0.26,1
2026-07-23,GB,search,Portable blender,Home,28.23,0.28,0.47,33,0.51,0.38,1
2026-07-23,GB,reddit,Portable blender,Home,19.24,0.32,0.49,33,0.51,0.38,1
2026-07-23,GB,youtube,Portable blender,Home,37.16,0.32,0.51,33,0.51,0.38,1
2026-07-23,GB,marketplace,Portable blender,Home,26.24,0.25,0.44,33,0.51,0.38,1
2026-07-23,GB,news,Portable blender,Home,15.81,0.3,0.5,33,0.51,0.38,1
2026-07-23,EU,search,Waterless skincare,Beauty,47.37,0.57,0.71,26,0.35,0.26,1
2026-07-23,EU,reddit,Waterless skincare,Beauty,33.67,0.55,0.72,26,0.35,0.26,1
2026-07-23,EU,youtube,Waterless skincare,Beauty,63.75,0.47,0.73,26,0.35,0.26,1
2026-07-23,EU,marketplace,Waterless skincare,Beauty,43.84,0.52,0.74,26,0.35,0.26,1
2026-07-23,EU,news,Waterless skincare,Beauty,25.44,0.52,0.73,26,0.35,0.26,1
2026-07-23,EU,search,Smart hydration bottle,Electronics,36.79,0.49,0.71,26,0.35,0.26,1
2026-07-23,EU,reddit,Smart hydration bottle,Electronics,27.53,0.52,0.7,26,0.35,0.26,1
2026-07-23,EU,youtube,Smart hydration bottle,Electronics,46.96,0.46,0.64,26,0.35,0.26,1
2026-07-23,EU,marketplace,Smart hydration bottle,Electronics,33.13,0.53,0.69,26,0.35,0.26,1
2026-07-23,EU,news,Smart hydration bottle,Electronics,19.13,0.49,0.64,26,0.35,0.26,1
2026-07-23,EU,search,Walking pad,Fitness,31.37,0.39,0.57,33,0.51,0.38,1
2026-07-23,EU,reddit,Walking pad,Fitness,21.24,0.33,0.57,33,0.51,0.38,1
2026-07-23,EU,youtube,Walking pad,Fitness,41.07,0.42,0.59,33,0.51,0.38,1
2026-07-23,EU,marketplace,Walking pad,Fitness,26.69,0.41,0.57,33,0.51,0.38,1
2026-07-23,EU,news,Walking pad,Fitness,17.03,0.36,0.59,33,0.51,0.38,1
2026-07-23,EU,search,Millet snacks,Food,32.6,0.39,0.72,26,0.35,0.26,1
2026-07-23,EU,reddit,Millet snacks,Food,27.39,0.44,0.75,26,0.35,0.26,1
2026-07-23,EU,youtube,Millet snacks,Food,45.59,0.42,0.8,26,0.35,0.26,1
2026-07-23,EU,marketplace,Millet snacks,Food,29.97,0.45,0.72,26,0.35,0.26,1
2026-07-23,EU,news,Millet snacks,Food,18.96,0.47,0.74,26,0.35,0.26,1
2026-07-23,EU,search,Portable blender,Home,28.4,0.27,0.46,33,0.51,0.38,1
2026-07-23,EU,reddit,Portable blender,Home,20.89,0.26,0.49,33,0.51,0.38,1
2026-07-23,EU,youtube,Portable blender,Home,38.45,0.24,0.52,33,0.51,0.38,1
2026-07-23,EU,marketplace,Portable blender,Home,27.83,0.25,0.5,33,0.51,0.38,1
2026-07-23,EU,news,Portable blender,Home,16.8,0.29,0.45,33,0.51,0.38,1
2026-07-23,IN,search,Waterless skincare,Beauty,48.48,0.47,0.76,26,0.35,0.26,1
2026-07-23,IN,reddit,Waterless skincare,Beauty,38.04,0.55,0.71,26,0.35,0.26,1
2026-07-23,IN,youtube,Waterless skincare,Beauty,65.0,0.56,0.72,26,0.35,0.26,1
2026-07-23,IN,marketplace,Waterless skincare,Beauty,43.29,0.48,0.77,26,0.35,0.26,1
2026-07-23,IN,news,Waterless skincare,Beauty,28.8,0.47,0.74,26,0.35,0.26,1
2026-07-23,IN,search,Smart hydration bottle,Electronics,35.96,0.46,0.67,26,0.35,0.26,1
2026-07-23,IN,reddit,Smart hydration bottle,Electronics,28.02,0.53,0.67,26,0.35,0.26,1
2026-07-23,IN,youtube,Smart hydration bottle,Electronics,50.81,0.51,0.66,26,0.35,0.26,1
2026-07-23,IN,marketplace,Smart hydration bottle,Electronics,36.95,0.53,0.71,26,0.35,0.26,1
2026-07-23,IN,news,Smart hydration bottle,Electronics,20.84,0.44,0.64,26,0.35,0.26,1
2026-07-23,IN,search,Walking pad,Fitness,31.1,0.35,0.59,33,0.51,0.38,1
2026-07-23,IN,reddit,Walking pad,Fitness,24.15,0.31,0.56,33,0.51,0.38,1
2026-07-23,IN,youtube,Walking pad,Fitness,40.54,0.41,0.58,33,0.51,0.38,1
2026-07-23,IN,marketplace,Walking pad,Fitness,26.14,0.33,0.6,33,0.51,0.38,1
2026-07-23,IN,news,Walking pad,Fitness,18.12,0.35,0.58,33,0.51,0.38,1
2026-07-23,IN,search,Millet snacks,Food,47.8,0.5,0.72,26,0.35,0.26,1
2026-07-23,IN,reddit,Millet snacks,Food,34.04,0.47,0.73,26,0.35,0.26,1
2026-07-23,IN,youtube,Millet snacks,Food,61.93,0.49,0.72,26,0.35,0.26,1
2026-07-23,IN,marketplace,Millet snacks,Food,39.46,0.44,0.81,26,0.35,0.26,1
2026-07-23,IN,news,Millet snacks,Food,23.66,0.49,0.79,26,0.35,0.26,1
2026-07-23,IN,search,Portable blender,Home,28.22,0.35,0.53,33,0.51,0.38,1
2026-07-23,IN,reddit,Portable blender,Home,19.25,0.27,0.47,33,0.51,0.38,1
2026-07-23,IN,youtube,Portable blender,Home,35.65,0.32,0.53,33,0.51,0.38,1
2026-07-23,IN,marketplace,Portable blender,Home,23.47,0.34,0.44,33,0.51,0.38,1
2026-07-23,IN,news,Portable blender,Home,15.26,0.28,0.48,33,0.51,0.38,1
2026-07-24,US,search,Waterless skincare,Beauty,46.55,0.58,0.75,27,0.35,0.26,1
2026-07-24,US,reddit,Waterless skincare,Beauty,34.91,0.55,0.68,27,0.35,0.26,1
2026-07-24,US,youtube,Waterless skincare,Beauty,56.31,0.5,0.72,27,0.35,0.26,1
2026-07-24,US,marketplace,Waterless skincare,Beauty,38.27,0.47,0.68,27,0.35,0.26,1
2026-07-24,US,news,Waterless skincare,Beauty,25.2,0.47,0.69,27,0.35,0.26,1
2026-07-24,US,search,Smart hydration bottle,Electronics,45.73,0.49,0.67,27,0.35,0.26,1
2026-07-24,US,reddit,Smart hydration bottle,Electronics,36.84,0.53,0.66,27,0.35,0.26,1
2026-07-24,US,youtube,Smart hydration bottle,Electronics,59.14,0.42,0.66,27,0.35,0.26,1
2026-07-24,US,marketplace,Smart hydration bottle,Electronics,39.26,0.47,0.64,27,0.35,0.26,1
2026-07-24,US,news,Smart hydration bottle,Electronics,26.52,0.52,0.69,27,0.35,0.26,1
2026-07-24,US,search,Walking pad,Fitness,37.08,0.36,0.56,34,0.52,0.39,1
2026-07-24,US,reddit,Walking pad,Fitness,25.65,0.4,0.53,34,0.52,0.39,1
2026-07-24,US,youtube,Walking pad,Fitness,46.86,0.41,0.54,34,0.52,0.39,1
2026-07-24,US,marketplace,Walking pad,Fitness,32.76,0.34,0.6,34,0.52,0.39,1
2026-07-24,US,news,Walking pad,Fitness,18.81,0.4,0.57,34,0.52,0.39,1
2026-07-24,US,search,Millet snacks,Food,34.88,0.45,0.72,27,0.35,0.26,1
2026-07-24,US,reddit,Millet snacks,Food,29.05,0.48,0.77,27,0.35,0.26,1
2026-07-24,US,youtube,Millet snacks,Food,48.17,0.39,0.74,27,0.35,0.26,1
2026-07-24,US,marketplace,Millet snacks,Food,30.92,0.45,0.78,27,0.35,0.26,1
2026-07-24,US,news,Millet snacks,Food,18.96,0.43,0.72,27,0.35,0.26,1
2026-07-24,US,search,Portable blender,Home,28.42,0.28,0.49,34,0.52,0.39,1
2026-07-24,US,reddit,Portable blender,Home,21.3,0.25,0.44,34,0.52,0.39,1
2026-07-24,US,youtube,Portable blender,Home,38.67,0.34,0.5,34,0.52,0.39,1
2026-07-24,US,marketplace,Portable blender,Home,24.99,0.25,0.5,34,0.52,0.39,1
2026-07-24,US,news,Portable blender,Home,14.43,0.32,0.47,34,0.52,0.39,1
2026-07-24,GB,search,Waterless skincare,Beauty,43.89,0.56,0.76,27,0.35,0.26,1
2026-07-24,GB,reddit,Waterless skincare,Beauty,32.97,0.47,0.75,27,0.35,0.26,1
2026-07-24,GB,youtube,Waterless skincare,Beauty,61.12,0.54,0.69,27,0.35,0.26,1
2026-07-24,GB,marketplace,Waterless skincare,Beauty,43.23,0.56,0.73,27,0.35,0.26,1
2026-07-24,GB,news,Waterless skincare,Beauty,24.99,0.48,0.72,27,0.35,0.26,1
2026-07-24,GB,search,Smart hydration bottle,Electronics,39.26,0.47,0.71,27,0.35,0.26,1
2026-07-24,GB,reddit,Smart hydration bottle,Electronics,29.75,0.5,0.63,27,0.35,0.26,1
2026-07-24,GB,youtube,Smart hydration bottle,Electronics,52.54,0.43,0.71,27,0.35,0.26,1
2026-07-24,GB,marketplace,Smart hydration bottle,Electronics,35.34,0.53,0.69,27,0.35,0.26,1
2026-07-24,GB,news,Smart hydration bottle,Electronics,21.18,0.51,0.69,27,0.35,0.26,1
2026-07-24,GB,search,Walking pad,Fitness,35.46,0.39,0.52,34,0.52,0.39,1
2026-07-24,GB,reddit,Walking pad,Fitness,25.0,0.42,0.57,34,0.52,0.39,1
2026-07-24,GB,youtube,Walking pad,Fitness,50.95,0.34,0.53,34,0.52,0.39,1
2026-07-24,GB,marketplace,Walking pad,Fitness,32.08,0.32,0.58,34,0.52,0.39,1
2026-07-24,GB,news,Walking pad,Fitness,19.78,0.42,0.51,34,0.52,0.39,1
2026-07-24,GB,search,Millet snacks,Food,34.92,0.41,0.73,27,0.35,0.26,1
2026-07-24,GB,reddit,Millet snacks,Food,27.57,0.38,0.78,27,0.35,0.26,1
2026-07-24,GB,youtube,Millet snacks,Food,48.23,0.49,0.77,27,0.35,0.26,1
2026-07-24,GB,marketplace,Millet snacks,Food,33.03,0.4,0.77,27,0.35,0.26,1
2026-07-24,GB,news,Millet snacks,Food,19.66,0.38,0.75,27,0.35,0.26,1
2026-07-24,GB,search,Portable blender,Home,26.74,0.24,0.51,34,0.52,0.39,1
2026-07-24,GB,reddit,Portable blender,Home,21.62,0.27,0.47,34,0.52,0.39,1
2026-07-24,GB,youtube,Portable blender,Home,36.46,0.27,0.48,34,0.52,0.39,1
2026-07-24,GB,marketplace,Portable blender,Home,24.63,0.33,0.5,34,0.52,0.39,1
2026-07-24,GB,news,Portable blender,Home,15.38,0.28,0.5,34,0.52,0.39,1
2026-07-24,EU,search,Waterless skincare,Beauty,45.3,0.56,0.73,27,0.35,0.26,1
2026-07-24,EU,reddit,Waterless skincare,Beauty,38.81,0.53,0.7,27,0.35,0.26,1
2026-07-24,EU,youtube,Waterless skincare,Beauty,64.54,0.54,0.69,27,0.35,0.26,1
2026-07-24,EU,marketplace,Waterless skincare,Beauty,41.2,0.51,0.73,27,0.35,0.26,1
2026-07-24,EU,news,Waterless skincare,Beauty,26.15,0.56,0.69,27,0.35,0.26,1
2026-07-24,EU,search,Smart hydration bottle,Electronics,38.2,0.48,0.72,27,0.35,0.26,1
2026-07-24,EU,reddit,Smart hydration bottle,Electronics,28.19,0.52,0.66,27,0.35,0.26,1
2026-07-24,EU,youtube,Smart hydration bottle,Electronics,52.56,0.52,0.69,27,0.35,0.26,1
2026-07-24,EU,marketplace,Smart hydration bottle,Electronics,35.67,0.42,0.67,27,0.35,0.26,1
2026-07-24,EU,news,Smart hydration bottle,Electronics,22.18,0.47,0.64,27,0.35,0.26,1
2026-07-24,EU,search,Walking pad,Fitness,32.65,0.41,0.5,34,0.52,0.39,1
2026-07-24,EU,reddit,Walking pad,Fitness,21.77,0.32,0.57,34,0.52,0.39,1
2026-07-24,EU,youtube,Walking pad,Fitness,39.8,0.35,0.59,34,0.52,0.39,1
2026-07-24,EU,marketplace,Walking pad,Fitness,27.65,0.38,0.57,34,0.52,0.39,1
2026-07-24,EU,news,Walking pad,Fitness,16.82,0.41,0.58,34,0.52,0.39,1
2026-07-24,EU,search,Millet snacks,Food,35.76,0.4,0.71,27,0.35,0.26,1
2026-07-24,EU,reddit,Millet snacks,Food,25.76,0.47,0.78,27,0.35,0.26,1
2026-07-24,EU,youtube,Millet snacks,Food,49.88,0.44,0.79,27,0.35,0.26,1
2026-07-24,EU,marketplace,Millet snacks,Food,32.85,0.47,0.77,27,0.35,0.26,1
2026-07-24,EU,news,Millet snacks,Food,20.58,0.45,0.74,27,0.35,0.26,1
2026-07-24,EU,search,Portable blender,Home,30.06,0.33,0.46,34,0.52,0.39,1
2026-07-24,EU,reddit,Portable blender,Home,23.23,0.32,0.53,34,0.52,0.39,1
2026-07-24,EU,youtube,Portable blender,Home,38.58,0.29,0.49,34,0.52,0.39,1
2026-07-24,EU,marketplace,Portable blender,Home,27.05,0.34,0.53,34,0.52,0.39,1
2026-07-24,EU,news,Portable blender,Home,16.12,0.26,0.44,34,0.52,0.39,1
2026-07-24,IN,search,Waterless skincare,Beauty,50.78,0.55,0.68,27,0.35,0.26,1
2026-07-24,IN,reddit,Waterless skincare,Beauty,38.96,0.52,0.75,27,0.35,0.26,1
2026-07-24,IN,youtube,Waterless skincare,Beauty,65.61,0.52,0.72,27,0.35,0.26,1
2026-07-24,IN,marketplace,Waterless skincare,Beauty,47.29,0.52,0.75,27,0.35,0.26,1
2026-07-24,IN,news,Waterless skincare,Beauty,28.97,0.5,0.74,27,0.35,0.26,1
2026-07-24,IN,search,Smart hydration bottle,Electronics,37.3,0.52,0.67,27,0.35,0.26,1
2026-07-24,IN,reddit,Smart hydration bottle,Electronics,30.09,0.49,0.7,27,0.35,0.26,1
2026-07-24,IN,youtube,Smart hydration bottle,Electronics,55.71,0.43,0.72,27,0.35,0.26,1
2026-07-24,IN,marketplace,Smart hydration bottle,Electronics,36.37,0.52,0.71,27,0.35,0.26,1
2026-07-24,IN,news,Smart hydration bottle,Electronics,20.4,0.44,0.65,27,0.35,0.26,1
2026-07-24,IN,search,Walking pad,Fitness,29.98,0.36,0.55,34,0.52,0.39,1
2026-07-24,IN,reddit,Walking pad,Fitness,22.92,0.37,0.53,34,0.52,0.39,1
2026-07-24,IN,youtube,Walking pad,Fitness,44.8,0.36,0.59,34,0.52,0.39,1
2026-07-24,IN,marketplace,Walking pad,Fitness,28.68,0.37,0.56,34,0.52,0.39,1
2026-07-24,IN,news,Walking pad,Fitness,16.95,0.35,0.56,34,0.52,0.39,1
2026-07-24,IN,search,Millet snacks,Food,46.15,0.41,0.74,27,0.35,0.26,1
2026-07-24,IN,reddit,Millet snacks,Food,33.86,0.45,0.74,27,0.35,0.26,1
2026-07-24,IN,youtube,Millet snacks,Food,58.8,0.42,0.73,27,0.35,0.26,1
2026-07-24,IN,marketplace,Millet snacks,Food,44.21,0.42,0.74,27,0.35,0.26,1
2026-07-24,IN,news,Millet snacks,Food,26.48,0.42,0.77,27,0.35,0.26,1
2026-07-24,IN,search,Portable blender,Home,29.26,0.32,0.48,34,0.52,0.39,1
2026-07-24,IN,reddit,Portable blender,Home,20.82,0.29,0.46,34,0.52,0.39,1
2026-07-24,IN,youtube,Portable blender,Home,39.72,0.24,0.49,34,0.52,0.39,1
2026-07-24,IN,marketplace,Portable blender,Home,26.49,0.28,0.52,34,0.52,0.39,1
2026-07-24,IN,news,Portable blender,Home,16.1,0.29,0.46,34,0.52,0.39,1
2026-07-25,US,search,Waterless skincare,Beauty,42.84,0.55,0.68,27,0.35,0.26,1
2026-07-25,US,reddit,Waterless skincare,Beauty,34.49,0.52,0.7,27,0.35,0.26,1
2026-07-25,US,youtube,Waterless skincare,Beauty,58.72,0.53,0.71,27,0.35,0.26,1
2026-07-25,US,marketplace,Waterless skincare,Beauty,39.68,0.55,0.75,27,0.35,0.26,1
2026-07-25,US,news,Waterless skincare,Beauty,24.66,0.57,0.73,27,0.35,0.26,1
2026-07-25,US,search,Smart hydration bottle,Electronics,47.21,0.49,0.65,27,0.35,0.26,1
2026-07-25,US,reddit,Smart hydration bottle,Electronics,36.81,0.52,0.63,27,0.35,0.26,1
2026-07-25,US,youtube,Smart hydration bottle,Electronics,68.36,0.46,0.68,27,0.35,0.26,1
2026-07-25,US,marketplace,Smart hydration bottle,Electronics,40.94,0.52,0.67,27,0.35,0.26,1
2026-07-25,US,news,Smart hydration bottle,Electronics,25.05,0.42,0.71,27,0.35,0.26,1
2026-07-25,US,search,Walking pad,Fitness,34.77,0.36,0.56,34,0.52,0.39,1
2026-07-25,US,reddit,Walking pad,Fitness,25.5,0.34,0.51,34,0.52,0.39,1
2026-07-25,US,youtube,Walking pad,Fitness,46.62,0.37,0.57,34,0.52,0.39,1
2026-07-25,US,marketplace,Walking pad,Fitness,31.19,0.39,0.52,34,0.52,0.39,1
2026-07-25,US,news,Walking pad,Fitness,19.27,0.37,0.56,34,0.52,0.39,1
2026-07-25,US,search,Millet snacks,Food,37.15,0.41,0.78,27,0.35,0.26,1
2026-07-25,US,reddit,Millet snacks,Food,26.03,0.39,0.77,27,0.35,0.26,1
2026-07-25,US,youtube,Millet snacks,Food,50.06,0.38,0.71,27,0.35,0.26,1
2026-07-25,US,marketplace,Millet snacks,Food,31.96,0.49,0.77,27,0.35,0.26,1
2026-07-25,US,news,Millet snacks,Food,19.16,0.48,0.8,27,0.35,0.26,1
2026-07-25,US,search,Portable blender,Home,27.73,0.26,0.51,34,0.52,0.39,1
2026-07-25,US,reddit,Portable blender,Home,21.06,0.28,0.5,34,0.52,0.39,1
2026-07-25,US,youtube,Portable blender,Home,35.67,0.28,0.46,34,0.52,0.39,1
2026-07-25,US,marketplace,Portable blender,Home,24.88,0.24,0.45,34,0.52,0.39,1
2026-07-25,US,news,Portable blender,Home,14.64,0.28,0.49,34,0.52,0.39,1
2026-07-25,GB,search,Waterless skincare,Beauty,46.63,0.56,0.76,27,0.35,0.26,1
2026-07-25,GB,reddit,Waterless skincare,Beauty,36.88,0.51,0.74,27,0.35,0.26,1
2026-07-25,GB,youtube,Waterless skincare,Beauty,63.47,0.47,0.7,27,0.35,0.26,1
2026-07-25,GB,marketplace,Waterless skincare,Beauty,40.6,0.57,0.76,27,0.35,0.26,1
2026-07-25,GB,news,Waterless skincare,Beauty,25.14,0.53,0.68,27,0.35,0.26,1
2026-07-25,GB,search,Smart hydration bottle,Electronics,40.22,0.5,0.71,27,0.35,0.26,1
2026-07-25,GB,reddit,Smart hydration bottle,Electronics,28.76,0.47,0.69,27,0.35,0.26,1
2026-07-25,GB,youtube,Smart hydration bottle,Electronics,54.24,0.51,0.67,27,0.35,0.26,1
2026-07-25,GB,marketplace,Smart hydration bottle,Electronics,33.0,0.53,0.72,27,0.35,0.26,1
2026-07-25,GB,news,Smart hydration bottle,Electronics,22.9,0.53,0.7,27,0.35,0.26,1
2026-07-25,GB,search,Walking pad,Fitness,37.91,0.38,0.57,34,0.52,0.39,1
2026-07-25,GB,reddit,Walking pad,Fitness,27.32,0.41,0.57,34,0.52,0.39,1
2026-07-25,GB,youtube,Walking pad,Fitness,48.48,0.41,0.55,34,0.52,0.39,1
2026-07-25,GB,marketplace,Walking pad,Fitness,30.66,0.33,0.52,34,0.52,0.39,1
2026-07-25,GB,news,Walking pad,Fitness,19.21,0.42,0.54,34,0.52,0.39,1
2026-07-25,GB,search,Millet snacks,Food,36.09,0.44,0.74,27,0.35,0.26,1
2026-07-25,GB,reddit,Millet snacks,Food,26.76,0.43,0.77,27,0.35,0.26,1
2026-07-25,GB,youtube,Millet snacks,Food,51.15,0.48,0.79,27,0.35,0.26,1
2026-07-25,GB,marketplace,Millet snacks,Food,30.68,0.47,0.77,27,0.35,0.26,1
2026-07-25,GB,news,Millet snacks,Food,20.11,0.39,0.76,27,0.35,0.26,1
2026-07-25,GB,search,Portable blender,Home,27.69,0.28,0.44,34,0.52,0.39,1
2026-07-25,GB,reddit,Portable blender,Home,21.11,0.32,0.46,34,0.52,0.39,1
2026-07-25,GB,youtube,Portable blender,Home,39.16,0.31,0.45,34,0.52,0.39,1
2026-07-25,GB,marketplace,Portable blender,Home,24.05,0.25,0.52,34,0.52,0.39,1
2026-07-25,GB,news,Portable blender,Home,15.58,0.26,0.51,34,0.52,0.39,1
2026-07-25,EU,search,Waterless skincare,Beauty,51.21,0.52,0.73,27,0.35,0.26,1
2026-07-25,EU,reddit,Waterless skincare,Beauty,37.9,0.52,0.71,27,0.35,0.26,1
2026-07-25,EU,youtube,Waterless skincare,Beauty,66.09,0.51,0.7,27,0.35,0.26,1
2026-07-25,EU,marketplace,Waterless skincare,Beauty,46.95,0.52,0.71,27,0.35,0.26,1
2026-07-25,EU,news,Waterless skincare,Beauty,26.43,0.53,0.73,27,0.35,0.26,1
2026-07-25,EU,search,Smart hydration bottle,Electronics,39.63,0.49,0.66,27,0.35,0.26,1
2026-07-25,EU,reddit,Smart hydration bottle,Electronics,30.84,0.47,0.68,27,0.35,0.26,1
2026-07-25,EU,youtube,Smart hydration bottle,Electronics,51.93,0.46,0.67,27,0.35,0.26,1
2026-07-25,EU,marketplace,Smart hydration bottle,Electronics,34.97,0.53,0.7,27,0.35,0.26,1
2026-07-25,EU,news,Smart hydration bottle,Electronics,22.16,0.45,0.69,27,0.35,0.26,1
2026-07-25,EU,search,Walking pad,Fitness,32.94,0.37,0.59,34,0.52,0.39,1
2026-07-25,EU,reddit,Walking pad,Fitness,24.04,0.34,0.51,34,0.52,0.39,1
2026-07-25,EU,youtube,Walking pad,Fitness,40.42,0.38,0.55,34,0.52,0.39,1
2026-07-25,EU,marketplace,Walking pad,Fitness,30.02,0.39,0.51,34,0.52,0.39,1
2026-07-25,EU,news,Walking pad,Fitness,18.24,0.38,0.55,34,0.52,0.39,1
2026-07-25,EU,search,Millet snacks,Food,37.51,0.47,0.77,27,0.35,0.26,1
2026-07-25,EU,reddit,Millet snacks,Food,25.9,0.46,0.79,27,0.35,0.26,1
2026-07-25,EU,youtube,Millet snacks,Food,49.3,0.46,0.76,27,0.35,0.26,1
2026-07-25,EU,marketplace,Millet snacks,Food,30.68,0.49,0.76,27,0.35,0.26,1
2026-07-25,EU,news,Millet snacks,Food,19.65,0.43,0.72,27,0.35,0.26,1
2026-07-25,EU,search,Portable blender,Home,29.36,0.31,0.5,34,0.52,0.39,1
2026-07-25,EU,reddit,Portable blender,Home,22.48,0.25,0.48,34,0.52,0.39,1
2026-07-25,EU,youtube,Portable blender,Home,42.66,0.28,0.45,34,0.52,0.39,1
2026-07-25,EU,marketplace,Portable blender,Home,27.65,0.25,0.52,34,0.52,0.39,1
2026-07-25,EU,news,Portable blender,Home,16.6,0.35,0.46,34,0.52,0.39,1
2026-07-25,IN,search,Waterless skincare,Beauty,47.78,0.55,0.74,27,0.35,0.26,1
2026-07-25,IN,reddit,Waterless skincare,Beauty,39.97,0.56,0.72,27,0.35,0.26,1
2026-07-25,IN,youtube,Waterless skincare,Beauty,70.12,0.56,0.71,27,0.35,0.26,1
2026-07-25,IN,marketplace,Waterless skincare,Beauty,46.13,0.54,0.71,27,0.35,0.26,1
2026-07-25,IN,news,Waterless skincare,Beauty,26.82,0.57,0.72,27,0.35,0.26,1
2026-07-25,IN,search,Smart hydration bottle,Electronics,42.15,0.49,0.64,27,0.35,0.26,1
2026-07-25,IN,reddit,Smart hydration bottle,Electronics,28.62,0.44,0.65,27,0.35,0.26,1
2026-07-25,IN,youtube,Smart hydration bottle,Electronics,55.6,0.51,0.69,27,0.35,0.26,1
2026-07-25,IN,marketplace,Smart hydration bottle,Electronics,35.6,0.45,0.68,27,0.35,0.26,1
2026-07-25,IN,news,Smart hydration bottle,Electronics,21.16,0.51,0.73,27,0.35,0.26,1
2026-07-25,IN,search,Walking pad,Fitness,31.41,0.39,0.53,34,0.52,0.39,1
2026-07-25,IN,reddit,Walking pad,Fitness,25.34,0.39,0.55,34,0.52,0.39,1
2026-07-25,IN,youtube,Walking pad,Fitness,44.59,0.41,0.52,34,0.52,0.39,1
2026-07-25,IN,marketplace,Walking pad,Fitness,27.66,0.37,0.57,34,0.52,0.39,1
2026-07-25,IN,news,Walking pad,Fitness,17.59,0.43,0.55,34,0.52,0.39,1
2026-07-25,IN,search,Millet snacks,Food,45.12,0.49,0.75,27,0.35,0.26,1
2026-07-25,IN,reddit,Millet snacks,Food,36.55,0.38,0.76,27,0.35,0.26,1
2026-07-25,IN,youtube,Millet snacks,Food,60.69,0.48,0.72,27,0.35,0.26,1
2026-07-25,IN,marketplace,Millet snacks,Food,39.79,0.42,0.78,27,0.35,0.26,1
2026-07-25,IN,news,Millet snacks,Food,26.42,0.38,0.72,27,0.35,0.26,1
2026-07-25,IN,search,Portable blender,Home,28.91,0.35,0.48,34,0.52,0.39,1
2026-07-25,IN,reddit,Portable blender,Home,21.8,0.27,0.43,34,0.52,0.39,1
2026-07-25,IN,youtube,Portable blender,Home,37.93,0.32,0.45,34,0.52,0.39,1
2026-07-25,IN,marketplace,Portable blender,Home,25.24,0.27,0.44,34,0.52,0.39,1
2026-07-25,IN,news,Portable blender,Home,16.23,0.25,0.5,34,0.52,0.39,1
2026-07-26,US,search,Waterless skincare,Beauty,45.23,0.56,0.69,27,0.35,0.26,1
2026-07-26,US,reddit,Waterless skincare,Beauty,34.81,0.55,0.73,27,0.35,0.26,1
2026-07-26,US,youtube,Waterless skincare,Beauty,61.76,0.54,0.71,27,0.35,0.26,1
2026-07-26,US,marketplace,Waterless skincare,Beauty,39.73,0.51,0.77,27,0.35,0.26,1
2026-07-26,US,news,Waterless skincare,Beauty,24.89,0.54,0.71,27,0.35,0.26,1
2026-07-26,US,search,Smart hydration bottle,Electronics,48.6,0.46,0.68,27,0.35,0.26,1
2026-07-26,US,reddit,Smart hydration bottle,Electronics,36.08,0.43,0.68,27,0.35,0.26,1
2026-07-26,US,youtube,Smart hydration bottle,Electronics,63.26,0.43,0.65,27,0.35,0.26,1
2026-07-26,US,marketplace,Smart hydration bottle,Electronics,45.41,0.51,0.71,27,0.35,0.26,1
2026-07-26,US,news,Smart hydration bottle,Electronics,27.05,0.42,0.65,27,0.35,0.26,1
2026-07-26,US,search,Walking pad,Fitness,36.64,0.42,0.53,35,0.52,0.39,1
2026-07-26,US,reddit,Walking pad,Fitness,27.06,0.34,0.56,35,0.52,0.39,1
2026-07-26,US,youtube,Walking pad,Fitness,48.29,0.41,0.59,35,0.52,0.39,1
2026-07-26,US,marketplace,Walking pad,Fitness,31.65,0.39,0.57,35,0.52,0.39,1
2026-07-26,US,news,Walking pad,Fitness,19.62,0.4,0.59,35,0.52,0.39,1
2026-07-26,US,search,Millet snacks,Food,40.01,0.41,0.81,27,0.35,0.26,1
2026-07-26,US,reddit,Millet snacks,Food,27.02,0.47,0.81,27,0.35,0.26,1
2026-07-26,US,youtube,Millet snacks,Food,52.0,0.46,0.8,27,0.35,0.26,1
2026-07-26,US,marketplace,Millet snacks,Food,34.69,0.41,0.75,27,0.35,0.26,1
2026-07-26,US,news,Millet snacks,Food,21.07,0.48,0.77,27,0.35,0.26,1
2026-07-26,US,search,Portable blender,Home,26.93,0.33,0.48,35,0.52,0.39,1
2026-07-26,US,reddit,Portable blender,Home,22.64,0.28,0.52,35,0.52,0.39,1
2026-07-26,US,youtube,Portable blender,Home,39.12,0.26,0.5,35,0.52,0.39,1
2026-07-26,US,marketplace,Portable blender,Home,26.58,0.35,0.5,35,0.52,0.39,1
2026-07-26,US,news,Portable blender,Home,16.22,0.25,0.48,35,0.52,0.39,1
2026-07-26,GB,search,Waterless skincare,Beauty,49.69,0.51,0.76,27,0.35,0.26,1
2026-07-26,GB,reddit,Waterless skincare,Beauty,33.95,0.56,0.74,27,0.35,0.26,1
2026-07-26,GB,youtube,Waterless skincare,Beauty,68.83,0.56,0.69,27,0.35,0.26,1
2026-07-26,GB,marketplace,Waterless skincare,Beauty,41.7,0.54,0.7,27,0.35,0.26,1
2026-07-26,GB,news,Waterless skincare,Beauty,25.1,0.51,0.76,27,0.35,0.26,1
2026-07-26,GB,search,Smart hydration bottle,Electronics,40.32,0.51,0.68,27,0.35,0.26,1
2026-07-26,GB,reddit,Smart hydration bottle,Electronics,31.16,0.43,0.66,27,0.35,0.26,1
2026-07-26,GB,youtube,Smart hydration bottle,Electronics,54.68,0.45,0.73,27,0.35,0.26,1
2026-07-26,GB,marketplace,Smart hydration bottle,Electronics,37.16,0.47,0.66,27,0.35,0.26,1
2026-07-26,GB,news,Smart hydration bottle,Electronics,22.31,0.46,0.67,27,0.35,0.26,1
2026-07-26,GB,search,Walking pad,Fitness,35.17,0.35,0.58,35,0.52,0.39,1
2026-07-26,GB,reddit,Walking pad,Fitness,26.63,0.42,0.51,35,0.52,0.39,1
2026-07-26,GB,youtube,Walking pad,Fitness,46.67,0.4,0.55,35,0.52,0.39,1
2026-07-26,GB,marketplace,Walking pad,Fitness,34.58,0.42,0.53,35,0.52,0.39,1
2026-07-26,GB,news,Walking pad,Fitness,19.34,0.42,0.52,35,0.52,0.39,1
2026-07-26,GB,search,Millet snacks,Food,39.18,0.46,0.72,27,0.35,0.26,1
2026-07-26,GB,reddit,Millet snacks,Food,26.45,0.48,0.77,27,0.35,0.26,1
2026-07-26,GB,youtube,Millet snacks,Food,46.87,0.45,0.75,27,0.35,0.26,1
2026-07-26,GB,marketplace,Millet snacks,Food,35.19,0.43,0.74,27,0.35,0.26,1
2026-07-26,GB,news,Millet snacks,Food,19.09,0.47,0.74,27,0.35,0.26,1
2026-07-26,GB,search,Portable blender,Home,28.18,0.24,0.47,35,0.52,0.39,1
2026-07-26,GB,reddit,Portable blender,Home,20.06,0.24,0.44,35,0.52,0.39,1
2026-07-26,GB,youtube,Portable blender,Home,38.93,0.26,0.45,35,0.52,0.39,1
2026-07-26,GB,marketplace,Portable blender,Home,24.55,0.24,0.44,35,0.52,0.39,1
2026-07-26,GB,news,Portable blender,Home,14.82,0.26,0.45,35,0.52,0.39,1
2026-07-26,EU,search,Waterless skincare,Beauty,49.55,0.48,0.72,27,0.35,0.26,1
2026-07-26,EU,reddit,Waterless skincare,Beauty,39.75,0.51,0.7,27,0.35,0.26,1
2026-07-26,EU,youtube,Waterless skincare,Beauty,71.82,0.47,0.73,27,0.35,0.26,1
2026-07-26,EU,marketplace,Waterless skincare,Beauty,48.41,0.54,0.72,27,0.35,0.26,1
2026-07-26,EU,news,Waterless skincare,Beauty,26.16,0.53,0.75,27,0.35,0.26,1
2026-07-26,EU,search,Smart hydration bottle,Electronics,38.48,0.5,0.67,27,0.35,0.26,1
2026-07-26,EU,reddit,Smart hydration bottle,Electronics,29.3,0.49,0.7,27,0.35,0.26,1
2026-07-26,EU,youtube,Smart hydration bottle,Electronics,49.65,0.46,0.73,27,0.35,0.26,1
2026-07-26,EU,marketplace,Smart hydration bottle,Electronics,35.24,0.42,0.68,27,0.35,0.26,1
2026-07-26,EU,news,Smart hydration bottle,Electronics,22.58,0.46,0.63,27,0.35,0.26,1
2026-07-26,EU,search,Walking pad,Fitness,30.74,0.37,0.58,35,0.52,0.39,1
2026-07-26,EU,reddit,Walking pad,Fitness,22.8,0.33,0.58,35,0.52,0.39,1
2026-07-26,EU,youtube,Walking pad,Fitness,40.67,0.41,0.57,35,0.52,0.39,1
2026-07-26,EU,marketplace,Walking pad,Fitness,29.64,0.34,0.54,35,0.52,0.39,1
2026-07-26,EU,news,Walking pad,Fitness,16.9,0.38,0.51,35,0.52,0.39,1
2026-07-26,EU,search,Millet snacks,Food,33.93,0.47,0.78,27,0.35,0.26,1
2026-07-26,EU,reddit,Millet snacks,Food,26.18,0.46,0.75,27,0.35,0.26,1
2026-07-26,EU,youtube,Millet snacks,Food,51.8,0.47,0.77,27,0.35,0.26,1
2026-07-26,EU,marketplace,Millet snacks,Food,34.78,0.47,0.79,27,0.35,0.26,1
2026-07-26,EU,news,Millet snacks,Food,20.36,0.41,0.72,27,0.35,0.26,1
2026-07-26,EU,search,Portable blender,Home,31.72,0.35,0.5,35,0.52,0.39,1
2026-07-26,EU,reddit,Portable blender,Home,23.09,0.32,0.44,35,0.52,0.39,1
2026-07-26,EU,youtube,Portable blender,Home,38.54,0.34,0.49,35,0.52,0.39,1
2026-07-26,EU,marketplace,Portable blender,Home,25.81,0.28,0.48,35,0.52,0.39,1
2026-07-26,EU,news,Portable blender,Home,16.89,0.29,0.43,35,0.52,0.39,1
2026-07-26,IN,search,Waterless skincare,Beauty,50.58,0.47,0.7,27,0.35,0.26,1
2026-07-26,IN,reddit,Waterless skincare,Beauty,37.76,0.53,0.73,27,0.35,0.26,1
2026-07-26,IN,youtube,Waterless skincare,Beauty,69.47,0.48,0.76,27,0.35,0.26,1
2026-07-26,IN,marketplace,Waterless skincare,Beauty,49.96,0.51,0.67,27,0.35,0.26,1
2026-07-26,IN,news,Waterless skincare,Beauty,27.4,0.51,0.74,27,0.35,0.26,1
2026-07-26,IN,search,Smart hydration bottle,Electronics,42.0,0.48,0.68,27,0.35,0.26,1
2026-07-26,IN,reddit,Smart hydration bottle,Electronics,29.84,0.45,0.63,27,0.35,0.26,1
2026-07-26,IN,youtube,Smart hydration bottle,Electronics,57.53,0.53,0.65,27,0.35,0.26,1
2026-07-26,IN,marketplace,Smart hydration bottle,Electronics,37.89,0.46,0.65,27,0.35,0.26,1
2026-07-26,IN,news,Smart hydration bottle,Electronics,22.31,0.45,0.7,27,0.35,0.26,1
2026-07-26,IN,search,Walking pad,Fitness,32.63,0.32,0.54,35,0.52,0.39,1
2026-07-26,IN,reddit,Walking pad,Fitness,23.89,0.41,0.53,35,0.52,0.39,1
2026-07-26,IN,youtube,Walking pad,Fitness,40.8,0.34,0.59,35,0.52,0.39,1
2026-07-26,IN,marketplace,Walking pad,Fitness,28.38,0.33,0.57,35,0.52,0.39,1
2026-07-26,IN,news,Walking pad,Fitness,17.27,0.31,0.52,35,0.52,0.39,1
2026-07-26,IN,search,Millet snacks,Food,44.93,0.38,0.79,27,0.35,0.26,1
2026-07-26,IN,reddit,Millet snacks,Food,33.73,0.49,0.73,27,0.35,0.26,1
2026-07-26,IN,youtube,Millet snacks,Food,60.7,0.42,0.76,27,0.35,0.26,1
2026-07-26,IN,marketplace,Millet snacks,Food,43.76,0.46,0.77,27,0.35,0.26,1
2026-07-26,IN,news,Millet snacks,Food,24.46,0.41,0.79,27,0.35,0.26,1
2026-07-26,IN,search,Portable blender,Home,29.69,0.29,0.48,35,0.52,0.39,1
2026-07-26,IN,reddit,Portable blender,Home,21.17,0.34,0.5,35,0.52,0.39,1
2026-07-26,IN,youtube,Portable blender,Home,36.51,0.28,0.48,35,0.52,0.39,1
2026-07-26,IN,marketplace,Portable blender,Home,26.89,0.34,0.46,35,0.52,0.39,1
2026-07-26,IN,news,Portable blender,Home,14.74,0.34,0.5,35,0.52,0.39,1
2026-07-27,US,search,Waterless skincare,Beauty,43.73,0.47,0.71,27,0.35,0.27,1
2026-07-27,US,reddit,Waterless skincare,Beauty,35.44,0.49,0.73,27,0.35,0.27,1
2026-07-27,US,youtube,Waterless skincare,Beauty,63.92,0.5,0.69,27,0.35,0.27,1
2026-07-27,US,marketplace,Waterless skincare,Beauty,41.61,0.49,0.75,27,0.35,0.27,1
2026-07-27,US,news,Waterless skincare,Beauty,25.68,0.56,0.72,27,0.35,0.27,1
2026-07-27,US,search,Smart hydration bottle,Electronics,51.78,0.47,0.64,27,0.35,0.27,1
2026-07-27,US,reddit,Smart hydration bottle,Electronics,36.37,0.44,0.66,27,0.35,0.27,1
2026-07-27,US,youtube,Smart hydration bottle,Electronics,70.73,0.52,0.72,27,0.35,0.27,1
2026-07-27,US,marketplace,Smart hydration bottle,Electronics,46.19,0.47,0.69,27,0.35,0.27,1
2026-07-27,US,news,Smart hydration bottle,Electronics,28.39,0.52,0.69,27,0.35,0.27,1
2026-07-27,US,search,Walking pad,Fitness,36.48,0.34,0.52,35,0.53,0.4,1
2026-07-27,US,reddit,Walking pad,Fitness,26.22,0.38,0.54,35,0.53,0.4,1
2026-07-27,US,youtube,Walking pad,Fitness,51.71,0.39,0.53,35,0.53,0.4,1
2026-07-27,US,marketplace,Walking pad,Fitness,34.13,0.37,0.6,35,0.53,0.4,1
2026-07-27,US,news,Walking pad,Fitness,21.53,0.35,0.58,35,0.53,0.4,1
2026-07-27,US,search,Millet snacks,Food,37.18,0.41,0.76,27,0.35,0.27,1
2026-07-27,US,reddit,Millet snacks,Food,26.85,0.42,0.8,27,0.35,0.27,1
2026-07-27,US,youtube,Millet snacks,Food,51.18,0.48,0.79,27,0.35,0.27,1
2026-07-27,US,marketplace,Millet snacks,Food,34.62,0.5,0.75,27,0.35,0.27,1
2026-07-27,US,news,Millet snacks,Food,22.08,0.48,0.73,27,0.35,0.27,1
2026-07-27,US,search,Portable blender,Home,26.85,0.31,0.51,35,0.53,0.4,1
2026-07-27,US,reddit,Portable blender,Home,22.66,0.28,0.49,35,0.53,0.4,1
2026-07-27,US,youtube,Portable blender,Home,40.79,0.33,0.47,35,0.53,0.4,1
2026-07-27,US,marketplace,Portable blender,Home,24.4,0.25,0.48,35,0.53,0.4,1
2026-07-27,US,news,Portable blender,Home,16.85,0.29,0.46,35,0.53,0.4,1
2026-07-27,GB,search,Waterless skincare,Beauty,48.49,0.49,0.74,27,0.35,0.27,1
2026-07-27,GB,reddit,Waterless skincare,Beauty,36.21,0.52,0.72,27,0.35,0.27,1
2026-07-27,GB,youtube,Waterless skincare,Beauty,68.61,0.48,0.71,27,0.35,0.27,1
2026-07-27,GB,marketplace,Waterless skincare,Beauty,44.42,0.5,0.7,27,0.35,0.27,1
2026-07-27,GB,news,Waterless skincare,Beauty,28.53,0.54,0.75,27,0.35,0.27,1
2026-07-27,GB,search,Smart hydration bottle,Electronics,40.99,0.49,0.66,27,0.35,0.27,1
2026-07-27,GB,reddit,Smart hydration bottle,Electronics,31.19,0.48,0.66,27,0.35,0.27,1
2026-07-27,GB,youtube,Smart hydration bottle,Electronics,54.08,0.52,0.67,27,0.35,0.27,1
2026-07-27,GB,marketplace,Smart hydration bottle,Electronics,36.94,0.49,0.72,27,0.35,0.27,1
2026-07-27,GB,news,Smart hydration bottle,Electronics,23.71,0.5,0.67,27,0.35,0.27,1
2026-07-27,GB,search,Walking pad,Fitness,35.68,0.32,0.54,35,0.53,0.4,1
2026-07-27,GB,reddit,Walking pad,Fitness,28.04,0.31,0.58,35,0.53,0.4,1
2026-07-27,GB,youtube,Walking pad,Fitness,49.74,0.36,0.55,35,0.53,0.4,1
2026-07-27,GB,marketplace,Walking pad,Fitness,33.88,0.36,0.58,35,0.53,0.4,1
2026-07-27,GB,news,Walking pad,Fitness,19.58,0.37,0.58,35,0.53,0.4,1
2026-07-27,GB,search,Millet snacks,Food,35.51,0.41,0.76,27,0.35,0.27,1
2026-07-27,GB,reddit,Millet snacks,Food,26.78,0.47,0.79,27,0.35,0.27,1
2026-07-27,GB,youtube,Millet snacks,Food,50.05,0.46,0.72,27,0.35,0.27,1
2026-07-27,GB,marketplace,Millet snacks,Food,35.73,0.47,0.81,27,0.35,0.27,1
2026-07-27,GB,news,Millet snacks,Food,19.47,0.45,0.75,27,0.35,0.27,1
2026-07-27,GB,search,Portable blender,Home,27.29,0.33,0.47,35,0.53,0.4,1
2026-07-27,GB,reddit,Portable blender,Home,22.8,0.31,0.45,35,0.53,0.4,1
2026-07-27,GB,youtube,Portable blender,Home,36.92,0.26,0.5,35,0.53,0.4,1
2026-07-27,GB,marketplace,Portable blender,Home,26.68,0.24,0.44,35,0.53,0.4,1
2026-07-27,GB,news,Portable blender,Home,15.95,0.35,0.46,35,0.53,0.4,1
2026-07-27,EU,search,Waterless skincare,Beauty,50.42,0.55,0.75,27,0.35,0.27,1
2026-07-27,EU,reddit,Waterless skincare,Beauty,40.56,0.56,0.77,27,0.35,0.27,1
2026-07-27,EU,youtube,Waterless skincare,Beauty,68.05,0.58,0.7,27,0.35,0.27,1
2026-07-27,EU,marketplace,Waterless skincare,Beauty,44.39,0.57,0.71,27,0.35,0.27,1
2026-07-27,EU,news,Waterless skincare,Beauty,27.59,0.48,0.7,27,0.35,0.27,1
2026-07-27,EU,search,Smart hydration bottle,Electronics,40.04,0.46,0.71,27,0.35,0.27,1
2026-07-27,EU,reddit,Smart hydration bottle,Electronics,30.29,0.43,0.68,27,0.35,0.27,1
2026-07-27,EU,youtube,Smart hydration bottle,Electronics,51.84,0.5,0.63,27,0.35,0.27,1
2026-07-27,EU,marketplace,Smart hydration bottle,Electronics,37.28,0.52,0.66,27,0.35,0.27,1
2026-07-27,EU,news,Smart hydration bottle,Electronics,22.0,0.51,0.66,27,0.35,0.27,1
2026-07-27,EU,search,Walking pad,Fitness,32.2,0.4,0.53,35,0.53,0.4,1
2026-07-27,EU,reddit,Walking pad,Fitness,22.72,0.42,0.56,35,0.53,0.4,1
2026-07-27,EU,youtube,Walking pad,Fitness,44.89,0.37,0.5,35,0.53,0.4,1
2026-07-27,EU,marketplace,Walking pad,Fitness,27.51,0.35,0.53,35,0.53,0.4,1
2026-07-27,EU,news,Walking pad,Fitness,16.75,0.4,0.53,35,0.53,0.4,1
2026-07-27,EU,search,Millet snacks,Food,39.31,0.43,0.81,27,0.35,0.27,1
2026-07-27,EU,reddit,Millet snacks,Food,29.47,0.42,0.79,27,0.35,0.27,1
2026-07-27,EU,youtube,Millet snacks,Food,49.62,0.48,0.81,27,0.35,0.27,1
2026-07-27,EU,marketplace,Millet snacks,Food,33.41,0.46,0.75,27,0.35,0.27,1
2026-07-27,EU,news,Millet snacks,Food,19.98,0.46,0.71,27,0.35,0.27,1
2026-07-27,EU,search,Portable blender,Home,31.71,0.35,0.45,35,0.53,0.4,1
2026-07-27,EU,reddit,Portable blender,Home,22.25,0.24,0.48,35,0.53,0.4,1
2026-07-27,EU,youtube,Portable blender,Home,43.85,0.25,0.53,35,0.53,0.4,1
2026-07-27,EU,marketplace,Portable blender,Home,29.24,0.3,0.53,35,0.53,0.4,1
2026-07-27,EU,news,Portable blender,Home,17.91,0.35,0.51,35,0.53,0.4,1
2026-07-27,IN,search,Waterless skincare,Beauty,54.41,0.52,0.72,27,0.35,0.27,1
2026-07-27,IN,reddit,Waterless skincare,Beauty,40.04,0.52,0.76,27,0.35,0.27,1
2026-07-27,IN,youtube,Waterless skincare,Beauty,72.02,0.48,0.75,27,0.35,0.27,1
2026-07-27,IN,marketplace,Waterless skincare,Beauty,45.05,0.56,0.75,27,0.35,0.27,1
2026-07-27,IN,news,Waterless skincare,Beauty,29.54,0.56,0.69,27,0.35,0.27,1
2026-07-27,IN,search,Smart hydration bottle,Electronics,43.09,0.47,0.7,27,0.35,0.27,1
2026-07-27,IN,reddit,Smart hydration bottle,Electronics,30.47,0.45,0.67,27,0.35,0.27,1
2026-07-27,IN,youtube,Smart hydration bottle,Electronics,53.62,0.51,0.68,27,0.35,0.27,1
2026-07-27,IN,marketplace,Smart hydration bottle,Electronics,37.16,0.47,0.63,27,0.35,0.27,1
2026-07-27,IN,news,Smart hydration bottle,Electronics,21.35,0.42,0.68,27,0.35,0.27,1
2026-07-27,IN,search,Walking pad,Fitness,31.68,0.39,0.52,35,0.53,0.4,1
2026-07-27,IN,reddit,Walking pad,Fitness,22.76,0.39,0.57,35,0.53,0.4,1
2026-07-27,IN,youtube,Walking pad,Fitness,44.88,0.31,0.57,35,0.53,0.4,1
2026-07-27,IN,marketplace,Walking pad,Fitness,29.23,0.34,0.59,35,0.53,0.4,1
2026-07-27,IN,news,Walking pad,Fitness,16.81,0.34,0.55,35,0.53,0.4,1
2026-07-27,IN,search,Millet snacks,Food,46.03,0.48,0.72,27,0.35,0.27,1
2026-07-27,IN,reddit,Millet snacks,Food,38.25,0.41,0.75,27,0.35,0.27,1
2026-07-27,IN,youtube,Millet snacks,Food,68.9,0.42,0.78,27,0.35,0.27,1
2026-07-27,IN,marketplace,Millet snacks,Food,45.36,0.42,0.75,27,0.35,0.27,1
2026-07-27,IN,news,Millet snacks,Food,27.35,0.43,0.74,27,0.35,0.27,1
2026-07-27,IN,search,Portable blender,Home,29.91,0.26,0.5,35,0.53,0.4,1
2026-07-27,IN,reddit,Portable blender,Home,20.12,0.3,0.51,35,0.53,0.4,1
2026-07-27,IN,youtube,Portable blender,Home,37.5,0.3,0.52,35,0.53,0.4,1
2026-07-27,IN,marketplace,Portable blender,Home,24.62,0.24,0.53,35,0.53,0.4,1
2026-07-27,IN,news,Portable blender,Home,15.75,0.29,0.52,35,0.53,0.4,1
2026-07-28,US,search,Waterless skincare,Beauty,49.17,0.49,0.72,28,0.36,0.27,1
2026-07-28,US,reddit,Waterless skincare,Beauty,36.65,0.51,0.75,28,0.36,0.27,1
2026-07-28,US,youtube,Waterless skincare,Beauty,67.96,0.5,0.77,28,0.36,0.27,1
2026-07-28,US,marketplace,Waterless skincare,Beauty,41.02,0.48,0.72,28,0.36,0.27,1
2026-07-28,US,news,Waterless skincare,Beauty,25.49,0.54,0.7,28,0.36,0.27,1
2026-07-28,US,search,Smart hydration bottle,Electronics,51.56,0.49,0.68,28,0.36,0.27,1
2026-07-28,US,reddit,Smart hydration bottle,Electronics,35.47,0.42,0.64,28,0.36,0.27,1
2026-07-28,US,youtube,Smart hydration bottle,Electronics,67.03,0.49,0.71,28,0.36,0.27,1
2026-07-28,US,marketplace,Smart hydration bottle,Electronics,45.01,0.43,0.69,28,0.36,0.27,1
2026-07-28,US,news,Smart hydration bottle,Electronics,26.99,0.48,0.63,28,0.36,0.27,1
2026-07-28,US,search,Walking pad,Fitness,38.94,0.33,0.57,35,0.53,0.4,1
2026-07-28,US,reddit,Walking pad,Fitness,27.27,0.34,0.57,35,0.53,0.4,1
2026-07-28,US,youtube,Walking pad,Fitness,53.42,0.36,0.5,35,0.53,0.4,1
2026-07-28,US,marketplace,Walking pad,Fitness,32.33,0.38,0.52,35,0.53,0.4,1
2026-07-28,US,news,Walking pad,Fitness,20.35,0.35,0.52,35,0.53,0.4,1
2026-07-28,US,search,Millet snacks,Food,41.09,0.42,0.81,28,0.36,0.27,1
2026-07-28,US,reddit,Millet snacks,Food,29.68,0.42,0.74,28,0.36,0.27,1
2026-07-28,US,youtube,Millet snacks,Food,49.71,0.43,0.73,28,0.36,0.27,1
2026-07-28,US,marketplace,Millet snacks,Food,35.49,0.43,0.74,28,0.36,0.27,1
2026-07-28,US,news,Millet snacks,Food,20.37,0.38,0.79,28,0.36,0.27,1
2026-07-28,US,search,Portable blender,Home,28.33,0.35,0.46,35,0.53,0.4,1
2026-07-28,US,reddit,Portable blender,Home,22.85,0.35,0.53,35,0.53,0.4,1
2026-07-28,US,youtube,Portable blender,Home,41.43,0.27,0.51,35,0.53,0.4,1
2026-07-28,US,marketplace,Portable blender,Home,27.3,0.3,0.45,35,0.53,0.4,1
2026-07-28,US,news,Portable blender,Home,15.13,0.31,0.48,35,0.53,0.4,1
2026-07-28,GB,search,Waterless skincare,Beauty,50.09,0.54,0.69,28,0.36,0.27,1
2026-07-28,GB,reddit,Waterless skincare,Beauty,38.13,0.57,0.77,28,0.36,0.27,1
2026-07-28,GB,youtube,Waterless skincare,Beauty,71.1,0.55,0.69,28,0.36,0.27,1
2026-07-28,GB,marketplace,Waterless skincare,Beauty,47.46,0.51,0.75,28,0.36,0.27,1
2026-07-28,GB,news,Waterless skincare,Beauty,27.3,0.57,0.7,28,0.36,0.27,1
2026-07-28,GB,search,Smart hydration bottle,Electronics,39.46,0.45,0.69,28,0.36,0.27,1
2026-07-28,GB,reddit,Smart hydration bottle,Electronics,30.25,0.45,0.72,28,0.36,0.27,1
2026-07-28,GB,youtube,Smart hydration bottle,Electronics,55.82,0.43,0.73,28,0.36,0.27,1
2026-07-28,GB,marketplace,Smart hydration bottle,Electronics,36.47,0.47,0.66,28,0.36,0.27,1
2026-07-28,GB,news,Smart hydration bottle,Electronics,22.38,0.5,0.66,28,0.36,0.27,1
2026-07-28,GB,search,Walking pad,Fitness,39.74,0.41,0.56,35,0.53,0.4,1
2026-07-28,GB,reddit,Walking pad,Fitness,29.57,0.38,0.56,35,0.53,0.4,1
2026-07-28,GB,youtube,Walking pad,Fitness,52.71,0.33,0.59,35,0.53,0.4,1
2026-07-28,GB,marketplace,Walking pad,Fitness,34.59,0.38,0.51,35,0.53,0.4,1
2026-07-28,GB,news,Walking pad,Fitness,20.63,0.41,0.6,35,0.53,0.4,1
2026-07-28,GB,search,Millet snacks,Food,38.64,0.47,0.77,28,0.36,0.27,1
2026-07-28,GB,reddit,Millet snacks,Food,26.52,0.39,0.78,28,0.36,0.27,1
2026-07-28,GB,youtube,Millet snacks,Food,51.14,0.44,0.72,28,0.36,0.27,1
2026-07-28,GB,marketplace,Millet snacks,Food,35.99,0.43,0.78,28,0.36,0.27,1
2026-07-28,GB,news,Millet snacks,Food,22.25,0.48,0.72,28,0.36,0.27,1
2026-07-28,GB,search,Portable blender,Home,27.93,0.25,0.43,35,0.53,0.4,1
2026-07-28,GB,reddit,Portable blender,Home,21.4,0.31,0.44,35,0.53,0.4,1
2026-07-28,GB,youtube,Portable blender,Home,40.42,0.32,0.46,35,0.53,0.4,1
2026-07-28,GB,marketplace,Portable blender,Home,27.2,0.35,0.52,35,0.53,0.4,1
2026-07-28,GB,news,Portable blender,Home,16.29,0.25,0.45,35,0.53,0.4,1
2026-07-28,EU,search,Waterless skincare,Beauty,55.52,0.47,0.72,28,0.36,0.27,1
2026-07-28,EU,reddit,Waterless skincare,Beauty,40.95,0.51,0.76,28,0.36,0.27,1
2026-07-28,EU,youtube,Waterless skincare,Beauty,68.17,0.58,0.7,28,0.36,0.27,1
2026-07-28,EU,marketplace,Waterless skincare,Beauty,47.51,0.55,0.76,28,0.36,0.27,1
2026-07-28,EU,news,Waterless skincare,Beauty,29.29,0.52,0.68,28,0.36,0.27,1
2026-07-28,EU,search,Smart hydration bottle,Electronics,41.15,0.44,0.73,28,0.36,0.27,1
2026-07-28,EU,reddit,Smart hydration bottle,Electronics,30.87,0.53,0.66,28,0.36,0.27,1
2026-07-28,EU,youtube,Smart hydration bottle,Electronics,57.01,0.43,0.69,28,0.36,0.27,1
2026-07-28,EU,marketplace,Smart hydration bottle,Electronics,37.17,0.52,0.73,28,0.36,0.27,1
2026-07-28,EU,news,Smart hydration bottle,Electronics,22.75,0.45,0.67,28,0.36,0.27,1
2026-07-28,EU,search,Walking pad,Fitness,32.12,0.39,0.58,35,0.53,0.4,1
2026-07-28,EU,reddit,Walking pad,Fitness,25.4,0.32,0.54,35,0.53,0.4,1
2026-07-28,EU,youtube,Walking pad,Fitness,46.12,0.31,0.52,35,0.53,0.4,1
2026-07-28,EU,marketplace,Walking pad,Fitness,28.98,0.42,0.57,35,0.53,0.4,1
2026-07-28,EU,news,Walking pad,Fitness,17.79,0.4,0.54,35,0.53,0.4,1
2026-07-28,EU,search,Millet snacks,Food,34.89,0.47,0.72,28,0.36,0.27,1
2026-07-28,EU,reddit,Millet snacks,Food,28.34,0.45,0.78,28,0.36,0.27,1
2026-07-28,EU,youtube,Millet snacks,Food,51.53,0.43,0.79,28,0.36,0.27,1
2026-07-28,EU,marketplace,Millet snacks,Food,33.27,0.48,0.77,28,0.36,0.27,1
2026-07-28,EU,news,Millet snacks,Food,20.03,0.43,0.76,28,0.36,0.27,1
2026-07-28,EU,search,Portable blender,Home,32.62,0.32,0.46,35,0.53,0.4,1
2026-07-28,EU,reddit,Portable blender,Home,23.86,0.24,0.52,35,0.53,0.4,1
2026-07-28,EU,youtube,Portable blender,Home,40.12,0.26,0.47,35,0.53,0.4,1
2026-07-28,EU,marketplace,Portable blender,Home,27.99,0.25,0.5,35,0.53,0.4,1
2026-07-28,EU,news,Portable blender,Home,16.07,0.29,0.53,35,0.53,0.4,1
2026-07-28,IN,search,Waterless skincare,Beauty,56.6,0.49,0.73,28,0.36,0.27,1
2026-07-28,IN,reddit,Waterless skincare,Beauty,41.37,0.5,0.69,28,0.36,0.27,1
2026-07-28,IN,youtube,Waterless skincare,Beauty,73.98,0.53,0.7,28,0.36,0.27,1
2026-07-28,IN,marketplace,Waterless skincare,Beauty,51.23,0.55,0.74,28,0.36,0.27,1
2026-07-28,IN,news,Waterless skincare,Beauty,31.36,0.55,0.74,28,0.36,0.27,1
2026-07-28,IN,search,Smart hydration bottle,Electronics,40.06,0.47,0.7,28,0.36,0.27,1
2026-07-28,IN,reddit,Smart hydration bottle,Electronics,30.75,0.44,0.71,28,0.36,0.27,1
2026-07-28,IN,youtube,Smart hydration bottle,Electronics,59.26,0.43,0.65,28,0.36,0.27,1
2026-07-28,IN,marketplace,Smart hydration bottle,Electronics,35.24,0.47,0.66,28,0.36,0.27,1
2026-07-28,IN,news,Smart hydration bottle,Electronics,22.27,0.52,0.7,28,0.36,0.27,1
2026-07-28,IN,search,Walking pad,Fitness,30.91,0.43,0.54,35,0.53,0.4,1
2026-07-28,IN,reddit,Walking pad,Fitness,23.36,0.33,0.53,35,0.53,0.4,1
2026-07-28,IN,youtube,Walking pad,Fitness,44.38,0.34,0.56,35,0.53,0.4,1
2026-07-28,IN,marketplace,Walking pad,Fitness,29.85,0.33,0.58,35,0.53,0.4,1
2026-07-28,IN,news,Walking pad,Fitness,17.27,0.34,0.53,35,0.53,0.4,1
2026-07-28,IN,search,Millet snacks,Food,48.07,0.39,0.71,28,0.36,0.27,1
2026-07-28,IN,reddit,Millet snacks,Food,35.66,0.39,0.72,28,0.36,0.27,1
2026-07-28,IN,youtube,Millet snacks,Food,62.14,0.46,0.75,28,0.36,0.27,1
2026-07-28,IN,marketplace,Millet snacks,Food,43.46,0.44,0.76,28,0.36,0.27,1
2026-07-28,IN,news,Millet snacks,Food,28.26,0.49,0.74,28,0.36,0.27,1
2026-07-28,IN,search,Portable blender,Home,30.98,0.24,0.45,35,0.53,0.4,1
2026-07-28,IN,reddit,Portable blender,Home,22.92,0.33,0.5,35,0.53,0.4,1
2026-07-28,IN,youtube,Portable blender,Home,41.54,0.28,0.44,35,0.53,0.4,1
2026-07-28,IN,marketplace,Portable blender,Home,26.4,0.25,0.51,35,0.53,0.4,1
2026-07-28,IN,news,Portable blender,Home,16.72,0.25,0.45,35,0.53,0.4,1
2026-07-29,US,search,Waterless skincare,Beauty,50.88,0.46,0.72,28,0.36,0.27,1
2026-07-29,US,reddit,Waterless skincare,Beauty,36.71,0.53,0.75,28,0.36,0.27,1
2026-07-29,US,youtube,Waterless skincare,Beauty,68.89,0.55,0.76,28,0.36,0.27,1
2026-07-29,US,marketplace,Waterless skincare,Beauty,46.43,0.5,0.74,28,0.36,0.27,1
2026-07-29,US,news,Waterless skincare,Beauty,27.72,0.5,0.77,28,0.36,0.27,1
2026-07-29,US,search,Smart hydration bottle,Electronics,54.09,0.53,0.69,28,0.36,0.27,1
2026-07-29,US,reddit,Smart hydration bottle,Electronics,40.26,0.43,0.7,28,0.36,0.27,1
2026-07-29,US,youtube,Smart hydration bottle,Electronics,72.31,0.45,0.68,28,0.36,0.27,1
2026-07-29,US,marketplace,Smart hydration bottle,Electronics,43.47,0.53,0.67,28,0.36,0.27,1
2026-07-29,US,news,Smart hydration bottle,Electronics,26.99,0.53,0.69,28,0.36,0.27,1
2026-07-29,US,search,Walking pad,Fitness,35.7,0.34,0.52,36,0.54,0.4,1
2026-07-29,US,reddit,Walking pad,Fitness,29.58,0.36,0.57,36,0.54,0.4,1
2026-07-29,US,youtube,Walking pad,Fitness,48.22,0.41,0.57,36,0.54,0.4,1
2026-07-29,US,marketplace,Walking pad,Fitness,35.65,0.39,0.59,36,0.54,0.4,1
2026-07-29,US,news,Walking pad,Fitness,21.33,0.34,0.51,36,0.54,0.4,1
2026-07-29,US,search,Millet snacks,Food,41.56,0.38,0.75,28,0.36,0.27,1
2026-07-29,US,reddit,Millet snacks,Food,27.85,0.38,0.73,28,0.36,0.27,1
2026-07-29,US,youtube,Millet snacks,Food,51.93,0.45,0.75,28,0.36,0.27,1
2026-07-29,US,marketplace,Millet snacks,Food,37.08,0.46,0.75,28,0.36,0.27,1
2026-07-29,US,news,Millet snacks,Food,21.55,0.48,0.74,28,0.36,0.27,1
2026-07-29,US,search,Portable blender,Home,30.12,0.32,0.47,36,0.54,0.4,1
2026-07-29,US,reddit,Portable blender,Home,23.29,0.3,0.5,36,0.54,0.4,1
2026-07-29,US,youtube,Portable blender,Home,40.15,0.25,0.44,36,0.54,0.4,1
2026-07-29,US,marketplace,Portable blender,Home,25.62,0.33,0.5,36,0.54,0.4,1
2026-07-29,US,news,Portable blender,Home,16.94,0.32,0.49,36,0.54,0.4,1
2026-07-29,GB,search,Waterless skincare,Beauty,50.63,0.52,0.72,28,0.36,0.27,1
2026-07-29,GB,reddit,Waterless skincare,Beauty,35.91,0.53,0.67,28,0.36,0.27,1
2026-07-29,GB,youtube,Waterless skincare,Beauty,71.35,0.57,0.74,28,0.36,0.27,1
2026-07-29,GB,marketplace,Waterless skincare,Beauty,44.93,0.49,0.72,28,0.36,0.27,1
2026-07-29,GB,news,Waterless skincare,Beauty,27.54,0.52,0.74,28,0.36,0.27,1
2026-07-29,GB,search,Smart hydration bottle,Electronics,43.33,0.43,0.71,28,0.36,0.27,1
2026-07-29,GB,reddit,Smart hydration bottle,Electronics,30.82,0.47,0.69,28,0.36,0.27,1
2026-07-29,GB,youtube,Smart hydration bottle,Electronics,60.55,0.49,0.7,28,0.36,0.27,1
2026-07-29,GB,marketplace,Smart hydration bottle,Electronics,37.13,0.53,0.71,28,0.36,0.27,1
2026-07-29,GB,news,Smart hydration bottle,Electronics,23.19,0.43,0.68,28,0.36,0.27,1
2026-07-29,GB,search,Walking pad,Fitness,38.31,0.31,0.59,36,0.54,0.4,1
2026-07-29,GB,reddit,Walking pad,Fitness,29.5,0.33,0.5,36,0.54,0.4,1
2026-07-29,GB,youtube,Walking pad,Fitness,52.54,0.37,0.57,36,0.54,0.4,1
2026-07-29,GB,marketplace,Walking pad,Fitness,36.5,0.34,0.52,36,0.54,0.4,1
2026-07-29,GB,news,Walking pad,Fitness,20.1,0.33,0.54,36,0.54,0.4,1
2026-07-29,GB,search,Millet snacks,Food,35.98,0.44,0.78,28,0.36,0.27,1
2026-07-29,GB,reddit,Millet snacks,Food,29.79,0.38,0.76,28,0.36,0.27,1
2026-07-29,GB,youtube,Millet snacks,Food,48.8,0.43,0.75,28,0.36,0.27,1
2026-07-29,GB,marketplace,Millet snacks,Food,36.59,0.47,0.77,28,0.36,0.27,1
2026-07-29,GB,news,Millet snacks,Food,22.67,0.42,0.77,28,0.36,0.27,1
2026-07-29,GB,search,Portable blender,Home,28.61,0.27,0.48,36,0.54,0.4,1
2026-07-29,GB,reddit,Portable blender,Home,21.66,0.34,0.46,36,0.54,0.4,1
2026-07-29,GB,youtube,Portable blender,Home,39.37,0.3,0.52,36,0.54,0.4,1
2026-07-29,GB,marketplace,Portable blender,Home,25.87,0.3,0.47,36,0.54,0.4,1
2026-07-29,GB,news,Portable blender,Home,15.8,0.34,0.46,36,0.54,0.4,1
2026-07-29,EU,search,Waterless skincare,Beauty,53.19,0.47,0.71,28,0.36,0.27,1
2026-07-29,EU,reddit,Waterless skincare,Beauty,39.13,0.47,0.74,28,0.36,0.27,1
2026-07-29,EU,youtube,Waterless skincare,Beauty,74.87,0.56,0.69,28,0.36,0.27,1
2026-07-29,EU,marketplace,Waterless skincare,Beauty,46.62,0.57,0.68,28,0.36,0.27,1
2026-07-29,EU,news,Waterless skincare,Beauty,27.44,0.54,0.71,28,0.36,0.27,1
2026-07-29,EU,search,Smart hydration bottle,Electronics,41.74,0.43,0.7,28,0.36,0.27,1
2026-07-29,EU,reddit,Smart hydration bottle,Electronics,29.34,0.48,0.73,28,0.36,0.27,1
2026-07-29,EU,youtube,Smart hydration bottle,Electronics,55.1,0.51,0.65,28,0.36,0.27,1
2026-07-29,EU,marketplace,Smart hydration bottle,Electronics,38.51,0.5,0.68,28,0.36,0.27,1
2026-07-29,EU,news,Smart hydration bottle,Electronics,21.85,0.5,0.64,28,0.36,0.27,1
2026-07-29,EU,search,Walking pad,Fitness,32.94,0.37,0.51,36,0.54,0.4,1
2026-07-29,EU,reddit,Walking pad,Fitness,25.7,0.41,0.51,36,0.54,0.4,1
2026-07-29,EU,youtube,Walking pad,Fitness,43.14,0.36,0.52,36,0.54,0.4,1
2026-07-29,EU,marketplace,Walking pad,Fitness,31.13,0.32,0.57,36,0.54,0.4,1
2026-07-29,EU,news,Walking pad,Fitness,17.21,0.35,0.58,36,0.54,0.4,1
2026-07-29,EU,search,Millet snacks,Food,37.18,0.38,0.72,28,0.36,0.27,1
2026-07-29,EU,reddit,Millet snacks,Food,27.91,0.45,0.71,28,0.36,0.27,1
2026-07-29,EU,youtube,Millet snacks,Food,54.92,0.47,0.78,28,0.36,0.27,1
2026-07-29,EU,marketplace,Millet snacks,Food,34.66,0.45,0.73,28,0.36,0.27,1
2026-07-29,EU,news,Millet snacks,Food,21.94,0.43,0.76,28,0.36,0.27,1
2026-07-29,EU,search,Portable blender,Home,31.6,0.29,0.46,36,0.54,0.4,1
2026-07-29,EU,reddit,Portable blender,Home,22.3,0.26,0.45,36,0.54,0.4,1
2026-07-29,EU,youtube,Portable blender,Home,44.28,0.27,0.48,36,0.54,0.4,1
2026-07-29,EU,marketplace,Portable blender,Home,29.44,0.24,0.43,36,0.54,0.4,1
2026-07-29,EU,news,Portable blender,Home,16.31,0.26,0.45,36,0.54,0.4,1
2026-07-29,IN,search,Waterless skincare,Beauty,53.79,0.57,0.77,28,0.36,0.27,1
2026-07-29,IN,reddit,Waterless skincare,Beauty,41.41,0.58,0.7,28,0.36,0.27,1
2026-07-29,IN,youtube,Waterless skincare,Beauty,73.98,0.53,0.77,28,0.36,0.27,1
2026-07-29,IN,marketplace,Waterless skincare,Beauty,49.14,0.58,0.71,28,0.36,0.27,1
2026-07-29,IN,news,Waterless skincare,Beauty,29.93,0.52,0.72,28,0.36,0.27,1
2026-07-29,IN,search,Smart hydration bottle,Electronics,40.88,0.43,0.69,28,0.36,0.27,1
2026-07-29,IN,reddit,Smart hydration bottle,Electronics,31.48,0.43,0.65,28,0.36,0.27,1
2026-07-29,IN,youtube,Smart hydration bottle,Electronics,59.9,0.49,0.64,28,0.36,0.27,1
2026-07-29,IN,marketplace,Smart hydration bottle,Electronics,36.64,0.44,0.64,28,0.36,0.27,1
2026-07-29,IN,news,Smart hydration bottle,Electronics,24.79,0.45,0.67,28,0.36,0.27,1
2026-07-29,IN,search,Walking pad,Fitness,34.59,0.36,0.58,36,0.54,0.4,1
2026-07-29,IN,reddit,Walking pad,Fitness,26.68,0.33,0.51,36,0.54,0.4,1
2026-07-29,IN,youtube,Walking pad,Fitness,44.32,0.37,0.5,36,0.54,0.4,1
2026-07-29,IN,marketplace,Walking pad,Fitness,29.1,0.42,0.59,36,0.54,0.4,1
2026-07-29,IN,news,Walking pad,Fitness,17.54,0.41,0.59,36,0.54,0.4,1
2026-07-29,IN,search,Millet snacks,Food,46.65,0.39,0.75,28,0.36,0.27,1
2026-07-29,IN,reddit,Millet snacks,Food,35.16,0.44,0.72,28,0.36,0.27,1
2026-07-29,IN,youtube,Millet snacks,Food,64.57,0.45,0.76,28,0.36,0.27,1
2026-07-29,IN,marketplace,Millet snacks,Food,45.4,0.47,0.76,28,0.36,0.27,1
2026-07-29,IN,news,Millet snacks,Food,27.98,0.45,0.75,28,0.36,0.27,1
2026-07-29,IN,search,Portable blender,Home,28.05,0.24,0.44,36,0.54,0.4,1
2026-07-29,IN,reddit,Portable blender,Home,21.65,0.27,0.49,36,0.54,0.4,1
2026-07-29,IN,youtube,Portable blender,Home,41.3,0.34,0.46,36,0.54,0.4,1
2026-07-29,IN,marketplace,Portable blender,Home,25.11,0.25,0.51,36,0.54,0.4,1
2026-07-29,IN,news,Portable blender,Home,15.58,0.3,0.46,36,0.54,0.4,1
2026-07-30,US,search,Waterless skincare,Beauty,50.06,0.51,0.74,28,0.36,0.27,1
2026-07-30,US,reddit,Waterless skincare,Beauty,35.98,0.52,0.72,28,0.36,0.27,1
2026-07-30,US,youtube,Waterless skincare,Beauty,65.29,0.46,0.76,28,0.36,0.27,1
2026-07-30,US,marketplace,Waterless skincare,Beauty,46.89,0.56,0.76,28,0.36,0.27,1
2026-07-30,US,news,Waterless skincare,Beauty,25.57,0.48,0.74,28,0.36,0.27,1
2026-07-30,US,search,Smart hydration bottle,Electronics,52.83,0.51,0.72,28,0.36,0.27,1
2026-07-30,US,reddit,Smart hydration bottle,Electronics,40.48,0.49,0.65,28,0.36,0.27,1
2026-07-30,US,youtube,Smart hydration bottle,Electronics,70.76,0.42,0.64,28,0.36,0.27,1
2026-07-30,US,marketplace,Smart hydration bottle,Electronics,45.15,0.53,0.71,28,0.36,0.27,1
2026-07-30,US,news,Smart hydration bottle,Electronics,30.02,0.48,0.7,28,0.36,0.27,1
2026-07-30,US,search,Walking pad,Fitness,39.92,0.4,0.58,36,0.54,0.41,1
2026-07-30,US,reddit,Walking pad,Fitness,29.08,0.4,0.58,36,0.54,0.41,1
2026-07-30,US,youtube,Walking pad,Fitness,50.63,0.39,0.56,36,0.54,0.41,1
2026-07-30,US,marketplace,Walking pad,Fitness,36.21,0.39,0.54,36,0.54,0.41,1
2026-07-30,US,news,Walking pad,Fitness,21.14,0.4,0.53,36,0.54,0.41,1
2026-07-30,US,search,Millet snacks,Food,42.75,0.41,0.72,28,0.36,0.27,1
2026-07-30,US,reddit,Millet snacks,Food,28.37,0.47,0.76,28,0.36,0.27,1
2026-07-30,US,youtube,Millet snacks,Food,51.2,0.48,0.8,28,0.36,0.27,1
2026-07-30,US,marketplace,Millet snacks,Food,36.78,0.42,0.8,28,0.36,0.27,1
2026-07-30,US,news,Millet snacks,Food,21.57,0.39,0.78,28,0.36,0.27,1
2026-07-30,US,search,Portable blender,Home,28.28,0.31,0.47,36,0.54,0.41,1
2026-07-30,US,reddit,Portable blender,Home,22.55,0.24,0.46,36,0.54,0.41,1
2026-07-30,US,youtube,Portable blender,Home,37.51,0.28,0.43,36,0.54,0.41,1
2026-07-30,US,marketplace,Portable blender,Home,27.65,0.33,0.51,36,0.54,0.41,1
2026-07-30,US,news,Portable blender,Home,17.26,0.29,0.46,36,0.54,0.41,1
2026-07-30,GB,search,Waterless skincare,Beauty,53.98,0.52,0.69,28,0.36,0.27,1
2026-07-30,GB,reddit,Waterless skincare,Beauty,36.17,0.47,0.75,28,0.36,0.27,1
2026-07-30,GB,youtube,Waterless skincare,Beauty,68.34,0.57,0.7,28,0.36,0.27,1
2026-07-30,GB,marketplace,Waterless skincare,Beauty,46.34,0.57,0.69,28,0.36,0.27,1
2026-07-30,GB,news,Waterless skincare,Beauty,27.74,0.58,0.73,28,0.36,0.27,1
2026-07-30,GB,search,Smart hydration bottle,Electronics,44.4,0.47,0.66,28,0.36,0.27,1
2026-07-30,GB,reddit,Smart hydration bottle,Electronics,30.76,0.52,0.72,28,0.36,0.27,1
2026-07-30,GB,youtube,Smart hydration bottle,Electronics,55.71,0.49,0.69,28,0.36,0.27,1
2026-07-30,GB,marketplace,Smart hydration bottle,Electronics,40.67,0.48,0.63,28,0.36,0.27,1
2026-07-30,GB,news,Smart hydration bottle,Electronics,24.92,0.44,0.64,28,0.36,0.27,1
2026-07-30,GB,search,Walking pad,Fitness,37.23,0.4,0.6,36,0.54,0.41,1
2026-07-30,GB,reddit,Walking pad,Fitness,28.16,0.33,0.56,36,0.54,0.41,1
2026-07-30,GB,youtube,Walking pad,Fitness,55.63,0.32,0.58,36,0.54,0.41,1
2026-07-30,GB,marketplace,Walking pad,Fitness,32.47,0.33,0.58,36,0.54,0.41,1
2026-07-30,GB,news,Walking pad,Fitness,21.14,0.34,0.51,36,0.54,0.41,1
2026-07-30,GB,search,Millet snacks,Food,39.99,0.38,0.76,28,0.36,0.27,1
2026-07-30,GB,reddit,Millet snacks,Food,31.23,0.41,0.78,28,0.36,0.27,1
2026-07-30,GB,youtube,Millet snacks,Food,49.47,0.38,0.76,28,0.36,0.27,1
2026-07-30,GB,marketplace,Millet snacks,Food,34.8,0.42,0.75,28,0.36,0.27,1
2026-07-30,GB,news,Millet snacks,Food,20.33,0.42,0.75,28,0.36,0.27,1
2026-07-30,GB,search,Portable blender,Home,29.13,0.27,0.44,36,0.54,0.41,1
2026-07-30,GB,reddit,Portable blender,Home,22.01,0.35,0.47,36,0.54,0.41,1
2026-07-30,GB,youtube,Portable blender,Home,40.5,0.34,0.47,36,0.54,0.41,1
2026-07-30,GB,marketplace,Portable blender,Home,27.13,0.31,0.48,36,0.54,0.41,1
2026-07-30,GB,news,Portable blender,Home,15.75,0.27,0.44,36,0.54,0.41,1
2026-07-30,EU,search,Waterless skincare,Beauty,50.55,0.54,0.71,28,0.36,0.27,1
2026-07-30,EU,reddit,Waterless skincare,Beauty,38.45,0.58,0.76,28,0.36,0.27,1
2026-07-30,EU,youtube,Waterless skincare,Beauty,72.79,0.52,0.75,28,0.36,0.27,1
2026-07-30,EU,marketplace,Waterless skincare,Beauty,48.45,0.57,0.75,28,0.36,0.27,1
2026-07-30,EU,news,Waterless skincare,Beauty,28.68,0.52,0.73,28,0.36,0.27,1
2026-07-30,EU,search,Smart hydration bottle,Electronics,40.81,0.44,0.65,28,0.36,0.27,1
2026-07-30,EU,reddit,Smart hydration bottle,Electronics,33.6,0.42,0.68,28,0.36,0.27,1
2026-07-30,EU,youtube,Smart hydration bottle,Electronics,53.51,0.52,0.67,28,0.36,0.27,1
2026-07-30,EU,marketplace,Smart hydration bottle,Electronics,38.12,0.51,0.71,28,0.36,0.27,1
2026-07-30,EU,news,Smart hydration bottle,Electronics,24.65,0.45,0.63,28,0.36,0.27,1
2026-07-30,EU,search,Walking pad,Fitness,35.38,0.34,0.53,36,0.54,0.41,1
2026-07-30,EU,reddit,Walking pad,Fitness,26.61,0.4,0.53,36,0.54,0.41,1
2026-07-30,EU,youtube,Walking pad,Fitness,45.67,0.36,0.52,36,0.54,0.41,1
2026-07-30,EU,marketplace,Walking pad,Fitness,28.94,0.39,0.53,36,0.54,0.41,1
2026-07-30,EU,news,Walking pad,Fitness,18.54,0.36,0.57,36,0.54,0.41,1
2026-07-30,EU,search,Millet snacks,Food,37.8,0.49,0.73,28,0.36,0.27,1
2026-07-30,EU,reddit,Millet snacks,Food,30.96,0.44,0.78,28,0.36,0.27,1
2026-07-30,EU,youtube,Millet snacks,Food,54.5,0.47,0.75,28,0.36,0.27,1
2026-07-30,EU,marketplace,Millet snacks,Food,36.76,0.48,0.79,28,0.36,0.27,1
2026-07-30,EU,news,Millet snacks,Food,20.69,0.46,0.77,28,0.36,0.27,1
2026-07-30,EU,search,Portable blender,Home,30.45,0.31,0.53,36,0.54,0.41,1
2026-07-30,EU,reddit,Portable blender,Home,22.95,0.28,0.44,36,0.54,0.41,1
2026-07-30,EU,youtube,Portable blender,Home,44.48,0.29,0.51,36,0.54,0.41,1
2026-07-30,EU,marketplace,Portable blender,Home,27.63,0.35,0.45,36,0.54,0.41,1
2026-07-30,EU,news,Portable blender,Home,17.7,0.27,0.47,36,0.54,0.41,1
2026-07-30,IN,search,Waterless skincare,Beauty,59.58,0.49,0.72,28,0.36,0.27,1
2026-07-30,IN,reddit,Waterless skincare,Beauty,43.56,0.57,0.69,28,0.36,0.27,1
2026-07-30,IN,youtube,Waterless skincare,Beauty,78.66,0.53,0.7,28,0.36,0.27,1
2026-07-30,IN,marketplace,Waterless skincare,Beauty,50.88,0.56,0.77,28,0.36,0.27,1
2026-07-30,IN,news,Waterless skincare,Beauty,29.87,0.53,0.76,28,0.36,0.27,1
2026-07-30,IN,search,Smart hydration bottle,Electronics,44.4,0.46,0.68,28,0.36,0.27,1
2026-07-30,IN,reddit,Smart hydration bottle,Electronics,30.72,0.5,0.73,28,0.36,0.27,1
2026-07-30,IN,youtube,Smart hydration bottle,Electronics,62.41,0.45,0.65,28,0.36,0.27,1
2026-07-30,IN,marketplace,Smart hydration bottle,Electronics,37.04,0.51,0.72,28,0.36,0.27,1
2026-07-30,IN,news,Smart hydration bottle,Electronics,23.52,0.53,0.67,28,0.36,0.27,1
2026-07-30,IN,search,Walking pad,Fitness,33.26,0.37,0.51,36,0.54,0.41,1
2026-07-30,IN,reddit,Walking pad,Fitness,26.75,0.41,0.55,36,0.54,0.41,1
2026-07-30,IN,youtube,Walking pad,Fitness,43.36,0.41,0.51,36,0.54,0.41,1
2026-07-30,IN,marketplace,Walking pad,Fitness,28.95,0.31,0.57,36,0.54,0.41,1
2026-07-30,IN,news,Walking pad,Fitness,18.87,0.38,0.59,36,0.54,0.41,1
2026-07-30,IN,search,Millet snacks,Food,49.95,0.41,0.74,28,0.36,0.27,1
2026-07-30,IN,reddit,Millet snacks,Food,36.59,0.45,0.78,28,0.36,0.27,1
2026-07-30,IN,youtube,Millet snacks,Food,68.17,0.39,0.74,28,0.36,0.27,1
2026-07-30,IN,marketplace,Millet snacks,Food,48.84,0.46,0.75,28,0.36,0.27,1
2026-07-30,IN,news,Millet snacks,Food,26.04,0.48,0.77,28,0.36,0.27,1
2026-07-30,IN,search,Portable blender,Home,28.57,0.31,0.48,36,0.54,0.41,1
2026-07-30,IN,reddit,Portable blender,Home,23.3,0.25,0.48,36,0.54,0.41,1
2026-07-30,IN,youtube,Portable blender,Home,39.45,0.35,0.49,36,0.54,0.41,1
2026-07-30,IN,marketplace,Portable blender,Home,25.39,0.27,0.49,36,0.54,0.41,1
2026-07-30,IN,news,Portable blender,Home,17.12,0.24,0.43,36,0.54,0.41,1
2026-07-31,US,search,Waterless skincare,Beauty,53.68,0.51,0.68,28,0.36,0.27,1
2026-07-31,US,reddit,Waterless skincare,Beauty,35.6,0.47,0.77,28,0.36,0.27,1
2026-07-31,US,youtube,Waterless skincare,Beauty,71.46,0.54,0.74,28,0.36,0.27,1
2026-07-31,US,marketplace,Waterless skincare,Beauty,42.94,0.5,0.68,28,0.36,0.27,1
2026-07-31,US,news,Waterless skincare,Beauty,26.19,0.53,0.69,28,0.36,0.27,1
2026-07-31,US,search,Smart hydration bottle,Electronics,50.95,0.45,0.71,28,0.36,0.27,1
2026-07-31,US,reddit,Smart hydration bottle,Electronics,40.24,0.48,0.64,28,0.36,0.27,1
2026-07-31,US,youtube,Smart hydration bottle,Electronics,67.09,0.44,0.63,28,0.36,0.27,1
2026-07-31,US,marketplace,Smart hydration bottle,Electronics,49.06,0.48,0.7,28,0.36,0.27,1
2026-07-31,US,news,Smart hydration bottle,Electronics,27.76,0.52,0.7,28,0.36,0.27,1
2026-07-31,US,search,Walking pad,Fitness,37.98,0.38,0.51,37,0.54,0.41,1
2026-07-31,US,reddit,Walking pad,Fitness,29.72,0.42,0.59,37,0.54,0.41,1
2026-07-31,US,youtube,Walking pad,Fitness,54.51,0.41,0.55,37,0.54,0.41,1
2026-07-31,US,marketplace,Walking pad,Fitness,33.31,0.42,0.51,37,0.54,0.41,1
2026-07-31,US,news,Walking pad,Fitness,20.55,0.34,0.51,37,0.54,0.41,1
2026-07-31,US,search,Millet snacks,Food,41.73,0.49,0.76,28,0.36,0.27,1
2026-07-31,US,reddit,Millet snacks,Food,31.09,0.45,0.75,28,0.36,0.27,1
2026-07-31,US,youtube,Millet snacks,Food,58.07,0.42,0.74,28,0.36,0.27,1
2026-07-31,US,marketplace,Millet snacks,Food,36.24,0.45,0.72,28,0.36,0.27,1
2026-07-31,US,news,Millet snacks,Food,21.06,0.5,0.76,28,0.36,0.27,1
2026-07-31,US,search,Portable blender,Home,31.63,0.24,0.45,37,0.54,0.41,1
2026-07-31,US,reddit,Portable blender,Home,21.21,0.32,0.47,37,0.54,0.41,1
2026-07-31,US,youtube,Portable blender,Home,39.35,0.29,0.44,37,0.54,0.41,1
2026-07-31,US,marketplace,Portable blender,Home,27.53,0.35,0.45,37,0.54,0.41,1
2026-07-31,US,news,Portable blender,Home,15.43,0.26,0.46,37,0.54,0.41,1
2026-07-31,GB,search,Waterless skincare,Beauty,49.8,0.54,0.73,28,0.36,0.27,1
2026-07-31,GB,reddit,Waterless skincare,Beauty,39.05,0.48,0.76,28,0.36,0.27,1
2026-07-31,GB,youtube,Waterless skincare,Beauty,72.13,0.47,0.75,28,0.36,0.27,1
2026-07-31,GB,marketplace,Waterless skincare,Beauty,46.93,0.46,0.69,28,0.36,0.27,1
2026-07-31,GB,news,Waterless skincare,Beauty,27.83,0.53,0.68,28,0.36,0.27,1
2026-07-31,GB,search,Smart hydration bottle,Electronics,43.81,0.44,0.65,28,0.36,0.27,1
2026-07-31,GB,reddit,Smart hydration bottle,Electronics,31.81,0.51,0.68,28,0.36,0.27,1
2026-07-31,GB,youtube,Smart hydration bottle,Electronics,61.71,0.49,0.67,28,0.36,0.27,1
2026-07-31,GB,marketplace,Smart hydration bottle,Electronics,38.78,0.43,0.67,28,0.36,0.27,1
2026-07-31,GB,news,Smart hydration bottle,Electronics,24.2,0.47,0.66,28,0.36,0.27,1
2026-07-31,GB,search,Walking pad,Fitness,41.09,0.38,0.58,37,0.54,0.41,1
2026-07-31,GB,reddit,Walking pad,Fitness,28.02,0.33,0.52,37,0.54,0.41,1
2026-07-31,GB,youtube,Walking pad,Fitness,53.77,0.4,0.53,37,0.54,0.41,1
2026-07-31,GB,marketplace,Walking pad,Fitness,36.18,0.34,0.6,37,0.54,0.41,1
2026-07-31,GB,news,Walking pad,Fitness,22.47,0.4,0.54,37,0.54,0.41,1
2026-07-31,GB,search,Millet snacks,Food,40.91,0.44,0.76,28,0.36,0.27,1
2026-07-31,GB,reddit,Millet snacks,Food,31.39,0.49,0.72,28,0.36,0.27,1
2026-07-31,GB,youtube,Millet snacks,Food,55.83,0.41,0.71,28,0.36,0.27,1
2026-07-31,GB,marketplace,Millet snacks,Food,34.59,0.45,0.76,28,0.36,0.27,1
2026-07-31,GB,news,Millet snacks,Food,21.33,0.44,0.72,28,0.36,0.27,1
2026-07-31,GB,search,Portable blender,Home,29.22,0.32,0.49,37,0.54,0.41,1
2026-07-31,GB,reddit,Portable blender,Home,22.94,0.32,0.51,37,0.54,0.41,1
2026-07-31,GB,youtube,Portable blender,Home,42.71,0.32,0.45,37,0.54,0.41,1
2026-07-31,GB,marketplace,Portable blender,Home,26.86,0.29,0.49,37,0.54,0.41,1
2026-07-31,GB,news,Portable blender,Home,15.7,0.28,0.44,37,0.54,0.41,1
2026-07-31,EU,search,Waterless skincare,Beauty,52.55,0.55,0.7,28,0.36,0.27,1
2026-07-31,EU,reddit,Waterless skincare,Beauty,40.79,0.49,0.69,28,0.36,0.27,1
2026-07-31,EU,youtube,Waterless skincare,Beauty,73.66,0.57,0.77,28,0.36,0.27,1
2026-07-31,EU,marketplace,Waterless skincare,Beauty,48.99,0.46,0.68,28,0.36,0.27,1
2026-07-31,EU,news,Waterless skincare,Beauty,29.63,0.5,0.72,28,0.36,0.27,1
2026-07-31,EU,search,Smart hydration bottle,Electronics,39.67,0.49,0.66,28,0.36,0.27,1
2026-07-31,EU,reddit,Smart hydration bottle,Electronics,32.49,0.48,0.68,28,0.36,0.27,1
2026-07-31,EU,youtube,Smart hydration bottle,Electronics,59.69,0.5,0.73,28,0.36,0.27,1
2026-07-31,EU,marketplace,Smart hydration bottle,Electronics,39.94,0.44,0.71,28,0.36,0.27,1
2026-07-31,EU,news,Smart hydration bottle,Electronics,25.0,0.52,0.66,28,0.36,0.27,1
2026-07-31,EU,search,Walking pad,Fitness,33.11,0.37,0.56,37,0.54,0.41,1
2026-07-31,EU,reddit,Walking pad,Fitness,24.12,0.39,0.53,37,0.54,0.41,1
2026-07-31,EU,youtube,Walking pad,Fitness,43.02,0.31,0.57,37,0.54,0.41,1
2026-07-31,EU,marketplace,Walking pad,Fitness,32.53,0.42,0.55,37,0.54,0.41,1
2026-07-31,EU,news,Walking pad,Fitness,17.88,0.37,0.51,37,0.54,0.41,1
2026-07-31,EU,search,Millet snacks,Food,38.44,0.49,0.76,28,0.36,0.27,1
2026-07-31,EU,reddit,Millet snacks,Food,29.14,0.39,0.75,28,0.36,0.27,1
2026-07-31,EU,youtube,Millet snacks,Food,53.37,0.47,0.73,28,0.36,0.27,1
2026-07-31,EU,marketplace,Millet snacks,Food,33.86,0.47,0.76,28,0.36,0.27,1
2026-07-31,EU,news,Millet snacks,Food,21.16,0.49,0.71,28,0.36,0.27,1
2026-07-31,EU,search,Portable blender,Home,34.26,0.32,0.49,37,0.54,0.41,1
2026-07-31,EU,reddit,Portable blender,Home,23.05,0.27,0.49,37,0.54,0.41,1
2026-07-31,EU,youtube,Portable blender,Home,41.32,0.29,0.53,37,0.54,0.41,1
2026-07-31,EU,marketplace,Portable blender,Home,30.39,0.26,0.44,37,0.54,0.41,1
2026-07-31,EU,news,Portable blender,Home,18.69,0.32,0.48,37,0.54,0.41,1
2026-07-31,IN,search,Waterless skincare,Beauty,54.97,0.48,0.71,28,0.36,0.27,1
2026-07-31,IN,reddit,Waterless skincare,Beauty,44.32,0.58,0.75,28,0.36,0.27,1
2026-07-31,IN,youtube,Waterless skincare,Beauty,75.17,0.5,0.69,28,0.36,0.27,1
2026-07-31,IN,marketplace,Waterless skincare,Beauty,51.42,0.46,0.73,28,0.36,0.27,1
2026-07-31,IN,news,Waterless skincare,Beauty,33.07,0.53,0.68,28,0.36,0.27,1
2026-07-31,IN,search,Smart hydration bottle,Electronics,43.97,0.51,0.64,28,0.36,0.27,1
2026-07-31,IN,reddit,Smart hydration bottle,Electronics,33.96,0.43,0.69,28,0.36,0.27,1
2026-07-31,IN,youtube,Smart hydration bottle,Electronics,59.03,0.52,0.69,28,0.36,0.27,1
2026-07-31,IN,marketplace,Smart hydration bottle,Electronics,38.77,0.43,0.7,28,0.36,0.27,1
2026-07-31,IN,news,Smart hydration bottle,Electronics,23.7,0.45,0.7,28,0.36,0.27,1
2026-07-31,IN,search,Walking pad,Fitness,32.03,0.42,0.59,37,0.54,0.41,1
2026-07-31,IN,reddit,Walking pad,Fitness,24.07,0.32,0.53,37,0.54,0.41,1
2026-07-31,IN,youtube,Walking pad,Fitness,46.6,0.34,0.51,37,0.54,0.41,1
2026-07-31,IN,marketplace,Walking pad,Fitness,30.6,0.33,0.57,37,0.54,0.41,1
2026-07-31,IN,news,Walking pad,Fitness,17.6,0.36,0.6,37,0.54,0.41,1
2026-07-31,IN,search,Millet snacks,Food,49.0,0.41,0.71,28,0.36,0.27,1
2026-07-31,IN,reddit,Millet snacks,Food,40.06,0.44,0.71,28,0.36,0.27,1
2026-07-31,IN,youtube,Millet snacks,Food,73.66,0.46,0.78,28,0.36,0.27,1
2026-07-31,IN,marketplace,Millet snacks,Food,48.93,0.46,0.73,28,0.36,0.27,1
2026-07-31,IN,news,Millet snacks,Food,28.23,0.48,0.77,28,0.36,0.27,1
2026-07-31,IN,search,Portable blender,Home,32.01,0.33,0.44,37,0.54,0.41,1
2026-07-31,IN,reddit,Portable blender,Home,23.93,0.24,0.49,37,0.54,0.41,1
2026-07-31,IN,youtube,Portable blender,Home,42.59,0.32,0.45,37,0.54,0.41,1
2026-07-31,IN,marketplace,Portable blender,Home,26.7,0.34,0.47,37,0.54,0.41,1
2026-07-31,IN,news,Portable blender,Home,16.23,0.3,0.5,37,0.54,0.41,1
2026-08-01,US,search,Waterless skincare,Beauty,50.16,0.49,0.76,29,0.36,0.27,1
2026-08-01,US,reddit,Waterless skincare,Beauty,37.35,0.49,0.7,29,0.36,0.27,1
2026-08-01,US,youtube,Waterless skincare,Beauty,73.93,0.51,0.71,29,0.36,0.27,1
2026-08-01,US,marketplace,Waterless skincare,Beauty,44.88,0.52,0.67,29,0.36,0.27,1
2026-08-01,US,news,Waterless skincare,Beauty,28.55,0.49,0.74,29,0.36,0.27,1
2026-08-01,US,search,Smart hydration bottle,Electronics,53.97,0.43,0.7,29,0.36,0.27,1
2026-08-01,US,reddit,Smart hydration bottle,Electronics,37.9,0.46,0.64,29,0.36,0.27,1
2026-08-01,US,youtube,Smart hydration bottle,Electronics,76.84,0.51,0.65,29,0.36,0.27,1
2026-08-01,US,marketplace,Smart hydration bottle,Electronics,44.87,0.43,0.64,29,0.36,0.27,1
2026-08-01,US,news,Smart hydration bottle,Electronics,28.88,0.45,0.63,29,0.36,0.27,1
2026-08-01,US,search,Walking pad,Fitness,39.72,0.4,0.56,37,0.55,0.41,1
2026-08-01,US,reddit,Walking pad,Fitness,31.31,0.36,0.57,37,0.55,0.41,1
2026-08-01,US,youtube,Walking pad,Fitness,54.83,0.32,0.58,37,0.55,0.41,1
2026-08-01,US,marketplace,Walking pad,Fitness,36.24,0.35,0.57,37,0.55,0.41,1
2026-08-01,US,news,Walking pad,Fitness,22.11,0.32,0.58,37,0.55,0.41,1
2026-08-01,US,search,Millet snacks,Food,41.62,0.38,0.76,29,0.36,0.27,1
2026-08-01,US,reddit,Millet snacks,Food,31.2,0.5,0.77,29,0.36,0.27,1
2026-08-01,US,youtube,Millet snacks,Food,56.84,0.41,0.8,29,0.36,0.27,1
2026-08-01,US,marketplace,Millet snacks,Food,38.43,0.49,0.8,29,0.36,0.27,1
2026-08-01,US,news,Millet snacks,Food,22.11,0.5,0.73,29,0.36,0.27,1
2026-08-01,US,search,Portable blender,Home,29.67,0.34,0.45,37,0.55,0.41,1
2026-08-01,US,reddit,Portable blender,Home,22.33,0.33,0.44,37,0.55,0.41,1
2026-08-01,US,youtube,Portable blender,Home,43.36,0.33,0.51,37,0.55,0.41,1
2026-08-01,US,marketplace,Portable blender,Home,26.63,0.32,0.51,37,0.55,0.41,1
2026-08-01,US,news,Portable blender,Home,16.61,0.32,0.49,37,0.55,0.41,1
2026-08-01,GB,search,Waterless skincare,Beauty,51.13,0.46,0.68,29,0.36,0.27,1
2026-08-01,GB,reddit,Waterless skincare,Beauty,39.85,0.52,0.67,29,0.36,0.27,1
2026-08-01,GB,youtube,Waterless skincare,Beauty,69.64,0.49,0.77,29,0.36,0.27,1
2026-08-01,GB,marketplace,Waterless skincare,Beauty,50.23,0.52,0.75,29,0.36,0.27,1
2026-08-01,GB,news,Waterless skincare,Beauty,27.42,0.55,0.72,29,0.36,0.27,1
2026-08-01,GB,search,Smart hydration bottle,Electronics,46.13,0.47,0.71,29,0.36,0.27,1
2026-08-01,GB,reddit,Smart hydration bottle,Electronics,34.66,0.45,0.72,29,0.36,0.27,1
2026-08-01,GB,youtube,Smart hydration bottle,Electronics,56.79,0.53,0.65,29,0.36,0.27,1
2026-08-01,GB,marketplace,Smart hydration bottle,Electronics,42.18,0.45,0.7,29,0.36,0.27,1
2026-08-01,GB,news,Smart hydration bottle,Electronics,23.53,0.5,0.69,29,0.36,0.27,1
2026-08-01,GB,search,Walking pad,Fitness,37.9,0.35,0.58,37,0.55,0.41,1
2026-08-01,GB,reddit,Walking pad,Fitness,30.02,0.36,0.54,37,0.55,0.41,1
2026-08-01,GB,youtube,Walking pad,Fitness,54.3,0.42,0.51,37,0.55,0.41,1
2026-08-01,GB,marketplace,Walking pad,Fitness,36.61,0.4,0.6,37,0.55,0.41,1
2026-08-01,GB,news,Walking pad,Fitness,22.73,0.33,0.57,37,0.55,0.41,1
2026-08-01,GB,search,Millet snacks,Food,41.81,0.44,0.81,29,0.36,0.27,1
2026-08-01,GB,reddit,Millet snacks,Food,30.02,0.41,0.79,29,0.36,0.27,1
2026-08-01,GB,youtube,Millet snacks,Food,55.87,0.39,0.75,29,0.36,0.27,1
2026-08-01,GB,marketplace,Millet snacks,Food,36.57,0.5,0.79,29,0.36,0.27,1
2026-08-01,GB,news,Millet snacks,Food,23.65,0.45,0.8,29,0.36,0.27,1
2026-08-01,GB,search,Portable blender,Home,28.28,0.33,0.52,37,0.55,0.41,1
2026-08-01,GB,reddit,Portable blender,Home,23.18,0.35,0.45,37,0.55,0.41,1
2026-08-01,GB,youtube,Portable blender,Home,42.4,0.26,0.5,37,0.55,0.41,1
2026-08-01,GB,marketplace,Portable blender,Home,27.57,0.28,0.43,37,0.55,0.41,1
2026-08-01,GB,news,Portable blender,Home,16.66,0.27,0.47,37,0.55,0.41,1
2026-08-01,EU,search,Waterless skincare,Beauty,58.15,0.48,0.72,29,0.36,0.27,1
2026-08-01,EU,reddit,Waterless skincare,Beauty,42.61,0.52,0.73,29,0.36,0.27,1
2026-08-01,EU,youtube,Waterless skincare,Beauty,72.97,0.54,0.76,29,0.36,0.27,1
2026-08-01,EU,marketplace,Waterless skincare,Beauty,49.03,0.57,0.74,29,0.36,0.27,1
2026-08-01,EU,news,Waterless skincare,Beauty,31.98,0.55,0.73,29,0.36,0.27,1
2026-08-01,EU,search,Smart hydration bottle,Electronics,44.82,0.47,0.72,29,0.36,0.27,1
2026-08-01,EU,reddit,Smart hydration bottle,Electronics,34.03,0.43,0.64,29,0.36,0.27,1
2026-08-01,EU,youtube,Smart hydration bottle,Electronics,61.74,0.45,0.67,29,0.36,0.27,1
2026-08-01,EU,marketplace,Smart hydration bottle,Electronics,36.49,0.51,0.71,29,0.36,0.27,1
2026-08-01,EU,news,Smart hydration bottle,Electronics,22.84,0.5,0.7,29,0.36,0.27,1
2026-08-01,EU,search,Walking pad,Fitness,36.08,0.39,0.59,37,0.55,0.41,1
2026-08-01,EU,reddit,Walking pad,Fitness,24.41,0.35,0.56,37,0.55,0.41,1
2026-08-01,EU,youtube,Walking pad,Fitness,49.1,0.41,0.55,37,0.55,0.41,1
2026-08-01,EU,marketplace,Walking pad,Fitness,30.87,0.32,0.58,37,0.55,0.41,1
2026-08-01,EU,news,Walking pad,Fitness,18.2,0.34,0.56,37,0.55,0.41,1
2026-08-01,EU,search,Millet snacks,Food,39.21,0.41,0.78,29,0.36,0.27,1
2026-08-01,EU,reddit,Millet snacks,Food,31.5,0.38,0.71,29,0.36,0.27,1
2026-08-01,EU,youtube,Millet snacks,Food,51.74,0.45,0.77,29,0.36,0.27,1
2026-08-01,EU,marketplace,Millet snacks,Food,38.22,0.48,0.8,29,0.36,0.27,1
2026-08-01,EU,news,Millet snacks,Food,22.36,0.41,0.74,29,0.36,0.27,1
2026-08-01,EU,search,Portable blender,Home,32.4,0.34,0.5,37,0.55,0.41,1
2026-08-01,EU,reddit,Portable blender,Home,25.69,0.27,0.44,37,0.55,0.41,1
2026-08-01,EU,youtube,Portable blender,Home,46.83,0.29,0.49,37,0.55,0.41,1
2026-08-01,EU,marketplace,Portable blender,Home,30.66,0.32,0.44,37,0.55,0.41,1
2026-08-01,EU,news,Portable blender,Home,18.27,0.35,0.46,37,0.55,0.41,1
2026-08-01,IN,search,Waterless skincare,Beauty,56.18,0.55,0.75,29,0.36,0.27,1
2026-08-01,IN,reddit,Waterless skincare,Beauty,46.8,0.47,0.71,29,0.36,0.27,1
2026-08-01,IN,youtube,Waterless skincare,Beauty,83.62,0.55,0.69,29,0.36,0.27,1
2026-08-01,IN,marketplace,Waterless skincare,Beauty,53.12,0.57,0.69,29,0.36,0.27,1
2026-08-01,IN,news,Waterless skincare,Beauty,32.6,0.5,0.73,29,0.36,0.27,1
2026-08-01,IN,search,Smart hydration bottle,Electronics,46.18,0.48,0.64,29,0.36,0.27,1
2026-08-01,IN,reddit,Smart hydration bottle,Electronics,35.11,0.5,0.69,29,0.36,0.27,1
2026-08-01,IN,youtube,Smart hydration bottle,Electronics,59.95,0.48,0.66,29,0.36,0.27,1
2026-08-01,IN,marketplace,Smart hydration bottle,Electronics,40.41,0.44,0.7,29,0.36,0.27,1
2026-08-01,IN,news,Smart hydration bottle,Electronics,24.08,0.49,0.71,29,0.36,0.27,1
2026-08-01,IN,search,Walking pad,Fitness,32.67,0.36,0.53,37,0.55,0.41,1
2026-08-01,IN,reddit,Walking pad,Fitness,27.25,0.43,0.57,37,0.55,0.41,1
2026-08-01,IN,youtube,Walking pad,Fitness,46.85,0.42,0.52,37,0.55,0.41,1
2026-08-01,IN,marketplace,Walking pad,Fitness,33.45,0.39,0.51,37,0.55,0.41,1
2026-08-01,IN,news,Walking pad,Fitness,19.62,0.36,0.6,37,0.55,0.41,1
2026-08-01,IN,search,Millet snacks,Food,49.41,0.49,0.77,29,0.36,0.27,1
2026-08-01,IN,reddit,Millet snacks,Food,37.6,0.46,0.77,29,0.36,0.27,1
2026-08-01,IN,youtube,Millet snacks,Food,65.79,0.44,0.73,29,0.36,0.27,1
2026-08-01,IN,marketplace,Millet snacks,Food,47.7,0.4,0.73,29,0.36,0.27,1
2026-08-01,IN,news,Millet snacks,Food,29.66,0.42,0.71,29,0.36,0.27,1
2026-08-01,IN,search,Portable blender,Home,32.02,0.28,0.49,37,0.55,0.41,1
2026-08-01,IN,reddit,Portable blender,Home,22.22,0.35,0.46,37,0.55,0.41,1
2026-08-01,IN,youtube,Portable blender,Home,42.43,0.32,0.45,37,0.55,0.41,1
2026-08-01,IN,marketplace,Portable blender,Home,28.29,0.35,0.52,37,0.55,0.41,1
2026-08-01,IN,news,Portable blender,Home,17.1,0.28,0.45,37,0.55,0.41,1
2026-08-02,US,search,Waterless skincare,Beauty,52.13,0.5,0.74,29,0.37,0.27,1
2026-08-02,US,reddit,Waterless skincare,Beauty,38.39,0.47,0.73,29,0.37,0.27,1
2026-08-02,US,youtube,Waterless skincare,Beauty,67.38,0.53,0.68,29,0.37,0.27,1
2026-08-02,US,marketplace,Waterless skincare,Beauty,44.81,0.48,0.7,29,0.37,0.27,1
2026-08-02,US,news,Waterless skincare,Beauty,28.79,0.5,0.75,29,0.37,0.27,1
2026-08-02,US,search,Smart hydration bottle,Electronics,53.08,0.42,0.65,29,0.37,0.27,1
2026-08-02,US,reddit,Smart hydration bottle,Electronics,39.96,0.46,0.7,29,0.37,0.27,1
2026-08-02,US,youtube,Smart hydration bottle,Electronics,78.41,0.42,0.73,29,0.37,0.27,1
2026-08-02,US,marketplace,Smart hydration bottle,Electronics,45.76,0.46,0.68,29,0.37,0.27,1
2026-08-02,US,news,Smart hydration bottle,Electronics,28.12,0.47,0.66,29,0.37,0.27,1
2026-08-02,US,search,Walking pad,Fitness,41.98,0.4,0.56,38,0.55,0.41,1
2026-08-02,US,reddit,Walking pad,Fitness,30.91,0.4,0.51,38,0.55,0.41,1
2026-08-02,US,youtube,Walking pad,Fitness,50.87,0.37,0.52,38,0.55,0.41,1
2026-08-02,US,marketplace,Walking pad,Fitness,36.42,0.32,0.56,38,0.55,0.41,1
2026-08-02,US,news,Walking pad,Fitness,21.69,0.39,0.58,38,0.55,0.41,1
2026-08-02,US,search,Millet snacks,Food,43.89,0.42,0.75,29,0.37,0.27,1
2026-08-02,US,reddit,Millet snacks,Food,30.99,0.49,0.73,29,0.37,0.27,1
2026-08-02,US,youtube,Millet snacks,Food,53.76,0.5,0.77,29,0.37,0.27,1
2026-08-02,US,marketplace,Millet snacks,Food,38.51,0.45,0.75,29,0.37,0.27,1
2026-08-02,US,news,Millet snacks,Food,22.37,0.43,0.78,29,0.37,0.27,1
2026-08-02,US,search,Portable blender,Home,29.56,0.24,0.46,38,0.55,0.41,1
2026-08-02,US,reddit,Portable blender,Home,22.56,0.33,0.46,38,0.55,0.41,1
2026-08-02,US,youtube,Portable blender,Home,40.4,0.25,0.47,38,0.55,0.41,1
2026-08-02,US,marketplace,Portable blender,Home,28.37,0.29,0.48,38,0.55,0.41,1
2026-08-02,US,news,Portable blender,Home,16.82,0.3,0.51,38,0.55,0.41,1
2026-08-02,GB,search,Waterless skincare,Beauty,53.0,0.56,0.69,29,0.37,0.27,1
2026-08-02,GB,reddit,Waterless skincare,Beauty,38.75,0.51,0.77,29,0.37,0.27,1
2026-08-02,GB,youtube,Waterless skincare,Beauty,74.28,0.53,0.7,29,0.37,0.27,1
2026-08-02,GB,marketplace,Waterless skincare,Beauty,51.21,0.46,0.72,29,0.37,0.27,1
2026-08-02,GB,news,Waterless skincare,Beauty,30.75,0.56,0.71,29,0.37,0.27,1
2026-08-02,GB,search,Smart hydration bottle,Electronics,43.93,0.49,0.71,29,0.37,0.27,1
2026-08-02,GB,reddit,Smart hydration bottle,Electronics,31.85,0.53,0.72,29,0.37,0.27,1
2026-08-02,GB,youtube,Smart hydration bottle,Electronics,60.88,0.44,0.7,29,0.37,0.27,1
2026-08-02,GB,marketplace,Smart hydration bottle,Electronics,38.26,0.48,0.67,29,0.37,0.27,1
2026-08-02,GB,news,Smart hydration bottle,Electronics,24.03,0.42,0.64,29,0.37,0.27,1
2026-08-02,GB,search,Walking pad,Fitness,41.65,0.31,0.56,38,0.55,0.41,1
2026-08-02,GB,reddit,Walking pad,Fitness,31.84,0.31,0.57,38,0.55,0.41,1
2026-08-02,GB,youtube,Walking pad,Fitness,57.62,0.39,0.52,38,0.55,0.41,1
2026-08-02,GB,marketplace,Walking pad,Fitness,33.86,0.38,0.52,38,0.55,0.41,1
2026-08-02,GB,news,Walking pad,Fitness,21.48,0.31,0.54,38,0.55,0.41,1
2026-08-02,GB,search,Millet snacks,Food,40.76,0.4,0.72,29,0.37,0.27,1
2026-08-02,GB,reddit,Millet snacks,Food,29.31,0.39,0.77,29,0.37,0.27,1
2026-08-02,GB,youtube,Millet snacks,Food,56.64,0.47,0.79,29,0.37,0.27,1
2026-08-02,GB,marketplace,Millet snacks,Food,37.26,0.46,0.79,29,0.37,0.27,1
2026-08-02,GB,news,Millet snacks,Food,23.25,0.4,0.8,29,0.37,0.27,1
2026-08-02,GB,search,Portable blender,Home,31.73,0.31,0.44,38,0.55,0.41,1
2026-08-02,GB,reddit,Portable blender,Home,24.01,0.26,0.48,38,0.55,0.41,1
2026-08-02,GB,youtube,Portable blender,Home,39.24,0.35,0.43,38,0.55,0.41,1
2026-08-02,GB,marketplace,Portable blender,Home,25.76,0.3,0.52,38,0.55,0.41,1
2026-08-02,GB,news,Portable blender,Home,16.81,0.31,0.47,38,0.55,0.41,1
2026-08-02,EU,search,Waterless skincare,Beauty,55.37,0.51,0.68,29,0.37,0.27,1
2026-08-02,EU,reddit,Waterless skincare,Beauty,41.56,0.53,0.72,29,0.37,0.27,1
2026-08-02,EU,youtube,Waterless skincare,Beauty,77.57,0.57,0.75,29,0.37,0.27,1
2026-08-02,EU,marketplace,Waterless skincare,Beauty,54.23,0.57,0.68,29,0.37,0.27,1
2026-08-02,EU,news,Waterless skincare,Beauty,30.07,0.48,0.74,29,0.37,0.27,1
2026-08-02,EU,search,Smart hydration bottle,Electronics,45.94,0.5,0.63,29,0.37,0.27,1
2026-08-02,EU,reddit,Smart hydration bottle,Electronics,30.99,0.53,0.67,29,0.37,0.27,1
2026-08-02,EU,youtube,Smart hydration bottle,Electronics,59.92,0.42,0.66,29,0.37,0.27,1
2026-08-02,EU,marketplace,Smart hydration bottle,Electronics,39.05,0.47,0.68,29,0.37,0.27,1
2026-08-02,EU,news,Smart hydration bottle,Electronics,23.56,0.5,0.66,29,0.37,0.27,1
2026-08-02,EU,search,Walking pad,Fitness,34.18,0.41,0.54,38,0.55,0.41,1
2026-08-02,EU,reddit,Walking pad,Fitness,26.67,0.31,0.54,38,0.55,0.41,1
2026-08-02,EU,youtube,Walking pad,Fitness,48.91,0.34,0.52,38,0.55,0.41,1
2026-08-02,EU,marketplace,Walking pad,Fitness,31.72,0.42,0.6,38,0.55,0.41,1
2026-08-02,EU,news,Walking pad,Fitness,18.18,0.36,0.55,38,0.55,0.41,1
2026-08-02,EU,search,Millet snacks,Food,40.13,0.41,0.76,29,0.37,0.27,1
2026-08-02,EU,reddit,Millet snacks,Food,31.96,0.41,0.75,29,0.37,0.27,1
2026-08-02,EU,youtube,Millet snacks,Food,56.81,0.46,0.74,29,0.37,0.27,1
2026-08-02,EU,marketplace,Millet snacks,Food,35.37,0.44,0.79,29,0.37,0.27,1
2026-08-02,EU,news,Millet snacks,Food,20.79,0.43,0.72,29,0.37,0.27,1
2026-08-02,EU,search,Portable blender,Home,33.41,0.3,0.48,38,0.55,0.41,1
2026-08-02,EU,reddit,Portable blender,Home,26.12,0.3,0.45,38,0.55,0.41,1
2026-08-02,EU,youtube,Portable blender,Home,44.53,0.33,0.44,38,0.55,0.41,1
2026-08-02,EU,marketplace,Portable blender,Home,30.83,0.25,0.47,38,0.55,0.41,1
2026-08-02,EU,news,Portable blender,Home,18.64,0.32,0.51,38,0.55,0.41,1
2026-08-02,IN,search,Waterless skincare,Beauty,57.33,0.51,0.67,29,0.37,0.27,1
2026-08-02,IN,reddit,Waterless skincare,Beauty,42.62,0.52,0.73,29,0.37,0.27,1
2026-08-02,IN,youtube,Waterless skincare,Beauty,85.07,0.46,0.71,29,0.37,0.27,1
2026-08-02,IN,marketplace,Waterless skincare,Beauty,55.04,0.53,0.67,29,0.37,0.27,1
2026-08-02,IN,news,Waterless skincare,Beauty,31.28,0.54,0.77,29,0.37,0.27,1
2026-08-02,IN,search,Smart hydration bottle,Electronics,44.89,0.45,0.68,29,0.37,0.27,1
2026-08-02,IN,reddit,Smart hydration bottle,Electronics,35.91,0.52,0.69,29,0.37,0.27,1
2026-08-02,IN,youtube,Smart hydration bottle,Electronics,58.39,0.48,0.65,29,0.37,0.27,1
2026-08-02,IN,marketplace,Smart hydration bottle,Electronics,38.81,0.44,0.71,29,0.37,0.27,1
2026-08-02,IN,news,Smart hydration bottle,Electronics,24.2,0.48,0.67,29,0.37,0.27,1
2026-08-02,IN,search,Walking pad,Fitness,37.52,0.39,0.53,38,0.55,0.41,1
2026-08-02,IN,reddit,Walking pad,Fitness,27.61,0.4,0.51,38,0.55,0.41,1
2026-08-02,IN,youtube,Walking pad,Fitness,48.14,0.42,0.56,38,0.55,0.41,1
2026-08-02,IN,marketplace,Walking pad,Fitness,30.58,0.31,0.54,38,0.55,0.41,1
2026-08-02,IN,news,Walking pad,Fitness,20.5,0.32,0.5,38,0.55,0.41,1
2026-08-02,IN,search,Millet snacks,Food,53.2,0.47,0.75,29,0.37,0.27,1
2026-08-02,IN,reddit,Millet snacks,Food,41.89,0.39,0.73,29,0.37,0.27,1
2026-08-02,IN,youtube,Millet snacks,Food,71.47,0.46,0.78,29,0.37,0.27,1
2026-08-02,IN,marketplace,Millet snacks,Food,44.81,0.48,0.72,29,0.37,0.27,1
2026-08-02,IN,news,Millet snacks,Food,28.08,0.43,0.76,29,0.37,0.27,1
2026-08-02,IN,search,Portable blender,Home,30.05,0.29,0.47,38,0.55,0.41,1
2026-08-02,IN,reddit,Portable blender,Home,23.59,0.31,0.46,38,0.55,0.41,1
2026-08-02,IN,youtube,Portable blender,Home,38.89,0.24,0.53,38,0.55,0.41,1
2026-08-02,IN,marketplace,Portable blender,Home,25.96,0.35,0.49,38,0.55,0.41,1
2026-08-02,IN,news,Portable blender,Home,15.65,0.32,0.44,38,0.55,0.41,1
2026-08-03,US,search,Waterless skincare,Beauty,50.32,0.53,0.71,29,0.37,0.28,1
2026-08-03,US,reddit,Waterless skincare,Beauty,41.21,0.46,0.67,29,0.37,0.28,1
2026-08-03,US,youtube,Waterless skincare,Beauty,70.37,0.49,0.72,29,0.37,0.28,1
2026-08-03,US,marketplace,Waterless skincare,Beauty,49.18,0.57,0.69,29,0.37,0.28,1
2026-08-03,US,news,Waterless skincare,Beauty,30.04,0.48,0.68,29,0.37,0.28,1
2026-08-03,US,search,Smart hydration bottle,Electronics,58.91,0.44,0.72,29,0.37,0.28,1
2026-08-03,US,reddit,Smart hydration bottle,Electronics,41.18,0.52,0.71,29,0.37,0.28,1
2026-08-03,US,youtube,Smart hydration bottle,Electronics,74.14,0.49,0.7,29,0.37,0.28,1
2026-08-03,US,marketplace,Smart hydration bottle,Electronics,50.68,0.52,0.66,29,0.37,0.28,1
2026-08-03,US,news,Smart hydration bottle,Electronics,29.17,0.49,0.66,29,0.37,0.28,1
2026-08-03,US,search,Walking pad,Fitness,42.02,0.43,0.57,38,0.56,0.42,1
2026-08-03,US,reddit,Walking pad,Fitness,28.94,0.4,0.53,38,0.56,0.42,1
2026-08-03,US,youtube,Walking pad,Fitness,53.07,0.39,0.56,38,0.56,0.42,1
2026-08-03,US,marketplace,Walking pad,Fitness,37.19,0.39,0.52,38,0.56,0.42,1
2026-08-03,US,news,Walking pad,Fitness,21.31,0.36,0.51,38,0.56,0.42,1
2026-08-03,US,search,Millet snacks,Food,44.05,0.4,0.74,29,0.37,0.28,1
2026-08-03,US,reddit,Millet snacks,Food,33.76,0.47,0.8,29,0.37,0.28,1
2026-08-03,US,youtube,Millet snacks,Food,53.98,0.49,0.73,29,0.37,0.28,1
2026-08-03,US,marketplace,Millet snacks,Food,37.94,0.47,0.77,29,0.37,0.28,1
2026-08-03,US,news,Millet snacks,Food,22.44,0.43,0.75,29,0.37,0.28,1
2026-08-03,US,search,Portable blender,Home,31.99,0.32,0.51,38,0.56,0.42,1
2026-08-03,US,reddit,Portable blender,Home,23.78,0.29,0.48,38,0.56,0.42,1
2026-08-03,US,youtube,Portable blender,Home,43.14,0.34,0.51,38,0.56,0.42,1
2026-08-03,US,marketplace,Portable blender,Home,25.88,0.3,0.46,38,0.56,0.42,1
2026-08-03,US,news,Portable blender,Home,17.63,0.33,0.48,38,0.56,0.42,1
2026-08-03,GB,search,Waterless skincare,Beauty,56.05,0.47,0.71,29,0.37,0.28,1
2026-08-03,GB,reddit,Waterless skincare,Beauty,40.29,0.55,0.72,29,0.37,0.28,1
2026-08-03,GB,youtube,Waterless skincare,Beauty,70.23,0.49,0.73,29,0.37,0.28,1
2026-08-03,GB,marketplace,Waterless skincare,Beauty,49.86,0.49,0.75,29,0.37,0.28,1
2026-08-03,GB,news,Waterless skincare,Beauty,29.71,0.51,0.7,29,0.37,0.28,1
2026-08-03,GB,search,Smart hydration bottle,Electronics,42.43,0.46,0.66,29,0.37,0.28,1
2026-08-03,GB,reddit,Smart hydration bottle,Electronics,33.18,0.48,0.69,29,0.37,0.28,1
2026-08-03,GB,youtube,Smart hydration bottle,Electronics,60.63,0.44,0.67,29,0.37,0.28,1
2026-08-03,GB,marketplace,Smart hydration bottle,Electronics,39.32,0.43,0.67,29,0.37,0.28,1
2026-08-03,GB,news,Smart hydration bottle,Electronics,25.24,0.43,0.64,29,0.37,0.28,1
2026-08-03,GB,search,Walking pad,Fitness,41.61,0.31,0.57,38,0.56,0.42,1
2026-08-03,GB,reddit,Walking pad,Fitness,29.85,0.39,0.51,38,0.56,0.42,1
2026-08-03,GB,youtube,Walking pad,Fitness,54.97,0.36,0.54,38,0.56,0.42,1
2026-08-03,GB,marketplace,Walking pad,Fitness,36.53,0.37,0.6,38,0.56,0.42,1
2026-08-03,GB,news,Walking pad,Fitness,21.73,0.33,0.52,38,0.56,0.42,1
2026-08-03,GB,search,Millet snacks,Food,39.91,0.48,0.75,29,0.37,0.28,1
2026-08-03,GB,reddit,Millet snacks,Food,31.05,0.4,0.79,29,0.37,0.28,1
2026-08-03,GB,youtube,Millet snacks,Food,55.53,0.46,0.78,29,0.37,0.28,1
2026-08-03,GB,marketplace,Millet snacks,Food,38.27,0.48,0.71,29,0.37,0.28,1
2026-08-03,GB,news,Millet snacks,Food,23.6,0.49,0.72,29,0.37,0.28,1
2026-08-03,GB,search,Portable blender,Home,32.32,0.27,0.46,38,0.56,0.42,1
2026-08-03,GB,reddit,Portable blender,Home,24.6,0.29,0.52,38,0.56,0.42,1
2026-08-03,GB,youtube,Portable blender,Home,38.69,0.34,0.46,38,0.56,0.42,1
2026-08-03,GB,marketplace,Portable blender,Home,28.97,0.33,0.48,38,0.56,0.42,1
2026-08-03,GB,news,Portable blender,Home,17.84,0.29,0.51,38,0.56,0.42,1
2026-08-03,EU,search,Waterless skincare,Beauty,60.97,0.55,0.68,29,0.37,0.28,1
2026-08-03,EU,reddit,Waterless skincare,Beauty,40.85,0.55,0.7,29,0.37,0.28,1
2026-08-03,EU,youtube,Waterless skincare,Beauty,83.48,0.49,0.74,29,0.37,0.28,1
2026-08-03,EU,marketplace,Waterless skincare,Beauty,50.6,0.5,0.67,29,0.37,0.28,1
2026-08-03,EU,news,Waterless skincare,Beauty,30.45,0.49,0.72,29,0.37,0.28,1
2026-08-03,EU,search,Smart hydration bottle,Electronics,42.04,0.5,0.72,29,0.37,0.28,1
2026-08-03,EU,reddit,Smart hydration bottle,Electronics,34.23,0.53,0.72,29,0.37,0.28,1
2026-08-03,EU,youtube,Smart hydration bottle,Electronics,56.56,0.47,0.68,29,0.37,0.28,1
2026-08-03,EU,marketplace,Smart hydration bottle,Electronics,40.05,0.48,0.71,29,0.37,0.28,1
2026-08-03,EU,news,Smart hydration bottle,Electronics,23.95,0.43,0.71,29,0.37,0.28,1
2026-08-03,EU,search,Walking pad,Fitness,33.42,0.36,0.59,38,0.56,0.42,1
2026-08-03,EU,reddit,Walking pad,Fitness,25.97,0.42,0.55,38,0.56,0.42,1
2026-08-03,EU,youtube,Walking pad,Fitness,48.0,0.38,0.55,38,0.56,0.42,1
2026-08-03,EU,marketplace,Walking pad,Fitness,31.31,0.36,0.53,38,0.56,0.42,1
2026-08-03,EU,news,Walking pad,Fitness,18.78,0.34,0.55,38,0.56,0.42,1
2026-08-03,EU,search,Millet snacks,Food,39.65,0.39,0.74,29,0.37,0.28,1
2026-08-03,EU,reddit,Millet snacks,Food,28.97,0.45,0.81,29,0.37,0.28,1
2026-08-03,EU,youtube,Millet snacks,Food,56.82,0.45,0.78,29,0.37,0.28,1
2026-08-03,EU,marketplace,Millet snacks,Food,35.26,0.5,0.8,29,0.37,0.28,1
2026-08-03,EU,news,Millet snacks,Food,23.05,0.49,0.75,29,0.37,0.28,1
2026-08-03,EU,search,Portable blender,Home,34.07,0.27,0.53,38,0.56,0.42,1
2026-08-03,EU,reddit,Portable blender,Home,26.57,0.3,0.46,38,0.56,0.42,1
2026-08-03,EU,youtube,Portable blender,Home,47.25,0.3,0.43,38,0.56,0.42,1
2026-08-03,EU,marketplace,Portable blender,Home,28.4,0.27,0.53,38,0.56,0.42,1
2026-08-03,EU,news,Portable blender,Home,17.69,0.27,0.49,38,0.56,0.42,1
2026-08-03,IN,search,Waterless skincare,Beauty,59.62,0.55,0.7,29,0.37,0.28,1
2026-08-03,IN,reddit,Waterless skincare,Beauty,42.8,0.57,0.77,29,0.37,0.28,1
2026-08-03,IN,youtube,Waterless skincare,Beauty,80.34,0.56,0.68,29,0.37,0.28,1
2026-08-03,IN,marketplace,Waterless skincare,Beauty,51.46,0.57,0.76,29,0.37,0.28,1
2026-08-03,IN,news,Waterless skincare,Beauty,31.12,0.57,0.72,29,0.37,0.28,1
2026-08-03,IN,search,Smart hydration bottle,Electronics,47.16,0.46,0.66,29,0.37,0.28,1
2026-08-03,IN,reddit,Smart hydration bottle,Electronics,32.33,0.45,0.65,29,0.37,0.28,1
2026-08-03,IN,youtube,Smart hydration bottle,Electronics,61.24,0.43,0.64,29,0.37,0.28,1
2026-08-03,IN,marketplace,Smart hydration bottle,Electronics,42.32,0.45,0.65,29,0.37,0.28,1
2026-08-03,IN,news,Smart hydration bottle,Electronics,24.36,0.47,0.7,29,0.37,0.28,1
2026-08-03,IN,search,Walking pad,Fitness,37.04,0.42,0.57,38,0.56,0.42,1
2026-08-03,IN,reddit,Walking pad,Fitness,28.15,0.32,0.54,38,0.56,0.42,1
2026-08-03,IN,youtube,Walking pad,Fitness,48.93,0.34,0.55,38,0.56,0.42,1
2026-08-03,IN,marketplace,Walking pad,Fitness,33.63,0.36,0.59,38,0.56,0.42,1
2026-08-03,IN,news,Walking pad,Fitness,20.35,0.32,0.56,38,0.56,0.42,1
2026-08-03,IN,search,Millet snacks,Food,51.57,0.46,0.76,29,0.37,0.28,1
2026-08-03,IN,reddit,Millet snacks,Food,42.28,0.45,0.76,29,0.37,0.28,1
2026-08-03,IN,youtube,Millet snacks,Food,75.19,0.38,0.75,29,0.37,0.28,1
2026-08-03,IN,marketplace,Millet snacks,Food,45.52,0.46,0.74,29,0.37,0.28,1
2026-08-03,IN,news,Millet snacks,Food,30.07,0.44,0.76,29,0.37,0.28,1
2026-08-03,IN,search,Portable blender,Home,30.32,0.28,0.46,38,0.56,0.42,1
2026-08-03,IN,reddit,Portable blender,Home,24.22,0.24,0.52,38,0.56,0.42,1
2026-08-03,IN,youtube,Portable blender,Home,39.7,0.34,0.5,38,0.56,0.42,1
2026-08-03,IN,marketplace,Portable blender,Home,26.51,0.25,0.52,38,0.56,0.42,1
2026-08-03,IN,news,Portable blender,Home,17.95,0.3,0.48,38,0.56,0.42,1
2026-08-04,US,search,Waterless skincare,Beauty,53.52,0.46,0.76,30,0.37,0.28,1
2026-08-04,US,reddit,Waterless skincare,Beauty,42.42,0.53,0.71,30,0.37,0.28,1
2026-08-04,US,youtube,Waterless skincare,Beauty,77.26,0.53,0.75,30,0.37,0.28,1
2026-08-04,US,marketplace,Waterless skincare,Beauty,46.42,0.52,0.69,30,0.37,0.28,1
2026-08-04,US,news,Waterless skincare,Beauty,30.52,0.52,0.7,30,0.37,0.28,1
2026-08-04,US,search,Smart hydration bottle,Electronics,58.82,0.45,0.63,30,0.37,0.28,1
2026-08-04,US,reddit,Smart hydration bottle,Electronics,39.4,0.44,0.7,30,0.37,0.28,1
2026-08-04,US,youtube,Smart hydration bottle,Electronics,78.68,0.48,0.72,30,0.37,0.28,1
2026-08-04,US,marketplace,Smart hydration bottle,Electronics,49.96,0.51,0.71,30,0.37,0.28,1
2026-08-04,US,news,Smart hydration bottle,Electronics,29.27,0.5,0.72,30,0.37,0.28,1
2026-08-04,US,search,Walking pad,Fitness,38.67,0.36,0.54,39,0.56,0.42,1
2026-08-04,US,reddit,Walking pad,Fitness,29.97,0.34,0.58,39,0.56,0.42,1
2026-08-04,US,youtube,Walking pad,Fitness,57.71,0.4,0.55,39,0.56,0.42,1
2026-08-04,US,marketplace,Walking pad,Fitness,34.44,0.42,0.57,39,0.56,0.42,1
2026-08-04,US,news,Walking pad,Fitness,23.04,0.33,0.51,39,0.56,0.42,1
2026-08-04,US,search,Millet snacks,Food,42.65,0.42,0.71,30,0.37,0.28,1
2026-08-04,US,reddit,Millet snacks,Food,31.0,0.38,0.81,30,0.37,0.28,1
2026-08-04,US,youtube,Millet snacks,Food,57.75,0.45,0.79,30,0.37,0.28,1
2026-08-04,US,marketplace,Millet snacks,Food,38.25,0.39,0.78,30,0.37,0.28,1
2026-08-04,US,news,Millet snacks,Food,23.27,0.46,0.73,30,0.37,0.28,1
2026-08-04,US,search,Portable blender,Home,29.91,0.31,0.46,39,0.56,0.42,1
2026-08-04,US,reddit,Portable blender,Home,24.55,0.33,0.53,39,0.56,0.42,1
2026-08-04,US,youtube,Portable blender,Home,43.22,0.29,0.46,39,0.56,0.42,1
2026-08-04,US,marketplace,Portable blender,Home,27.72,0.26,0.5,39,0.56,0.42,1
2026-08-04,US,news,Portable blender,Home,17.98,0.34,0.48,39,0.56,0.42,1
2026-08-04,GB,search,Waterless skincare,Beauty,57.21,0.55,0.68,30,0.37,0.28,1
2026-08-04,GB,reddit,Waterless skincare,Beauty,41.06,0.5,0.71,30,0.37,0.28,1
2026-08-04,GB,youtube,Waterless skincare,Beauty,76.59,0.49,0.76,30,0.37,0.28,1
2026-08-04,GB,marketplace,Waterless skincare,Beauty,52.42,0.49,0.73,30,0.37,0.28,1
2026-08-04,GB,news,Waterless skincare,Beauty,32.24,0.48,0.7,30,0.37,0.28,1
2026-08-04,GB,search,Smart hydration bottle,Electronics,48.61,0.47,0.72,30,0.37,0.28,1
2026-08-04,GB,reddit,Smart hydration bottle,Electronics,33.51,0.43,0.66,30,0.37,0.28,1
2026-08-04,GB,youtube,Smart hydration bottle,Electronics,64.22,0.53,0.66,30,0.37,0.28,1
2026-08-04,GB,marketplace,Smart hydration bottle,Electronics,40.36,0.52,0.68,30,0.37,0.28,1
2026-08-04,GB,news,Smart hydration bottle,Electronics,26.04,0.5,0.65,30,0.37,0.28,1
2026-08-04,GB,search,Walking pad,Fitness,41.34,0.36,0.59,39,0.56,0.42,1
2026-08-04,GB,reddit,Walking pad,Fitness,30.48,0.31,0.51,39,0.56,0.42,1
2026-08-04,GB,youtube,Walking pad,Fitness,54.54,0.42,0.55,39,0.56,0.42,1
2026-08-04,GB,marketplace,Walking pad,Fitness,39.14,0.35,0.56,39,0.56,0.42,1
2026-08-04,GB,news,Walking pad,Fitness,22.92,0.41,0.54,39,0.56,0.42,1
2026-08-04,GB,search,Millet snacks,Food,42.71,0.41,0.75,30,0.37,0.28,1
2026-08-04,GB,reddit,Millet snacks,Food,32.66,0.48,0.75,30,0.37,0.28,1
2026-08-04,GB,youtube,Millet snacks,Food,52.64,0.49,0.74,30,0.37,0.28,1
2026-08-04,GB,marketplace,Millet snacks,Food,38.58,0.49,0.78,30,0.37,0.28,1
2026-08-04,GB,news,Millet snacks,Food,22.8,0.47,0.73,30,0.37,0.28,1
2026-08-04,GB,search,Portable blender,Home,31.92,0.31,0.44,39,0.56,0.42,1
2026-08-04,GB,reddit,Portable blender,Home,23.87,0.27,0.49,39,0.56,0.42,1
2026-08-04,GB,youtube,Portable blender,Home,40.98,0.29,0.5,39,0.56,0.42,1
2026-08-04,GB,marketplace,Portable blender,Home,26.06,0.31,0.47,39,0.56,0.42,1
2026-08-04,GB,news,Portable blender,Home,16.24,0.32,0.46,39,0.56,0.42,1
2026-08-04,EU,search,Waterless skincare,Beauty,57.29,0.56,0.74,30,0.37,0.28,1
2026-08-04,EU,reddit,Waterless skincare,Beauty,42.76,0.48,0.7,30,0.37,0.28,1
2026-08-04,EU,youtube,Waterless skincare,Beauty,79.29,0.46,0.73,30,0.37,0.28,1
2026-08-04,EU,marketplace,Waterless skincare,Beauty,51.64,0.47,0.68,30,0.37,0.28,1
2026-08-04,EU,news,Waterless skincare,Beauty,33.35,0.49,0.77,30,0.37,0.28,1
2026-08-04,EU,search,Smart hydration bottle,Electronics,45.54,0.42,0.64,30,0.37,0.28,1
2026-08-04,EU,reddit,Smart hydration bottle,Electronics,34.84,0.48,0.64,30,0.37,0.28,1
2026-08-04,EU,youtube,Smart hydration bottle,Electronics,63.04,0.43,0.65,30,0.37,0.28,1
2026-08-04,EU,marketplace,Smart hydration bottle,Electronics,39.74,0.48,0.64,30,0.37,0.28,1
2026-08-04,EU,news,Smart hydration bottle,Electronics,26.14,0.48,0.73,30,0.37,0.28,1
2026-08-04,EU,search,Walking pad,Fitness,33.01,0.39,0.59,39,0.56,0.42,1
2026-08-04,EU,reddit,Walking pad,Fitness,25.97,0.33,0.55,39,0.56,0.42,1
2026-08-04,EU,youtube,Walking pad,Fitness,49.89,0.33,0.54,39,0.56,0.42,1
2026-08-04,EU,marketplace,Walking pad,Fitness,29.63,0.38,0.54,39,0.56,0.42,1
2026-08-04,EU,news,Walking pad,Fitness,18.5,0.4,0.51,39,0.56,0.42,1
2026-08-04,EU,search,Millet snacks,Food,40.23,0.42,0.77,30,0.37,0.28,1
2026-08-04,EU,reddit,Millet snacks,Food,31.65,0.42,0.78,30,0.37,0.28,1
2026-08-04,EU,youtube,Millet snacks,Food,56.36,0.49,0.75,30,0.37,0.28,1
2026-08-04,EU,marketplace,Millet snacks,Food,37.12,0.45,0.77,30,0.37,0.28,1
2026-08-04,EU,news,Millet snacks,Food,22.29,0.42,0.8,30,0.37,0.28,1
2026-08-04,EU,search,Portable blender,Home,32.58,0.31,0.5,39,0.56,0.42,1
2026-08-04,EU,reddit,Portable blender,Home,24.65,0.3,0.49,39,0.56,0.42,1
2026-08-04,EU,youtube,Portable blender,Home,44.73,0.27,0.47,39,0.56,0.42,1
2026-08-04,EU,marketplace,Portable blender,Home,31.7,0.34,0.52,39,0.56,0.42,1
2026-08-04,EU,news,Portable blender,Home,18.52,0.31,0.52,39,0.56,0.42,1
2026-08-04,IN,search,Waterless skincare,Beauty,62.77,0.48,0.76,30,0.37,0.28,1
2026-08-04,IN,reddit,Waterless skincare,Beauty,48.41,0.48,0.76,30,0.37,0.28,1
2026-08-04,IN,youtube,Waterless skincare,Beauty,87.66,0.57,0.75,30,0.37,0.28,1
2026-08-04,IN,marketplace,Waterless skincare,Beauty,56.15,0.52,0.75,30,0.37,0.28,1
2026-08-04,IN,news,Waterless skincare,Beauty,31.63,0.54,0.68,30,0.37,0.28,1
2026-08-04,IN,search,Smart hydration bottle,Electronics,43.9,0.49,0.65,30,0.37,0.28,1
2026-08-04,IN,reddit,Smart hydration bottle,Electronics,34.06,0.52,0.68,30,0.37,0.28,1
2026-08-04,IN,youtube,Smart hydration bottle,Electronics,64.94,0.45,0.64,30,0.37,0.28,1
2026-08-04,IN,marketplace,Smart hydration bottle,Electronics,40.32,0.51,0.7,30,0.37,0.28,1
2026-08-04,IN,news,Smart hydration bottle,Electronics,25.61,0.46,0.69,30,0.37,0.28,1
2026-08-04,IN,search,Walking pad,Fitness,34.63,0.33,0.55,39,0.56,0.42,1
2026-08-04,IN,reddit,Walking pad,Fitness,27.9,0.32,0.6,39,0.56,0.42,1
2026-08-04,IN,youtube,Walking pad,Fitness,46.25,0.39,0.57,39,0.56,0.42,1
2026-08-04,IN,marketplace,Walking pad,Fitness,31.07,0.39,0.51,39,0.56,0.42,1
2026-08-04,IN,news,Walking pad,Fitness,18.79,0.43,0.59,39,0.56,0.42,1
2026-08-04,IN,search,Millet snacks,Food,52.73,0.47,0.73,30,0.37,0.28,1
2026-08-04,IN,reddit,Millet snacks,Food,39.06,0.47,0.73,30,0.37,0.28,1
2026-08-04,IN,youtube,Millet snacks,Food,74.86,0.47,0.71,30,0.37,0.28,1
2026-08-04,IN,marketplace,Millet snacks,Food,47.21,0.4,0.78,30,0.37,0.28,1
2026-08-04,IN,news,Millet snacks,Food,31.25,0.49,0.75,30,0.37,0.28,1
2026-08-04,IN,search,Portable blender,Home,32.51,0.25,0.48,39,0.56,0.42,1
2026-08-04,IN,reddit,Portable blender,Home,22.71,0.3,0.5,39,0.56,0.42,1
2026-08-04,IN,youtube,Portable blender,Home,40.67,0.33,0.49,39,0.56,0.42,1
2026-08-04,IN,marketplace,Portable blender,Home,27.0,0.25,0.52,39,0.56,0.42,1
2026-08-04,IN,news,Portable blender,Home,16.46,0.25,0.46,39,0.56,0.42,1
2026-08-05,US,search,Waterless skincare,Beauty,50.98,0.53,0.73,30,0.37,0.28,1
2026-08-05,US,reddit,Waterless skincare,Beauty,43.67,0.55,0.69,30,0.37,0.28,1
2026-08-05,US,youtube,Waterless skincare,Beauty,71.86,0.58,0.77,30,0.37,0.28,1
2026-08-05,US,marketplace,Waterless skincare,Beauty,47.63,0.52,0.71,30,0.37,0.28,1
2026-08-05,US,news,Waterless skincare,Beauty,28.29,0.49,0.75,30,0.37,0.28,1
2026-08-05,US,search,Smart hydration bottle,Electronics,57.43,0.5,0.72,30,0.37,0.28,1
2026-08-05,US,reddit,Smart hydration bottle,Electronics,41.91,0.46,0.65,30,0.37,0.28,1
2026-08-05,US,youtube,Smart hydration bottle,Electronics,73.43,0.51,0.64,30,0.37,0.28,1
2026-08-05,US,marketplace,Smart hydration bottle,Electronics,48.08,0.42,0.65,30,0.37,0.28,1
2026-08-05,US,news,Smart hydration bottle,Electronics,29.25,0.5,0.65,30,0.37,0.28,1
2026-08-05,US,search,Walking pad,Fitness,38.26,0.33,0.51,39,0.56,0.42,1
2026-08-05,US,reddit,Walking pad,Fitness,30.86,0.34,0.5,39,0.56,0.42,1
2026-08-05,US,youtube,Walking pad,Fitness,55.75,0.42,0.51,39,0.56,0.42,1
2026-08-05,US,marketplace,Walking pad,Fitness,36.8,0.37,0.51,39,0.56,0.42,1
2026-08-05,US,news,Walking pad,Fitness,21.97,0.36,0.58,39,0.56,0.42,1
2026-08-05,US,search,Millet snacks,Food,41.23,0.39,0.77,30,0.37,0.28,1
2026-08-05,US,reddit,Millet snacks,Food,33.28,0.48,0.71,30,0.37,0.28,1
2026-08-05,US,youtube,Millet snacks,Food,55.63,0.46,0.73,30,0.37,0.28,1
2026-08-05,US,marketplace,Millet snacks,Food,38.39,0.45,0.79,30,0.37,0.28,1
2026-08-05,US,news,Millet snacks,Food,22.84,0.43,0.73,30,0.37,0.28,1
2026-08-05,US,search,Portable blender,Home,32.45,0.34,0.49,39,0.56,0.42,1
2026-08-05,US,reddit,Portable blender,Home,23.44,0.35,0.53,39,0.56,0.42,1
2026-08-05,US,youtube,Portable blender,Home,43.51,0.32,0.44,39,0.56,0.42,1
2026-08-05,US,marketplace,Portable blender,Home,28.11,0.24,0.5,39,0.56,0.42,1
2026-08-05,US,news,Portable blender,Home,17.68,0.34,0.44,39,0.56,0.42,1
2026-08-05,GB,search,Waterless skincare,Beauty,53.75,0.52,0.75,30,0.37,0.28,1
2026-08-05,GB,reddit,Waterless skincare,Beauty,41.36,0.5,0.76,30,0.37,0.28,1
2026-08-05,GB,youtube,Waterless skincare,Beauty,72.52,0.55,0.75,30,0.37,0.28,1
2026-08-05,GB,marketplace,Waterless skincare,Beauty,47.71,0.57,0.69,30,0.37,0.28,1
2026-08-05,GB,news,Waterless skincare,Beauty,33.22,0.49,0.71,30,0.37,0.28,1
2026-08-05,GB,search,Smart hydration bottle,Electronics,43.33,0.47,0.66,30,0.37,0.28,1
2026-08-05,GB,reddit,Smart hydration bottle,Electronics,34.89,0.51,0.66,30,0.37,0.28,1
2026-08-05,GB,youtube,Smart hydration bottle,Electronics,65.5,0.47,0.66,30,0.37,0.28,1
2026-08-05,GB,marketplace,Smart hydration bottle,Electronics,42.94,0.46,0.72,30,0.37,0.28,1
2026-08-05,GB,news,Smart hydration bottle,Electronics,25.37,0.44,0.71,30,0.37,0.28,1
2026-08-05,GB,search,Walking pad,Fitness,42.67,0.33,0.54,39,0.56,0.42,1
2026-08-05,GB,reddit,Walking pad,Fitness,32.35,0.39,0.6,39,0.56,0.42,1
2026-08-05,GB,youtube,Walking pad,Fitness,55.64,0.32,0.57,39,0.56,0.42,1
2026-08-05,GB,marketplace,Walking pad,Fitness,38.91,0.4,0.58,39,0.56,0.42,1
2026-08-05,GB,news,Walking pad,Fitness,22.07,0.41,0.58,39,0.56,0.42,1
2026-08-05,GB,search,Millet snacks,Food,45.1,0.5,0.81,30,0.37,0.28,1
2026-08-05,GB,reddit,Millet snacks,Food,32.86,0.45,0.75,30,0.37,0.28,1
2026-08-05,GB,youtube,Millet snacks,Food,59.24,0.39,0.75,30,0.37,0.28,1
2026-08-05,GB,marketplace,Millet snacks,Food,37.84,0.38,0.77,30,0.37,0.28,1
2026-08-05,GB,news,Millet snacks,Food,22.54,0.49,0.8,30,0.37,0.28,1
2026-08-05,GB,search,Portable blender,Home,33.22,0.28,0.49,39,0.56,0.42,1
2026-08-05,GB,reddit,Portable blender,Home,24.57,0.25,0.51,39,0.56,0.42,1
2026-08-05,GB,youtube,Portable blender,Home,40.43,0.29,0.43,39,0.56,0.42,1
2026-08-05,GB,marketplace,Portable blender,Home,26.52,0.32,0.48,39,0.56,0.42,1
2026-08-05,GB,news,Portable blender,Home,15.97,0.24,0.48,39,0.56,0.42,1
2026-08-05,EU,search,Waterless skincare,Beauty,63.04,0.49,0.67,30,0.37,0.28,1
2026-08-05,EU,reddit,Waterless skincare,Beauty,44.2,0.49,0.69,30,0.37,0.28,1
2026-08-05,EU,youtube,Waterless skincare,Beauty,77.25,0.46,0.75,30,0.37,0.28,1
2026-08-05,EU,marketplace,Waterless skincare,Beauty,52.42,0.52,0.72,30,0.37,0.28,1
2026-08-05,EU,news,Waterless skincare,Beauty,31.79,0.54,0.74,30,0.37,0.28,1
2026-08-05,EU,search,Smart hydration bottle,Electronics,45.89,0.49,0.7,30,0.37,0.28,1
2026-08-05,EU,reddit,Smart hydration bottle,Electronics,32.94,0.46,0.7,30,0.37,0.28,1
2026-08-05,EU,youtube,Smart hydration bottle,Electronics,64.44,0.47,0.64,30,0.37,0.28,1
2026-08-05,EU,marketplace,Smart hydration bottle,Electronics,43.02,0.45,0.68,30,0.37,0.28,1
2026-08-05,EU,news,Smart hydration bottle,Electronics,25.73,0.5,0.69,30,0.37,0.28,1
2026-08-05,EU,search,Walking pad,Fitness,34.75,0.34,0.53,39,0.56,0.42,1
2026-08-05,EU,reddit,Walking pad,Fitness,28.05,0.33,0.58,39,0.56,0.42,1
2026-08-05,EU,youtube,Walking pad,Fitness,50.65,0.42,0.58,39,0.56,0.42,1
2026-08-05,EU,marketplace,Walking pad,Fitness,34.08,0.42,0.55,39,0.56,0.42,1
2026-08-05,EU,news,Walking pad,Fitness,18.64,0.4,0.54,39,0.56,0.42,1
2026-08-05,EU,search,Millet snacks,Food,41.93,0.49,0.76,30,0.37,0.28,1
2026-08-05,EU,reddit,Millet snacks,Food,31.21,0.43,0.77,30,0.37,0.28,1
2026-08-05,EU,youtube,Millet snacks,Food,57.33,0.4,0.73,30,0.37,0.28,1
2026-08-05,EU,marketplace,Millet snacks,Food,34.98,0.41,0.73,30,0.37,0.28,1
2026-08-05,EU,news,Millet snacks,Food,22.14,0.42,0.74,30,0.37,0.28,1
2026-08-05,EU,search,Portable blender,Home,33.23,0.33,0.48,39,0.56,0.42,1
2026-08-05,EU,reddit,Portable blender,Home,26.04,0.35,0.46,39,0.56,0.42,1
2026-08-05,EU,youtube,Portable blender,Home,44.67,0.29,0.44,39,0.56,0.42,1
2026-08-05,EU,marketplace,Portable blender,Home,28.28,0.26,0.48,39,0.56,0.42,1
2026-08-05,EU,news,Portable blender,Home,18.08,0.26,0.47,39,0.56,0.42,1
2026-08-05,IN,search,Waterless skincare,Beauty,61.08,0.47,0.71,30,0.37,0.28,1
2026-08-05,IN,reddit,Waterless skincare,Beauty,45.18,0.52,0.68,30,0.37,0.28,1
2026-08-05,IN,youtube,Waterless skincare,Beauty,86.87,0.49,0.68,30,0.37,0.28,1
2026-08-05,IN,marketplace,Waterless skincare,Beauty,55.28,0.53,0.74,30,0.37,0.28,1
2026-08-05,IN,news,Waterless skincare,Beauty,35.08,0.54,0.76,30,0.37,0.28,1
2026-08-05,IN,search,Smart hydration bottle,Electronics,44.43,0.48,0.64,30,0.37,0.28,1
2026-08-05,IN,reddit,Smart hydration bottle,Electronics,34.48,0.53,0.72,30,0.37,0.28,1
2026-08-05,IN,youtube,Smart hydration bottle,Electronics,67.17,0.42,0.68,30,0.37,0.28,1
2026-08-05,IN,marketplace,Smart hydration bottle,Electronics,40.54,0.5,0.63,30,0.37,0.28,1
2026-08-05,IN,news,Smart hydration bottle,Electronics,25.38,0.46,0.69,30,0.37,0.28,1
2026-08-05,IN,search,Walking pad,Fitness,35.48,0.35,0.53,39,0.56,0.42,1
2026-08-05,IN,reddit,Walking pad,Fitness,27.98,0.37,0.52,39,0.56,0.42,1
2026-08-05,IN,youtube,Walking pad,Fitness,48.77,0.34,0.58,39,0.56,0.42,1
2026-08-05,IN,marketplace,Walking pad,Fitness,33.75,0.41,0.52,39,0.56,0.42,1
2026-08-05,IN,news,Walking pad,Fitness,19.72,0.43,0.58,39,0.56,0.42,1
2026-08-05,IN,search,Millet snacks,Food,52.58,0.48,0.78,30,0.37,0.28,1
2026-08-05,IN,reddit,Millet snacks,Food,41.93,0.42,0.81,30,0.37,0.28,1
2026-08-05,IN,youtube,Millet snacks,Food,77.72,0.42,0.75,30,0.37,0.28,1
2026-08-05,IN,marketplace,Millet snacks,Food,48.88,0.38,0.81,30,0.37,0.28,1
2026-08-05,IN,news,Millet snacks,Food,31.68,0.39,0.81,30,0.37,0.28,1
2026-08-05,IN,search,Portable blender,Home,31.88,0.25,0.48,39,0.56,0.42,1
2026-08-05,IN,reddit,Portable blender,Home,22.29,0.26,0.48,39,0.56,0.42,1
2026-08-05,IN,youtube,Portable blender,Home,43.97,0.29,0.46,39,0.56,0.42,1
2026-08-05,IN,marketplace,Portable blender,Home,26.66,0.25,0.52,39,0.56,0.42,1
2026-08-05,IN,news,Portable blender,Home,18.31,0.29,0.52,39,0.56,0.42,1
2026-08-06,US,search,Waterless skincare,Beauty,53.13,0.56,0.69,30,0.37,0.28,1
2026-08-06,US,reddit,Waterless skincare,Beauty,40.78,0.55,0.68,30,0.37,0.28,1
2026-08-06,US,youtube,Waterless skincare,Beauty,75.63,0.56,0.73,30,0.37,0.28,1
2026-08-06,US,marketplace,Waterless skincare,Beauty,46.51,0.55,0.69,30,0.37,0.28,1
2026-08-06,US,news,Waterless skincare,Beauty,28.46,0.55,0.73,30,0.37,0.28,1
2026-08-06,US,search,Smart hydration bottle,Electronics,56.27,0.53,0.67,30,0.37,0.28,1
2026-08-06,US,reddit,Smart hydration bottle,Electronics,43.02,0.42,0.67,30,0.37,0.28,1
2026-08-06,US,youtube,Smart hydration bottle,Electronics,79.05,0.45,0.72,30,0.37,0.28,1
2026-08-06,US,marketplace,Smart hydration bottle,Electronics,53.28,0.42,0.66,30,0.37,0.28,1
2026-08-06,US,news,Smart hydration bottle,Electronics,31.48,0.45,0.66,30,0.37,0.28,1
2026-08-06,US,search,Walking pad,Fitness,43.01,0.42,0.58,40,0.57,0.43,1
2026-08-06,US,reddit,Walking pad,Fitness,28.66,0.39,0.52,40,0.57,0.43,1
2026-08-06,US,youtube,Walking pad,Fitness,55.09,0.38,0.57,40,0.57,0.43,1
2026-08-06,US,marketplace,Walking pad,Fitness,37.19,0.41,0.51,40,0.57,0.43,1
2026-08-06,US,news,Walking pad,Fitness,23.46,0.38,0.54,40,0.57,0.43,1
2026-08-06,US,search,Millet snacks,Food,42.36,0.47,0.75,30,0.37,0.28,1
2026-08-06,US,reddit,Millet snacks,Food,31.97,0.4,0.72,30,0.37,0.28,1
2026-08-06,US,youtube,Millet snacks,Food,60.96,0.46,0.79,30,0.37,0.28,1
2026-08-06,US,marketplace,Millet snacks,Food,40.4,0.42,0.75,30,0.37,0.28,1
2026-08-06,US,news,Millet snacks,Food,23.94,0.4,0.71,30,0.37,0.28,1
2026-08-06,US,search,Portable blender,Home,29.3,0.28,0.52,40,0.57,0.43,1
2026-08-06,US,reddit,Portable blender,Home,24.87,0.34,0.5,40,0.57,0.43,1
2026-08-06,US,youtube,Portable blender,Home,39.88,0.35,0.45,40,0.57,0.43,1
2026-08-06,US,marketplace,Portable blender,Home,27.53,0.3,0.51,40,0.57,0.43,1
2026-08-06,US,news,Portable blender,Home,17.77,0.27,0.45,40,0.57,0.43,1
2026-08-06,GB,search,Waterless skincare,Beauty,55.96,0.47,0.71,30,0.37,0.28,1
2026-08-06,GB,reddit,Waterless skincare,Beauty,41.37,0.49,0.69,30,0.37,0.28,1
2026-08-06,GB,youtube,Waterless skincare,Beauty,75.18,0.55,0.73,30,0.37,0.28,1
2026-08-06,GB,marketplace,Waterless skincare,Beauty,53.3,0.54,0.74,30,0.37,0.28,1
2026-08-06,GB,news,Waterless skincare,Beauty,29.6,0.47,0.67,30,0.37,0.28,1
2026-08-06,GB,search,Smart hydration bottle,Electronics,47.22,0.53,0.64,30,0.37,0.28,1
2026-08-06,GB,reddit,Smart hydration bottle,Electronics,36.18,0.45,0.7,30,0.37,0.28,1
2026-08-06,GB,youtube,Smart hydration bottle,Electronics,62.79,0.53,0.7,30,0.37,0.28,1
2026-08-06,GB,marketplace,Smart hydration bottle,Electronics,40.63,0.52,0.72,30,0.37,0.28,1
2026-08-06,GB,news,Smart hydration bottle,Electronics,26.77,0.53,0.66,30,0.37,0.28,1
2026-08-06,GB,search,Walking pad,Fitness,40.18,0.39,0.59,40,0.57,0.43,1
2026-08-06,GB,reddit,Walking pad,Fitness,29.67,0.39,0.56,40,0.57,0.43,1
2026-08-06,GB,youtube,Walking pad,Fitness,59.01,0.34,0.57,40,0.57,0.43,1
2026-08-06,GB,marketplace,Walking pad,Fitness,38.73,0.4,0.59,40,0.57,0.43,1
2026-08-06,GB,news,Walking pad,Fitness,24.05,0.33,0.52,40,0.57,0.43,1
2026-08-06,GB,search,Millet snacks,Food,40.66,0.44,0.76,30,0.37,0.28,1
2026-08-06,GB,reddit,Millet snacks,Food,31.34,0.43,0.76,30,0.37,0.28,1
2026-08-06,GB,youtube,Millet snacks,Food,61.53,0.39,0.73,30,0.37,0.28,1
2026-08-06,GB,marketplace,Millet snacks,Food,40.62,0.43,0.74,30,0.37,0.28,1
2026-08-06,GB,news,Millet snacks,Food,22.71,0.43,0.78,30,0.37,0.28,1
2026-08-06,GB,search,Portable blender,Home,29.55,0.24,0.48,40,0.57,0.43,1
2026-08-06,GB,reddit,Portable blender,Home,22.27,0.32,0.53,40,0.57,0.43,1
2026-08-06,GB,youtube,Portable blender,Home,44.27,0.34,0.53,40,0.57,0.43,1
2026-08-06,GB,marketplace,Portable blender,Home,30.0,0.32,0.48,40,0.57,0.43,1
2026-08-06,GB,news,Portable blender,Home,17.45,0.24,0.5,40,0.57,0.43,1
2026-08-06,EU,search,Waterless skincare,Beauty,56.08,0.55,0.68,30,0.37,0.28,1
2026-08-06,EU,reddit,Waterless skincare,Beauty,48.31,0.47,0.7,30,0.37,0.28,1
2026-08-06,EU,youtube,Waterless skincare,Beauty,80.26,0.49,0.74,30,0.37,0.28,1
2026-08-06,EU,marketplace,Waterless skincare,Beauty,51.08,0.47,0.73,30,0.37,0.28,1
2026-08-06,EU,news,Waterless skincare,Beauty,33.18,0.47,0.73,30,0.37,0.28,1
2026-08-06,EU,search,Smart hydration bottle,Electronics,45.12,0.45,0.7,30,0.37,0.28,1
2026-08-06,EU,reddit,Smart hydration bottle,Electronics,33.55,0.53,0.65,30,0.37,0.28,1
2026-08-06,EU,youtube,Smart hydration bottle,Electronics,64.12,0.51,0.68,30,0.37,0.28,1
2026-08-06,EU,marketplace,Smart hydration bottle,Electronics,41.67,0.49,0.66,30,0.37,0.28,1
2026-08-06,EU,news,Smart hydration bottle,Electronics,26.05,0.44,0.73,30,0.37,0.28,1
2026-08-06,EU,search,Walking pad,Fitness,36.62,0.42,0.56,40,0.57,0.43,1
2026-08-06,EU,reddit,Walking pad,Fitness,28.1,0.39,0.55,40,0.57,0.43,1
2026-08-06,EU,youtube,Walking pad,Fitness,45.3,0.37,0.59,40,0.57,0.43,1
2026-08-06,EU,marketplace,Walking pad,Fitness,32.79,0.35,0.52,40,0.57,0.43,1
2026-08-06,EU,news,Walking pad,Fitness,20.86,0.33,0.58,40,0.57,0.43,1
2026-08-06,EU,search,Millet snacks,Food,43.37,0.45,0.71,30,0.37,0.28,1
2026-08-06,EU,reddit,Millet snacks,Food,33.59,0.47,0.75,30,0.37,0.28,1
2026-08-06,EU,youtube,Millet snacks,Food,57.31,0.45,0.77,30,0.37,0.28,1
2026-08-06,EU,marketplace,Millet snacks,Food,38.71,0.43,0.71,30,0.37,0.28,1
2026-08-06,EU,news,Millet snacks,Food,23.25,0.42,0.78,30,0.37,0.28,1
2026-08-06,EU,search,Portable blender,Home,32.34,0.35,0.51,40,0.57,0.43,1
2026-08-06,EU,reddit,Portable blender,Home,25.83,0.28,0.44,40,0.57,0.43,1
2026-08-06,EU,youtube,Portable blender,Home,44.33,0.33,0.5,40,0.57,0.43,1
2026-08-06,EU,marketplace,Portable blender,Home,28.81,0.25,0.5,40,0.57,0.43,1
2026-08-06,EU,news,Portable blender,Home,19.42,0.26,0.53,40,0.57,0.43,1
2026-08-06,IN,search,Waterless skincare,Beauty,62.44,0.56,0.74,30,0.37,0.28,1
2026-08-06,IN,reddit,Waterless skincare,Beauty,49.27,0.46,0.67,30,0.37,0.28,1
2026-08-06,IN,youtube,Waterless skincare,Beauty,81.61,0.52,0.68,30,0.37,0.28,1
2026-08-06,IN,marketplace,Waterless skincare,Beauty,57.45,0.55,0.71,30,0.37,0.28,1
2026-08-06,IN,news,Waterless skincare,Beauty,35.51,0.55,0.75,30,0.37,0.28,1
2026-08-06,IN,search,Smart hydration bottle,Electronics,50.66,0.44,0.63,30,0.37,0.28,1
2026-08-06,IN,reddit,Smart hydration bottle,Electronics,37.3,0.51,0.7,30,0.37,0.28,1
2026-08-06,IN,youtube,Smart hydration bottle,Electronics,65.06,0.52,0.68,30,0.37,0.28,1
2026-08-06,IN,marketplace,Smart hydration bottle,Electronics,41.58,0.45,0.65,30,0.37,0.28,1
2026-08-06,IN,news,Smart hydration bottle,Electronics,26.96,0.47,0.7,30,0.37,0.28,1
2026-08-06,IN,search,Walking pad,Fitness,36.52,0.41,0.59,40,0.57,0.43,1
2026-08-06,IN,reddit,Walking pad,Fitness,26.0,0.36,0.51,40,0.57,0.43,1
2026-08-06,IN,youtube,Walking pad,Fitness,48.85,0.34,0.59,40,0.57,0.43,1
2026-08-06,IN,marketplace,Walking pad,Fitness,34.11,0.35,0.54,40,0.57,0.43,1
2026-08-06,IN,news,Walking pad,Fitness,19.77,0.35,0.57,40,0.57,0.43,1
2026-08-06,IN,search,Millet snacks,Food,52.18,0.45,0.73,30,0.37,0.28,1
2026-08-06,IN,reddit,Millet snacks,Food,39.21,0.5,0.74,30,0.37,0.28,1
2026-08-06,IN,youtube,Millet snacks,Food,74.5,0.42,0.8,30,0.37,0.28,1
2026-08-06,IN,marketplace,Millet snacks,Food,51.96,0.4,0.74,30,0.37,0.28,1
2026-08-06,IN,news,Millet snacks,Food,28.88,0.4,0.73,30,0.37,0.28,1
2026-08-06,IN,search,Portable blender,Home,33.48,0.28,0.53,40,0.57,0.43,1
2026-08-06,IN,reddit,Portable blender,Home,22.64,0.26,0.51,40,0.57,0.43,1
2026-08-06,IN,youtube,Portable blender,Home,41.73,0.35,0.46,40,0.57,0.43,1
2026-08-06,IN,marketplace,Portable blender,Home,26.96,0.35,0.53,40,0.57,0.43,1
2026-08-06,IN,news,Portable blender,Home,16.6,0.24,0.52,40,0.57,0.43,1
2026-08-07,US,search,Waterless skincare,Beauty,58.0,0.58,0.72,30,0.38,0.28,1
2026-08-07,US,reddit,Waterless skincare,Beauty,43.59,0.49,0.75,30,0.38,0.28,1
2026-08-07,US,youtube,Waterless skincare,Beauty,78.02,0.49,0.68,30,0.38,0.28,1
2026-08-07,US,marketplace,Waterless skincare,Beauty,50.48,0.48,0.68,30,0.38,0.28,1
2026-08-07,US,news,Waterless skincare,Beauty,30.63,0.55,0.71,30,0.38,0.28,1
2026-08-07,US,search,Smart hydration bottle,Electronics,54.48,0.5,0.65,30,0.38,0.28,1
2026-08-07,US,reddit,Smart hydration bottle,Electronics,44.69,0.48,0.73,30,0.38,0.28,1
2026-08-07,US,youtube,Smart hydration bottle,Electronics,72.86,0.51,0.71,30,0.38,0.28,1
2026-08-07,US,marketplace,Smart hydration bottle,Electronics,54.5,0.46,0.72,30,0.38,0.28,1
2026-08-07,US,news,Smart hydration bottle,Electronics,31.22,0.53,0.65,30,0.38,0.28,1
2026-08-07,US,search,Walking pad,Fitness,41.03,0.33,0.6,40,0.57,0.43,1
2026-08-07,US,reddit,Walking pad,Fitness,29.21,0.37,0.54,40,0.57,0.43,1
2026-08-07,US,youtube,Walking pad,Fitness,54.68,0.4,0.58,40,0.57,0.43,1
2026-08-07,US,marketplace,Walking pad,Fitness,35.57,0.32,0.58,40,0.57,0.43,1
2026-08-07,US,news,Walking pad,Fitness,23.71,0.33,0.57,40,0.57,0.43,1
2026-08-07,US,search,Millet snacks,Food,42.05,0.47,0.73,30,0.38,0.28,1
2026-08-07,US,reddit,Millet snacks,Food,30.84,0.48,0.78,30,0.38,0.28,1
2026-08-07,US,youtube,Millet snacks,Food,62.08,0.47,0.78,30,0.38,0.28,1
2026-08-07,US,marketplace,Millet snacks,Food,37.11,0.44,0.77,30,0.38,0.28,1
2026-08-07,US,news,Millet snacks,Food,22.98,0.4,0.8,30,0.38,0.28,1
2026-08-07,US,search,Portable blender,Home,29.48,0.32,0.43,40,0.57,0.43,1
2026-08-07,US,reddit,Portable blender,Home,22.65,0.26,0.51,40,0.57,0.43,1
2026-08-07,US,youtube,Portable blender,Home,43.67,0.31,0.48,40,0.57,0.43,1
2026-08-07,US,marketplace,Portable blender,Home,29.62,0.26,0.46,40,0.57,0.43,1
2026-08-07,US,news,Portable blender,Home,17.1,0.33,0.44,40,0.57,0.43,1
2026-08-07,GB,search,Waterless skincare,Beauty,56.92,0.52,0.72,30,0.38,0.28,1
2026-08-07,GB,reddit,Waterless skincare,Beauty,46.11,0.49,0.69,30,0.38,0.28,1
2026-08-07,GB,youtube,Waterless skincare,Beauty,74.0,0.52,0.74,30,0.38,0.28,1
2026-08-07,GB,marketplace,Waterless skincare,Beauty,53.17,0.55,0.74,30,0.38,0.28,1
2026-08-07,GB,news,Waterless skincare,Beauty,30.2,0.57,0.73,30,0.38,0.28,1
2026-08-07,GB,search,Smart hydration bottle,Electronics,46.49,0.42,0.73,30,0.38,0.28,1
2026-08-07,GB,reddit,Smart hydration bottle,Electronics,36.07,0.45,0.71,30,0.38,0.28,1
2026-08-07,GB,youtube,Smart hydration bottle,Electronics,62.5,0.45,0.71,30,0.38,0.28,1
2026-08-07,GB,marketplace,Smart hydration bottle,Electronics,40.4,0.46,0.7,30,0.38,0.28,1
2026-08-07,GB,news,Smart hydration bottle,Electronics,26.13,0.44,0.69,30,0.38,0.28,1
2026-08-07,GB,search,Walking pad,Fitness,39.65,0.34,0.53,40,0.57,0.43,1
2026-08-07,GB,reddit,Walking pad,Fitness,32.17,0.38,0.55,40,0.57,0.43,1
2026-08-07,GB,youtube,Walking pad,Fitness,57.38,0.43,0.56,40,0.57,0.43,1
2026-08-07,GB,marketplace,Walking pad,Fitness,37.6,0.35,0.52,40,0.57,0.43,1
2026-08-07,GB,news,Walking pad,Fitness,23.63,0.32,0.6,40,0.57,0.43,1
2026-08-07,GB,search,Millet snacks,Food,41.21,0.48,0.71,30,0.38,0.28,1
2026-08-07,GB,reddit,Millet snacks,Food,32.66,0.45,0.77,30,0.38,0.28,1
2026-08-07,GB,youtube,Millet snacks,Food,61.32,0.46,0.76,30,0.38,0.28,1
2026-08-07,GB,marketplace,Millet snacks,Food,37.11,0.4,0.78,30,0.38,0.28,1
2026-08-07,GB,news,Millet snacks,Food,22.04,0.4,0.77,30,0.38,0.28,1
2026-08-07,GB,search,Portable blender,Home,30.86,0.3,0.5,40,0.57,0.43,1
2026-08-07,GB,reddit,Portable blender,Home,25.09,0.33,0.51,40,0.57,0.43,1
2026-08-07,GB,youtube,Portable blender,Home,43.48,0.32,0.44,40,0.57,0.43,1
2026-08-07,GB,marketplace,Portable blender,Home,26.34,0.29,0.52,40,0.57,0.43,1
2026-08-07,GB,news,Portable blender,Home,17.85,0.3,0.49,40,0.57,0.43,1
2026-08-07,EU,search,Waterless skincare,Beauty,63.17,0.51,0.72,30,0.38,0.28,1
2026-08-07,EU,reddit,Waterless skincare,Beauty,48.8,0.52,0.72,30,0.38,0.28,1
2026-08-07,EU,youtube,Waterless skincare,Beauty,86.47,0.56,0.73,30,0.38,0.28,1
2026-08-07,EU,marketplace,Waterless skincare,Beauty,55.05,0.49,0.73,30,0.38,0.28,1
2026-08-07,EU,news,Waterless skincare,Beauty,32.83,0.53,0.76,30,0.38,0.28,1
2026-08-07,EU,search,Smart hydration bottle,Electronics,43.14,0.48,0.65,30,0.38,0.28,1
2026-08-07,EU,reddit,Smart hydration bottle,Electronics,33.07,0.47,0.65,30,0.38,0.28,1
2026-08-07,EU,youtube,Smart hydration bottle,Electronics,59.14,0.46,0.71,30,0.38,0.28,1
2026-08-07,EU,marketplace,Smart hydration bottle,Electronics,40.24,0.5,0.66,30,0.38,0.28,1
2026-08-07,EU,news,Smart hydration bottle,Electronics,25.77,0.53,0.65,30,0.38,0.28,1
2026-08-07,EU,search,Walking pad,Fitness,36.46,0.38,0.59,40,0.57,0.43,1
2026-08-07,EU,reddit,Walking pad,Fitness,26.16,0.33,0.56,40,0.57,0.43,1
2026-08-07,EU,youtube,Walking pad,Fitness,47.3,0.4,0.54,40,0.57,0.43,1
2026-08-07,EU,marketplace,Walking pad,Fitness,32.06,0.39,0.54,40,0.57,0.43,1
2026-08-07,EU,news,Walking pad,Fitness,18.59,0.31,0.55,40,0.57,0.43,1
2026-08-07,EU,search,Millet snacks,Food,39.55,0.4,0.8,30,0.38,0.28,1
2026-08-07,EU,reddit,Millet snacks,Food,29.59,0.4,0.79,30,0.38,0.28,1
2026-08-07,EU,youtube,Millet snacks,Food,56.88,0.4,0.78,30,0.38,0.28,1
2026-08-07,EU,marketplace,Millet snacks,Food,36.61,0.47,0.73,30,0.38,0.28,1
2026-08-07,EU,news,Millet snacks,Food,24.05,0.46,0.76,30,0.38,0.28,1
2026-08-07,EU,search,Portable blender,Home,34.89,0.33,0.45,40,0.57,0.43,1
2026-08-07,EU,reddit,Portable blender,Home,26.2,0.27,0.48,40,0.57,0.43,1
2026-08-07,EU,youtube,Portable blender,Home,44.21,0.26,0.53,40,0.57,0.43,1
2026-08-07,EU,marketplace,Portable blender,Home,30.15,0.28,0.51,40,0.57,0.43,1
2026-08-07,EU,news,Portable blender,Home,18.83,0.24,0.43,40,0.57,0.43,1
2026-08-07,IN,search,Waterless skincare,Beauty,63.76,0.51,0.74,30,0.38,0.28,1
2026-08-07,IN,reddit,Waterless skincare,Beauty,49.01,0.55,0.69,30,0.38,0.28,1
2026-08-07,IN,youtube,Waterless skincare,Beauty,89.79,0.48,0.7,30,0.38,0.28,1
2026-08-07,IN,marketplace,Waterless skincare,Beauty,60.38,0.51,0.75,30,0.38,0.28,1
2026-08-07,IN,news,Waterless skincare,Beauty,36.72,0.54,0.69,30,0.38,0.28,1
2026-08-07,IN,search,Smart hydration bottle,Electronics,47.92,0.46,0.67,30,0.38,0.28,1
2026-08-07,IN,reddit,Smart hydration bottle,Electronics,38.31,0.43,0.73,30,0.38,0.28,1
2026-08-07,IN,youtube,Smart hydration bottle,Electronics,67.65,0.51,0.69,30,0.38,0.28,1
2026-08-07,IN,marketplace,Smart hydration bottle,Electronics,40.42,0.44,0.64,30,0.38,0.28,1
2026-08-07,IN,news,Smart hydration bottle,Electronics,26.15,0.52,0.71,30,0.38,0.28,1
2026-08-07,IN,search,Walking pad,Fitness,37.29,0.35,0.59,40,0.57,0.43,1
2026-08-07,IN,reddit,Walking pad,Fitness,25.86,0.34,0.58,40,0.57,0.43,1
2026-08-07,IN,youtube,Walking pad,Fitness,51.43,0.39,0.54,40,0.57,0.43,1
2026-08-07,IN,marketplace,Walking pad,Fitness,34.96,0.41,0.53,40,0.57,0.43,1
2026-08-07,IN,news,Walking pad,Fitness,20.05,0.33,0.6,40,0.57,0.43,1
2026-08-07,IN,search,Millet snacks,Food,53.68,0.43,0.76,30,0.38,0.28,1
2026-08-07,IN,reddit,Millet snacks,Food,39.22,0.47,0.8,30,0.38,0.28,1
2026-08-07,IN,youtube,Millet snacks,Food,77.5,0.39,0.8,30,0.38,0.28,1
2026-08-07,IN,marketplace,Millet snacks,Food,46.88,0.42,0.75,30,0.38,0.28,1
2026-08-07,IN,news,Millet snacks,Food,32.46,0.39,0.73,30,0.38,0.28,1
2026-08-07,IN,search,Portable blender,Home,31.68,0.34,0.5,40,0.57,0.43,1
2026-08-07,IN,reddit,Portable blender,Home,23.43,0.31,0.52,40,0.57,0.43,1
2026-08-07,IN,youtube,Portable blender,Home,42.75,0.26,0.47,40,0.57,0.43,1
2026-08-07,IN,marketplace,Portable blender,Home,27.33,0.27,0.43,40,0.57,0.43,1
2026-08-07,IN,news,Portable blender,Home,18.09,0.3,0.49,40,0.57,0.43,1
2026-08-08,US,search,Waterless skincare,Beauty,56.49,0.51,0.74,31,0.38,0.28,1
2026-08-08,US,reddit,Waterless skincare,Beauty,39.73,0.49,0.72,31,0.38,0.28,1
2026-08-08,US,youtube,Waterless skincare,Beauty,76.99,0.53,0.74,31,0.38,0.28,1
2026-08-08,US,marketplace,Waterless skincare,Beauty,49.26,0.56,0.77,31,0.38,0.28,1
2026-08-08,US,news,Waterless skincare,Beauty,29.6,0.57,0.7,31,0.38,0.28,1
2026-08-08,US,search,Smart hydration bottle,Electronics,60.94,0.46,0.68,31,0.38,0.28,1
2026-08-08,US,reddit,Smart hydration bottle,Electronics,44.0,0.44,0.64,31,0.38,0.28,1
2026-08-08,US,youtube,Smart hydration bottle,Electronics,81.67,0.5,0.67,31,0.38,0.28,1
2026-08-08,US,marketplace,Smart hydration bottle,Electronics,54.46,0.48,0.64,31,0.38,0.28,1
2026-08-08,US,news,Smart hydration bottle,Electronics,31.94,0.42,0.66,31,0.38,0.28,1
2026-08-08,US,search,Walking pad,Fitness,40.11,0.38,0.54,41,0.58,0.43,1
2026-08-08,US,reddit,Walking pad,Fitness,28.75,0.34,0.58,41,0.58,0.43,1
2026-08-08,US,youtube,Walking pad,Fitness,53.39,0.36,0.54,41,0.58,0.43,1
2026-08-08,US,marketplace,Walking pad,Fitness,36.88,0.4,0.56,41,0.58,0.43,1
2026-08-08,US,news,Walking pad,Fitness,23.16,0.41,0.54,41,0.58,0.43,1
2026-08-08,US,search,Millet snacks,Food,42.29,0.39,0.74,31,0.38,0.28,1
2026-08-08,US,reddit,Millet snacks,Food,35.42,0.41,0.77,31,0.38,0.28,1
2026-08-08,US,youtube,Millet snacks,Food,61.22,0.46,0.81,31,0.38,0.28,1
2026-08-08,US,marketplace,Millet snacks,Food,40.09,0.43,0.76,31,0.38,0.28,1
2026-08-08,US,news,Millet snacks,Food,25.78,0.39,0.77,31,0.38,0.28,1
2026-08-08,US,search,Portable blender,Home,32.2,0.24,0.51,41,0.58,0.43,1
2026-08-08,US,reddit,Portable blender,Home,22.44,0.3,0.45,41,0.58,0.43,1
2026-08-08,US,youtube,Portable blender,Home,40.95,0.25,0.48,41,0.58,0.43,1
2026-08-08,US,marketplace,Portable blender,Home,29.28,0.31,0.43,41,0.58,0.43,1
2026-08-08,US,news,Portable blender,Home,18.14,0.3,0.46,41,0.58,0.43,1
2026-08-08,GB,search,Waterless skincare,Beauty,54.47,0.56,0.69,31,0.38,0.28,1
2026-08-08,GB,reddit,Waterless skincare,Beauty,42.93,0.56,0.69,31,0.38,0.28,1
2026-08-08,GB,youtube,Waterless skincare,Beauty,79.27,0.47,0.76,31,0.38,0.28,1
2026-08-08,GB,marketplace,Waterless skincare,Beauty,49.25,0.48,0.7,31,0.38,0.28,1
2026-08-08,GB,news,Waterless skincare,Beauty,31.55,0.52,0.77,31,0.38,0.28,1
2026-08-08,GB,search,Smart hydration bottle,Electronics,44.85,0.46,0.64,31,0.38,0.28,1
2026-08-08,GB,reddit,Smart hydration bottle,Electronics,36.91,0.49,0.64,31,0.38,0.28,1
2026-08-08,GB,youtube,Smart hydration bottle,Electronics,62.37,0.48,0.69,31,0.38,0.28,1
2026-08-08,GB,marketplace,Smart hydration bottle,Electronics,40.95,0.46,0.71,31,0.38,0.28,1
2026-08-08,GB,news,Smart hydration bottle,Electronics,25.7,0.52,0.66,31,0.38,0.28,1
2026-08-08,GB,search,Walking pad,Fitness,42.22,0.39,0.57,41,0.58,0.43,1
2026-08-08,GB,reddit,Walking pad,Fitness,31.74,0.41,0.56,41,0.58,0.43,1
2026-08-08,GB,youtube,Walking pad,Fitness,56.66,0.32,0.54,41,0.58,0.43,1
2026-08-08,GB,marketplace,Walking pad,Fitness,38.44,0.32,0.5,41,0.58,0.43,1
2026-08-08,GB,news,Walking pad,Fitness,21.41,0.34,0.59,41,0.58,0.43,1
2026-08-08,GB,search,Millet snacks,Food,43.76,0.4,0.73,31,0.38,0.28,1
2026-08-08,GB,reddit,Millet snacks,Food,33.9,0.49,0.77,31,0.38,0.28,1
2026-08-08,GB,youtube,Millet snacks,Food,60.04,0.47,0.8,31,0.38,0.28,1
2026-08-08,GB,marketplace,Millet snacks,Food,38.12,0.44,0.8,31,0.38,0.28,1
2026-08-08,GB,news,Millet snacks,Food,22.42,0.43,0.73,31,0.38,0.28,1
2026-08-08,GB,search,Portable blender,Home,31.86,0.26,0.44,41,0.58,0.43,1
2026-08-08,GB,reddit,Portable blender,Home,24.46,0.27,0.47,41,0.58,0.43,1
2026-08-08,GB,youtube,Portable blender,Home,45.22,0.24,0.52,41,0.58,0.43,1
2026-08-08,GB,marketplace,Portable blender,Home,29.74,0.33,0.43,41,0.58,0.43,1
2026-08-08,GB,news,Portable blender,Home,16.22,0.35,0.45,41,0.58,0.43,1
2026-08-08,EU,search,Waterless skincare,Beauty,64.62,0.47,0.76,31,0.38,0.28,1
2026-08-08,EU,reddit,Waterless skincare,Beauty,46.04,0.52,0.7,31,0.38,0.28,1
2026-08-08,EU,youtube,Waterless skincare,Beauty,78.9,0.51,0.72,31,0.38,0.28,1
2026-08-08,EU,marketplace,Waterless skincare,Beauty,54.41,0.47,0.74,31,0.38,0.28,1
2026-08-08,EU,news,Waterless skincare,Beauty,35.65,0.58,0.76,31,0.38,0.28,1
2026-08-08,EU,search,Smart hydration bottle,Electronics,48.59,0.5,0.7,31,0.38,0.28,1
2026-08-08,EU,reddit,Smart hydration bottle,Electronics,35.76,0.53,0.73,31,0.38,0.28,1
2026-08-08,EU,youtube,Smart hydration bottle,Electronics,63.86,0.51,0.72,31,0.38,0.28,1
2026-08-08,EU,marketplace,Smart hydration bottle,Electronics,41.61,0.47,0.64,31,0.38,0.28,1
2026-08-08,EU,news,Smart hydration bottle,Electronics,24.28,0.48,0.63,31,0.38,0.28,1
2026-08-08,EU,search,Walking pad,Fitness,36.78,0.37,0.59,41,0.58,0.43,1
2026-08-08,EU,reddit,Walking pad,Fitness,27.68,0.32,0.57,41,0.58,0.43,1
2026-08-08,EU,youtube,Walking pad,Fitness,49.67,0.33,0.57,41,0.58,0.43,1
2026-08-08,EU,marketplace,Walking pad,Fitness,34.01,0.42,0.52,41,0.58,0.43,1
2026-08-08,EU,news,Walking pad,Fitness,18.95,0.35,0.59,41,0.58,0.43,1
2026-08-08,EU,search,Millet snacks,Food,42.6,0.44,0.78,31,0.38,0.28,1
2026-08-08,EU,reddit,Millet snacks,Food,30.29,0.43,0.73,31,0.38,0.28,1
2026-08-08,EU,youtube,Millet snacks,Food,54.35,0.41,0.78,31,0.38,0.28,1
2026-08-08,EU,marketplace,Millet snacks,Food,38.83,0.45,0.78,31,0.38,0.28,1
2026-08-08,EU,news,Millet snacks,Food,24.06,0.5,0.79,31,0.38,0.28,1
2026-08-08,EU,search,Portable blender,Home,35.54,0.34,0.5,41,0.58,0.43,1
2026-08-08,EU,reddit,Portable blender,Home,25.9,0.3,0.47,41,0.58,0.43,1
2026-08-08,EU,youtube,Portable blender,Home,46.07,0.35,0.47,41,0.58,0.43,1
2026-08-08,EU,marketplace,Portable blender,Home,29.84,0.25,0.44,41,0.58,0.43,1
2026-08-08,EU,news,Portable blender,Home,17.47,0.26,0.47,41,0.58,0.43,1
2026-08-08,IN,search,Waterless skincare,Beauty,64.06,0.51,0.7,31,0.38,0.28,1
2026-08-08,IN,reddit,Waterless skincare,Beauty,45.25,0.54,0.73,31,0.38,0.28,1
2026-08-08,IN,youtube,Waterless skincare,Beauty,80.37,0.49,0.75,31,0.38,0.28,1
2026-08-08,IN,marketplace,Waterless skincare,Beauty,56.75,0.47,0.72,31,0.38,0.28,1
2026-08-08,IN,news,Waterless skincare,Beauty,33.05,0.53,0.76,31,0.38,0.28,1
2026-08-08,IN,search,Smart hydration bottle,Electronics,46.81,0.51,0.69,31,0.38,0.28,1
2026-08-08,IN,reddit,Smart hydration bottle,Electronics,35.0,0.47,0.66,31,0.38,0.28,1
2026-08-08,IN,youtube,Smart hydration bottle,Electronics,63.41,0.52,0.63,31,0.38,0.28,1
2026-08-08,IN,marketplace,Smart hydration bottle,Electronics,43.03,0.49,0.71,31,0.38,0.28,1
2026-08-08,IN,news,Smart hydration bottle,Electronics,27.55,0.51,0.72,31,0.38,0.28,1
2026-08-08,IN,search,Walking pad,Fitness,34.22,0.41,0.57,41,0.58,0.43,1
2026-08-08,IN,reddit,Walking pad,Fitness,27.29,0.35,0.54,41,0.58,0.43,1
2026-08-08,IN,youtube,Walking pad,Fitness,49.82,0.39,0.56,41,0.58,0.43,1
2026-08-08,IN,marketplace,Walking pad,Fitness,34.86,0.35,0.57,41,0.58,0.43,1
2026-08-08,IN,news,Walking pad,Fitness,20.1,0.32,0.6,41,0.58,0.43,1
2026-08-08,IN,search,Millet snacks,Food,52.75,0.4,0.77,31,0.38,0.28,1
2026-08-08,IN,reddit,Millet snacks,Food,39.2,0.45,0.76,31,0.38,0.28,1
2026-08-08,IN,youtube,Millet snacks,Food,79.49,0.46,0.8,31,0.38,0.28,1
2026-08-08,IN,marketplace,Millet snacks,Food,48.19,0.48,0.78,31,0.38,0.28,1
2026-08-08,IN,news,Millet snacks,Food,31.38,0.41,0.75,31,0.38,0.28,1
2026-08-08,IN,search,Portable blender,Home,31.05,0.25,0.49,41,0.58,0.43,1
2026-08-08,IN,reddit,Portable blender,Home,23.14,0.24,0.47,41,0.58,0.43,1
2026-08-08,IN,youtube,Portable blender,Home,44.7,0.27,0.44,41,0.58,0.43,1
2026-08-08,IN,marketplace,Portable blender,Home,30.29,0.28,0.48,41,0.58,0.43,1
2026-08-08,IN,news,Portable blender,Home,16.84,0.32,0.52,41,0.58,0.43,1
2026-08-09,US,search,Waterless skincare,Beauty,55.46,0.57,0.68,31,0.38,0.29,1
2026-08-09,US,reddit,Waterless skincare,Beauty,44.35,0.54,0.68,31,0.38,0.29,1
2026-08-09,US,youtube,Waterless skincare,Beauty,80.1,0.57,0.68,31,0.38,0.29,1
2026-08-09,US,marketplace,Waterless skincare,Beauty,53.05,0.51,0.75,31,0.38,0.29,1
2026-08-09,US,news,Waterless skincare,Beauty,31.46,0.51,0.75,31,0.38,0.29,1
2026-08-09,US,search,Smart hydration bottle,Electronics,56.66,0.48,0.66,31,0.38,0.29,1
2026-08-09,US,reddit,Smart hydration bottle,Electronics,46.36,0.52,0.69,31,0.38,0.29,1
2026-08-09,US,youtube,Smart hydration bottle,Electronics,80.04,0.51,0.67,31,0.38,0.29,1
2026-08-09,US,marketplace,Smart hydration bottle,Electronics,53.5,0.43,0.67,31,0.38,0.29,1
2026-08-09,US,news,Smart hydration bottle,Electronics,30.49,0.47,0.68,31,0.38,0.29,1
2026-08-09,US,search,Walking pad,Fitness,42.34,0.31,0.51,41,0.58,0.44,1
2026-08-09,US,reddit,Walking pad,Fitness,30.37,0.42,0.6,41,0.58,0.44,1
2026-08-09,US,youtube,Walking pad,Fitness,53.44,0.39,0.51,41,0.58,0.44,1
2026-08-09,US,marketplace,Walking pad,Fitness,35.32,0.33,0.52,41,0.58,0.44,1
2026-08-09,US,news,Walking pad,Fitness,21.6,0.41,0.54,41,0.58,0.44,1
2026-08-09,US,search,Millet snacks,Food,41.51,0.44,0.78,31,0.38,0.29,1
2026-08-09,US,reddit,Millet snacks,Food,33.41,0.45,0.77,31,0.38,0.29,1
2026-08-09,US,youtube,Millet snacks,Food,63.13,0.43,0.72,31,0.38,0.29,1
2026-08-09,US,marketplace,Millet snacks,Food,42.52,0.39,0.79,31,0.38,0.29,1
2026-08-09,US,news,Millet snacks,Food,22.74,0.42,0.78,31,0.38,0.29,1
2026-08-09,US,search,Portable blender,Home,30.38,0.26,0.44,41,0.58,0.44,1
2026-08-09,US,reddit,Portable blender,Home,24.42,0.3,0.47,41,0.58,0.44,1
2026-08-09,US,youtube,Portable blender,Home,42.13,0.27,0.53,41,0.58,0.44,1
2026-08-09,US,marketplace,Portable blender,Home,28.92,0.27,0.44,41,0.58,0.44,1
2026-08-09,US,news,Portable blender,Home,16.52,0.32,0.5,41,0.58,0.44,1
2026-08-09,GB,search,Waterless skincare,Beauty,54.91,0.47,0.68,31,0.38,0.29,1
2026-08-09,GB,reddit,Waterless skincare,Beauty,46.58,0.49,0.7,31,0.38,0.29,1
2026-08-09,GB,youtube,Waterless skincare,Beauty,82.36,0.55,0.75,31,0.38,0.29,1
2026-08-09,GB,marketplace,Waterless skincare,Beauty,51.43,0.54,0.75,31,0.38,0.29,1
2026-08-09,GB,news,Waterless skincare,Beauty,31.45,0.46,0.76,31,0.38,0.29,1
2026-08-09,GB,search,Smart hydration bottle,Electronics,50.67,0.47,0.65,31,0.38,0.29,1
2026-08-09,GB,reddit,Smart hydration bottle,Electronics,36.84,0.51,0.65,31,0.38,0.29,1
2026-08-09,GB,youtube,Smart hydration bottle,Electronics,67.66,0.47,0.71,31,0.38,0.29,1
2026-08-09,GB,marketplace,Smart hydration bottle,Electronics,43.59,0.48,0.7,31,0.38,0.29,1
2026-08-09,GB,news,Smart hydration bottle,Electronics,25.58,0.51,0.64,31,0.38,0.29,1
2026-08-09,GB,search,Walking pad,Fitness,39.59,0.42,0.51,41,0.58,0.44,1
2026-08-09,GB,reddit,Walking pad,Fitness,29.6,0.37,0.59,41,0.58,0.44,1
2026-08-09,GB,youtube,Walking pad,Fitness,59.39,0.42,0.55,41,0.58,0.44,1
2026-08-09,GB,marketplace,Walking pad,Fitness,37.68,0.39,0.6,41,0.58,0.44,1
2026-08-09,GB,news,Walking pad,Fitness,24.0,0.38,0.52,41,0.58,0.44,1
2026-08-09,GB,search,Millet snacks,Food,42.19,0.5,0.74,31,0.38,0.29,1
2026-08-09,GB,reddit,Millet snacks,Food,32.34,0.47,0.79,31,0.38,0.29,1
2026-08-09,GB,youtube,Millet snacks,Food,57.98,0.41,0.74,31,0.38,0.29,1
2026-08-09,GB,marketplace,Millet snacks,Food,39.03,0.43,0.74,31,0.38,0.29,1
2026-08-09,GB,news,Millet snacks,Food,25.32,0.42,0.72,31,0.38,0.29,1
2026-08-09,GB,search,Portable blender,Home,30.2,0.32,0.48,41,0.58,0.44,1
2026-08-09,GB,reddit,Portable blender,Home,25.08,0.25,0.5,41,0.58,0.44,1
2026-08-09,GB,youtube,Portable blender,Home,45.4,0.33,0.44,41,0.58,0.44,1
2026-08-09,GB,marketplace,Portable blender,Home,27.56,0.32,0.44,41,0.58,0.44,1
2026-08-09,GB,news,Portable blender,Home,16.87,0.27,0.44,41,0.58,0.44,1
2026-08-09,EU,search,Waterless skincare,Beauty,61.56,0.52,0.73,31,0.38,0.29,1
2026-08-09,EU,reddit,Waterless skincare,Beauty,44.36,0.46,0.67,31,0.38,0.29,1
2026-08-09,EU,youtube,Waterless skincare,Beauty,80.58,0.5,0.69,31,0.38,0.29,1
2026-08-09,EU,marketplace,Waterless skincare,Beauty,57.51,0.48,0.77,31,0.38,0.29,1
2026-08-09,EU,news,Waterless skincare,Beauty,32.39,0.58,0.71,31,0.38,0.29,1
2026-08-09,EU,search,Smart hydration bottle,Electronics,46.77,0.46,0.67,31,0.38,0.29,1
2026-08-09,EU,reddit,Smart hydration bottle,Electronics,32.96,0.43,0.68,31,0.38,0.29,1
2026-08-09,EU,youtube,Smart hydration bottle,Electronics,63.34,0.45,0.7,31,0.38,0.29,1
2026-08-09,EU,marketplace,Smart hydration bottle,Electronics,42.26,0.42,0.7,31,0.38,0.29,1
2026-08-09,EU,news,Smart hydration bottle,Electronics,24.21,0.47,0.65,31,0.38,0.29,1
2026-08-09,EU,search,Walking pad,Fitness,37.05,0.41,0.57,41,0.58,0.44,1
2026-08-09,EU,reddit,Walking pad,Fitness,26.67,0.35,0.52,41,0.58,0.44,1
2026-08-09,EU,youtube,Walking pad,Fitness,47.88,0.4,0.51,41,0.58,0.44,1
2026-08-09,EU,marketplace,Walking pad,Fitness,30.82,0.39,0.5,41,0.58,0.44,1
2026-08-09,EU,news,Walking pad,Fitness,20.81,0.39,0.59,41,0.58,0.44,1
2026-08-09,EU,search,Millet snacks,Food,41.27,0.49,0.73,31,0.38,0.29,1
2026-08-09,EU,reddit,Millet snacks,Food,32.65,0.39,0.79,31,0.38,0.29,1
2026-08-09,EU,youtube,Millet snacks,Food,54.3,0.49,0.75,31,0.38,0.29,1
2026-08-09,EU,marketplace,Millet snacks,Food,38.94,0.48,0.75,31,0.38,0.29,1
2026-08-09,EU,news,Millet snacks,Food,22.86,0.46,0.74,31,0.38,0.29,1
2026-08-09,EU,search,Portable blender,Home,35.94,0.26,0.49,41,0.58,0.44,1
2026-08-09,EU,reddit,Portable blender,Home,25.82,0.29,0.51,41,0.58,0.44,1
2026-08-09,EU,youtube,Portable blender,Home,46.94,0.28,0.45,41,0.58,0.44,1
2026-08-09,EU,marketplace,Portable blender,Home,29.41,0.27,0.49,41,0.58,0.44,1
2026-08-09,EU,news,Portable blender,Home,18.52,0.31,0.51,41,0.58,0.44,1
2026-08-09,IN,search,Waterless skincare,Beauty,64.06,0.47,0.75,31,0.38,0.29,1
2026-08-09,IN,reddit,Waterless skincare,Beauty,49.93,0.56,0.7,31,0.38,0.29,1
2026-08-09,IN,youtube,Waterless skincare,Beauty,84.38,0.53,0.72,31,0.38,0.29,1
2026-08-09,IN,marketplace,Waterless skincare,Beauty,59.86,0.53,0.71,31,0.38,0.29,1
2026-08-09,IN,news,Waterless skincare,Beauty,35.65,0.51,0.68,31,0.38,0.29,1
2026-08-09,IN,search,Smart hydration bottle,Electronics,48.93,0.48,0.71,31,0.38,0.29,1
2026-08-09,IN,reddit,Smart hydration bottle,Electronics,36.42,0.46,0.72,31,0.38,0.29,1
2026-08-09,IN,youtube,Smart hydration bottle,Electronics,70.34,0.51,0.64,31,0.38,0.29,1
2026-08-09,IN,marketplace,Smart hydration bottle,Electronics,43.03,0.49,0.68,31,0.38,0.29,1
2026-08-09,IN,news,Smart hydration bottle,Electronics,25.88,0.47,0.73,31,0.38,0.29,1
2026-08-09,IN,search,Walking pad,Fitness,35.23,0.32,0.59,41,0.58,0.44,1
2026-08-09,IN,reddit,Walking pad,Fitness,27.82,0.31,0.59,41,0.58,0.44,1
2026-08-09,IN,youtube,Walking pad,Fitness,47.52,0.33,0.52,41,0.58,0.44,1
2026-08-09,IN,marketplace,Walking pad,Fitness,34.72,0.35,0.56,41,0.58,0.44,1
2026-08-09,IN,news,Walking pad,Fitness,21.38,0.36,0.53,41,0.58,0.44,1
2026-08-09,IN,search,Millet snacks,Food,53.98,0.39,0.74,31,0.38,0.29,1
2026-08-09,IN,reddit,Millet snacks,Food,44.83,0.47,0.8,31,0.38,0.29,1
2026-08-09,IN,youtube,Millet snacks,Food,73.0,0.43,0.76,31,0.38,0.29,1
2026-08-09,IN,marketplace,Millet snacks,Food,50.38,0.47,0.76,31,0.38,0.29,1
2026-08-09,IN,news,Millet snacks,Food,28.82,0.38,0.75,31,0.38,0.29,1
2026-08-09,IN,search,Portable blender,Home,31.14,0.35,0.51,41,0.58,0.44,1
2026-08-09,IN,reddit,Portable blender,Home,23.33,0.24,0.53,41,0.58,0.44,1
2026-08-09,IN,youtube,Portable blender,Home,41.84,0.32,0.45,41,0.58,0.44,1
2026-08-09,IN,marketplace,Portable blender,Home,30.34,0.34,0.44,41,0.58,0.44,1
2026-08-09,IN,news,Portable blender,Home,18.48,0.33,0.49,41,0.58,0.44,1
2026-08-10,US,search,Waterless skincare,Beauty,54.24,0.53,0.76,31,0.38,0.29,1
2026-08-10,US,reddit,Waterless skincare,Beauty,45.08,0.52,0.76,31,0.38,0.29,1
2026-08-10,US,youtube,Waterless skincare,Beauty,77.66,0.52,0.75,31,0.38,0.29,1
2026-08-10,US,marketplace,Waterless skincare,Beauty,53.4,0.48,0.7,31,0.38,0.29,1
2026-08-10,US,news,Waterless skincare,Beauty,32.75,0.53,0.69,31,0.38,0.29,1
2026-08-10,US,search,Smart hydration bottle,Electronics,54.45,0.45,0.71,31,0.38,0.29,1
2026-08-10,US,reddit,Smart hydration bottle,Electronics,44.72,0.53,0.67,31,0.38,0.29,1
2026-08-10,US,youtube,Smart hydration bottle,Electronics,75.23,0.51,0.72,31,0.38,0.29,1
2026-08-10,US,marketplace,Smart hydration bottle,Electronics,51.88,0.53,0.63,31,0.38,0.29,1
2026-08-10,US,news,Smart hydration bottle,Electronics,31.13,0.46,0.65,31,0.38,0.29,1
2026-08-10,US,search,Walking pad,Fitness,39.45,0.34,0.59,41,0.58,0.44,1
2026-08-10,US,reddit,Walking pad,Fitness,29.69,0.35,0.58,41,0.58,0.44,1
2026-08-10,US,youtube,Walking pad,Fitness,54.0,0.41,0.56,41,0.58,0.44,1
2026-08-10,US,marketplace,Walking pad,Fitness,35.15,0.37,0.53,41,0.58,0.44,1
2026-08-10,US,news,Walking pad,Fitness,23.86,0.36,0.51,41,0.58,0.44,1
2026-08-10,US,search,Millet snacks,Food,47.44,0.4,0.71,31,0.38,0.29,1
2026-08-10,US,reddit,Millet snacks,Food,32.88,0.41,0.77,31,0.38,0.29,1
2026-08-10,US,youtube,Millet snacks,Food,56.65,0.47,0.71,31,0.38,0.29,1
2026-08-10,US,marketplace,Millet snacks,Food,40.41,0.47,0.73,31,0.38,0.29,1
2026-08-10,US,news,Millet snacks,Food,24.07,0.45,0.76,31,0.38,0.29,1
2026-08-10,US,search,Portable blender,Home,29.7,0.28,0.46,41,0.58,0.44,1
2026-08-10,US,reddit,Portable blender,Home,23.16,0.28,0.53,41,0.58,0.44,1
2026-08-10,US,youtube,Portable blender,Home,42.89,0.31,0.47,41,0.58,0.44,1
2026-08-10,US,marketplace,Portable blender,Home,30.1,0.26,0.49,41,0.58,0.44,1
2026-08-10,US,news,Portable blender,Home,17.35,0.33,0.52,41,0.58,0.44,1
2026-08-10,GB,search,Waterless skincare,Beauty,56.91,0.56,0.69,31,0.38,0.29,1
2026-08-10,GB,reddit,Waterless skincare,Beauty,45.68,0.5,0.72,31,0.38,0.29,1
2026-08-10,GB,youtube,Waterless skincare,Beauty,79.97,0.52,0.72,31,0.38,0.29,1
2026-08-10,GB,marketplace,Waterless skincare,Beauty,53.22,0.5,0.69,31,0.38,0.29,1
2026-08-10,GB,news,Waterless skincare,Beauty,33.95,0.51,0.69,31,0.38,0.29,1
2026-08-10,GB,search,Smart hydration bottle,Electronics,49.86,0.43,0.66,31,0.38,0.29,1
2026-08-10,GB,reddit,Smart hydration bottle,Electronics,36.49,0.49,0.65,31,0.38,0.29,1
2026-08-10,GB,youtube,Smart hydration bottle,Electronics,67.66,0.48,0.73,31,0.38,0.29,1
2026-08-10,GB,marketplace,Smart hydration bottle,Electronics,44.13,0.51,0.65,31,0.38,0.29,1
2026-08-10,GB,news,Smart hydration bottle,Electronics,27.46,0.52,0.65,31,0.38,0.29,1
2026-08-10,GB,search,Walking pad,Fitness,42.49,0.31,0.58,41,0.58,0.44,1
2026-08-10,GB,reddit,Walking pad,Fitness,32.93,0.32,0.59,41,0.58,0.44,1
2026-08-10,GB,youtube,Walking pad,Fitness,52.82,0.32,0.52,41,0.58,0.44,1
2026-08-10,GB,marketplace,Walking pad,Fitness,35.6,0.34,0.6,41,0.58,0.44,1
2026-08-10,GB,news,Walking pad,Fitness,22.4,0.33,0.52,41,0.58,0.44,1
2026-08-10,GB,search,Millet snacks,Food,46.32,0.44,0.73,31,0.38,0.29,1
2026-08-10,GB,reddit,Millet snacks,Food,30.65,0.5,0.77,31,0.38,0.29,1
2026-08-10,GB,youtube,Millet snacks,Food,55.27,0.48,0.76,31,0.38,0.29,1
2026-08-10,GB,marketplace,Millet snacks,Food,38.52,0.48,0.75,31,0.38,0.29,1
2026-08-10,GB,news,Millet snacks,Food,24.97,0.48,0.79,31,0.38,0.29,1
2026-08-10,GB,search,Portable blender,Home,32.31,0.24,0.51,41,0.58,0.44,1
2026-08-10,GB,reddit,Portable blender,Home,25.15,0.31,0.49,41,0.58,0.44,1
2026-08-10,GB,youtube,Portable blender,Home,39.97,0.35,0.48,41,0.58,0.44,1
2026-08-10,GB,marketplace,Portable blender,Home,28.39,0.35,0.47,41,0.58,0.44,1
2026-08-10,GB,news,Portable blender,Home,17.55,0.3,0.48,41,0.58,0.44,1
2026-08-10,EU,search,Waterless skincare,Beauty,59.86,0.51,0.77,31,0.38,0.29,1
2026-08-10,EU,reddit,Waterless skincare,Beauty,47.2,0.51,0.67,31,0.38,0.29,1
2026-08-10,EU,youtube,Waterless skincare,Beauty,80.23,0.48,0.69,31,0.38,0.29,1
2026-08-10,EU,marketplace,Waterless skincare,Beauty,54.46,0.54,0.68,31,0.38,0.29,1
2026-08-10,EU,news,Waterless skincare,Beauty,34.26,0.51,0.73,31,0.38,0.29,1
2026-08-10,EU,search,Smart hydration bottle,Electronics,50.3,0.52,0.72,31,0.38,0.29,1
2026-08-10,EU,reddit,Smart hydration bottle,Electronics,35.94,0.47,0.7,31,0.38,0.29,1
2026-08-10,EU,youtube,Smart hydration bottle,Electronics,65.87,0.46,0.72,31,0.38,0.29,1
2026-08-10,EU,marketplace,Smart hydration bottle,Electronics,42.08,0.44,0.71,31,0.38,0.29,1
2026-08-10,EU,news,Smart hydration bottle,Electronics,25.88,0.42,0.64,31,0.38,0.29,1
2026-08-10,EU,search,Walking pad,Fitness,35.29,0.39,0.51,41,0.58,0.44,1
2026-08-10,EU,reddit,Walking pad,Fitness,28.86,0.39,0.52,41,0.58,0.44,1
2026-08-10,EU,youtube,Walking pad,Fitness,50.87,0.39,0.59,41,0.58,0.44,1
2026-08-10,EU,marketplace,Walking pad,Fitness,30.26,0.42,0.54,41,0.58,0.44,1
2026-08-10,EU,news,Walking pad,Fitness,19.42,0.37,0.57,41,0.58,0.44,1
2026-08-10,EU,search,Millet snacks,Food,45.03,0.46,0.75,31,0.38,0.29,1
2026-08-10,EU,reddit,Millet snacks,Food,30.15,0.49,0.76,31,0.38,0.29,1
2026-08-10,EU,youtube,Millet snacks,Food,59.22,0.44,0.8,31,0.38,0.29,1
2026-08-10,EU,marketplace,Millet snacks,Food,38.55,0.5,0.76,31,0.38,0.29,1
2026-08-10,EU,news,Millet snacks,Food,24.64,0.49,0.77,31,0.38,0.29,1
2026-08-10,EU,search,Portable blender,Home,35.41,0.35,0.52,41,0.58,0.44,1
2026-08-10,EU,reddit,Portable blender,Home,27.14,0.28,0.46,41,0.58,0.44,1
2026-08-10,EU,youtube,Portable blender,Home,45.67,0.26,0.45,41,0.58,0.44,1
2026-08-10,EU,marketplace,Portable blender,Home,30.42,0.34,0.5,41,0.58,0.44,1
2026-08-10,EU,news,Portable blender,Home,19.62,0.33,0.47,41,0.58,0.44,1
2026-08-10,IN,search,Waterless skincare,Beauty,63.77,0.56,0.7,31,0.38,0.29,1
2026-08-10,IN,reddit,Waterless skincare,Beauty,47.43,0.51,0.74,31,0.38,0.29,1
2026-08-10,IN,youtube,Waterless skincare,Beauty,85.99,0.49,0.73,31,0.38,0.29,1
2026-08-10,IN,marketplace,Waterless skincare,Beauty,56.35,0.51,0.68,31,0.38,0.29,1
2026-08-10,IN,news,Waterless skincare,Beauty,34.87,0.54,0.74,31,0.38,0.29,1
2026-08-10,IN,search,Smart hydration bottle,Electronics,47.38,0.47,0.66,31,0.38,0.29,1
2026-08-10,IN,reddit,Smart hydration bottle,Electronics,35.76,0.42,0.69,31,0.38,0.29,1
2026-08-10,IN,youtube,Smart hydration bottle,Electronics,63.76,0.51,0.65,31,0.38,0.29,1
2026-08-10,IN,marketplace,Smart hydration bottle,Electronics,43.99,0.49,0.63,31,0.38,0.29,1
2026-08-10,IN,news,Smart hydration bottle,Electronics,27.75,0.5,0.7,31,0.38,0.29,1
2026-08-10,IN,search,Walking pad,Fitness,37.25,0.34,0.52,41,0.58,0.44,1
2026-08-10,IN,reddit,Walking pad,Fitness,27.99,0.35,0.5,41,0.58,0.44,1
2026-08-10,IN,youtube,Walking pad,Fitness,49.11,0.4,0.53,41,0.58,0.44,1
2026-08-10,IN,marketplace,Walking pad,Fitness,34.71,0.31,0.6,41,0.58,0.44,1
2026-08-10,IN,news,Walking pad,Fitness,20.24,0.35,0.55,41,0.58,0.44,1
2026-08-10,IN,search,Millet snacks,Food,54.06,0.44,0.8,31,0.38,0.29,1
2026-08-10,IN,reddit,Millet snacks,Food,42.8,0.4,0.77,31,0.38,0.29,1
2026-08-10,IN,youtube,Millet snacks,Food,73.5,0.45,0.74,31,0.38,0.29,1
2026-08-10,IN,marketplace,Millet snacks,Food,52.5,0.38,0.8,31,0.38,0.29,1
2026-08-10,IN,news,Millet snacks,Food,32.39,0.38,0.73,31,0.38,0.29,1
2026-08-10,IN,search,Portable blender,Home,30.21,0.35,0.52,41,0.58,0.44,1
2026-08-10,IN,reddit,Portable blender,Home,22.25,0.24,0.52,41,0.58,0.44,1
2026-08-10,IN,youtube,Portable blender,Home,40.83,0.33,0.5,41,0.58,0.44,1
2026-08-10,IN,marketplace,Portable blender,Home,29.68,0.27,0.43,41,0.58,0.44,1
2026-08-10,IN,news,Portable blender,Home,17.9,0.25,0.47,41,0.58,0.44,1
2026-08-11,US,search,Waterless skincare,Beauty,55.32,0.52,0.73,32,0.38,0.29,1
2026-08-11,US,reddit,Waterless skincare,Beauty,42.7,0.48,0.7,32,0.38,0.29,1
2026-08-11,US,youtube,Waterless skincare,Beauty,76.46,0.49,0.71,32,0.38,0.29,1
2026-08-11,US,marketplace,Waterless skincare,Beauty,53.13,0.58,0.77,32,0.38,0.29,1
2026-08-11,US,news,Waterless skincare,Beauty,31.15,0.51,0.67,32,0.38,0.29,1
2026-08-11,US,search,Smart hydration bottle,Electronics,56.3,0.52,0.64,32,0.38,0.29,1
2026-08-11,US,reddit,Smart hydration bottle,Electronics,43.87,0.51,0.69,32,0.38,0.29,1
2026-08-11,US,youtube,Smart hydration bottle,Electronics,78.84,0.43,0.69,32,0.38,0.29,1
2026-08-11,US,marketplace,Smart hydration bottle,Electronics,54.83,0.5,0.71,32,0.38,0.29,1
2026-08-11,US,news,Smart hydration bottle,Electronics,31.26,0.51,0.64,32,0.38,0.29,1
2026-08-11,US,search,Walking pad,Fitness,38.87,0.33,0.55,42,0.59,0.44,1
2026-08-11,US,reddit,Walking pad,Fitness,28.96,0.4,0.51,42,0.59,0.44,1
2026-08-11,US,youtube,Walking pad,Fitness,58.59,0.35,0.54,42,0.59,0.44,1
2026-08-11,US,marketplace,Walking pad,Fitness,39.59,0.34,0.59,42,0.59,0.44,1
2026-08-11,US,news,Walking pad,Fitness,22.61,0.38,0.52,42,0.59,0.44,1
2026-08-11,US,search,Millet snacks,Food,42.69,0.41,0.79,32,0.38,0.29,1
2026-08-11,US,reddit,Millet snacks,Food,33.09,0.41,0.73,32,0.38,0.29,1
2026-08-11,US,youtube,Millet snacks,Food,58.68,0.48,0.75,32,0.38,0.29,1
2026-08-11,US,marketplace,Millet snacks,Food,41.28,0.44,0.77,32,0.38,0.29,1
2026-08-11,US,news,Millet snacks,Food,25.74,0.38,0.79,32,0.38,0.29,1
2026-08-11,US,search,Portable blender,Home,30.76,0.33,0.49,42,0.59,0.44,1
2026-08-11,US,reddit,Portable blender,Home,22.54,0.24,0.51,42,0.59,0.44,1
2026-08-11,US,youtube,Portable blender,Home,39.65,0.28,0.48,42,0.59,0.44,1
2026-08-11,US,marketplace,Portable blender,Home,27.64,0.33,0.44,42,0.59,0.44,1
2026-08-11,US,news,Portable blender,Home,16.29,0.34,0.5,42,0.59,0.44,1
2026-08-11,GB,search,Waterless skincare,Beauty,61.09,0.47,0.69,32,0.38,0.29,1
2026-08-11,GB,reddit,Waterless skincare,Beauty,42.7,0.57,0.71,32,0.38,0.29,1
2026-08-11,GB,youtube,Waterless skincare,Beauty,75.88,0.49,0.68,32,0.38,0.29,1
2026-08-11,GB,marketplace,Waterless skincare,Beauty,51.28,0.52,0.71,32,0.38,0.29,1
2026-08-11,GB,news,Waterless skincare,Beauty,33.44,0.52,0.7,32,0.38,0.29,1
2026-08-11,GB,search,Smart hydration bottle,Electronics,49.29,0.5,0.73,32,0.38,0.29,1
2026-08-11,GB,reddit,Smart hydration bottle,Electronics,38.16,0.44,0.67,32,0.38,0.29,1
2026-08-11,GB,youtube,Smart hydration bottle,Electronics,64.97,0.42,0.72,32,0.38,0.29,1
2026-08-11,GB,marketplace,Smart hydration bottle,Electronics,43.34,0.53,0.68,32,0.38,0.29,1
2026-08-11,GB,news,Smart hydration bottle,Electronics,24.86,0.42,0.71,32,0.38,0.29,1
2026-08-11,GB,search,Walking pad,Fitness,41.25,0.38,0.51,42,0.59,0.44,1
2026-08-11,GB,reddit,Walking pad,Fitness,29.29,0.36,0.5,42,0.59,0.44,1
2026-08-11,GB,youtube,Walking pad,Fitness,52.77,0.36,0.52,42,0.59,0.44,1
2026-08-11,GB,marketplace,Walking pad,Fitness,37.83,0.38,0.54,42,0.59,0.44,1
2026-08-11,GB,news,Walking pad,Fitness,23.74,0.37,0.52,42,0.59,0.44,1
2026-08-11,GB,search,Millet snacks,Food,40.52,0.41,0.79,32,0.38,0.29,1
2026-08-11,GB,reddit,Millet snacks,Food,31.94,0.4,0.8,32,0.38,0.29,1
2026-08-11,GB,youtube,Millet snacks,Food,57.31,0.41,0.78,32,0.38,0.29,1
2026-08-11,GB,marketplace,Millet snacks,Food,41.17,0.48,0.77,32,0.38,0.29,1
2026-08-11,GB,news,Millet snacks,Food,23.85,0.44,0.77,32,0.38,0.29,1
2026-08-11,GB,search,Portable blender,Home,29.96,0.34,0.49,42,0.59,0.44,1
2026-08-11,GB,reddit,Portable blender,Home,24.54,0.26,0.5,42,0.59,0.44,1
2026-08-11,GB,youtube,Portable blender,Home,41.63,0.35,0.45,42,0.59,0.44,1
2026-08-11,GB,marketplace,Portable blender,Home,29.96,0.29,0.5,42,0.59,0.44,1
2026-08-11,GB,news,Portable blender,Home,16.81,0.31,0.51,42,0.59,0.44,1
2026-08-11,EU,search,Waterless skincare,Beauty,66.39,0.58,0.76,32,0.38,0.29,1
2026-08-11,EU,reddit,Waterless skincare,Beauty,47.18,0.54,0.76,32,0.38,0.29,1
2026-08-11,EU,youtube,Waterless skincare,Beauty,90.19,0.53,0.67,32,0.38,0.29,1
2026-08-11,EU,marketplace,Waterless skincare,Beauty,60.12,0.58,0.67,32,0.38,0.29,1
2026-08-11,EU,news,Waterless skincare,Beauty,34.97,0.5,0.67,32,0.38,0.29,1
2026-08-11,EU,search,Smart hydration bottle,Electronics,48.65,0.46,0.67,32,0.38,0.29,1
2026-08-11,EU,reddit,Smart hydration bottle,Electronics,36.05,0.42,0.7,32,0.38,0.29,1
2026-08-11,EU,youtube,Smart hydration bottle,Electronics,60.73,0.52,0.69,32,0.38,0.29,1
2026-08-11,EU,marketplace,Smart hydration bottle,Electronics,44.89,0.49,0.69,32,0.38,0.29,1
2026-08-11,EU,news,Smart hydration bottle,Electronics,26.43,0.46,0.65,32,0.38,0.29,1
2026-08-11,EU,search,Walking pad,Fitness,38.4,0.41,0.52,42,0.59,0.44,1
2026-08-11,EU,reddit,Walking pad,Fitness,26.1,0.41,0.54,42,0.59,0.44,1
2026-08-11,EU,youtube,Walking pad,Fitness,47.1,0.31,0.52,42,0.59,0.44,1
2026-08-11,EU,marketplace,Walking pad,Fitness,32.2,0.38,0.51,42,0.59,0.44,1
2026-08-11,EU,news,Walking pad,Fitness,19.44,0.4,0.58,42,0.59,0.44,1
2026-08-11,EU,search,Millet snacks,Food,44.7,0.46,0.73,32,0.38,0.29,1
2026-08-11,EU,reddit,Millet snacks,Food,30.64,0.39,0.8,32,0.38,0.29,1
2026-08-11,EU,youtube,Millet snacks,Food,58.91,0.42,0.72,32,0.38,0.29,1
2026-08-11,EU,marketplace,Millet snacks,Food,41.16,0.42,0.71,32,0.38,0.29,1
2026-08-11,EU,news,Millet snacks,Food,22.35,0.39,0.8,32,0.38,0.29,1
2026-08-11,EU,search,Portable blender,Home,32.04,0.24,0.53,42,0.59,0.44,1
2026-08-11,EU,reddit,Portable blender,Home,26.56,0.35,0.44,42,0.59,0.44,1
2026-08-11,EU,youtube,Portable blender,Home,48.16,0.27,0.52,42,0.59,0.44,1
2026-08-11,EU,marketplace,Portable blender,Home,31.57,0.24,0.45,42,0.59,0.44,1
2026-08-11,EU,news,Portable blender,Home,19.77,0.34,0.46,42,0.59,0.44,1
2026-08-11,IN,search,Waterless skincare,Beauty,65.3,0.55,0.69,32,0.38,0.29,1
2026-08-11,IN,reddit,Waterless skincare,Beauty,48.88,0.51,0.75,32,0.38,0.29,1
2026-08-11,IN,youtube,Waterless skincare,Beauty,89.01,0.57,0.73,32,0.38,0.29,1
2026-08-11,IN,marketplace,Waterless skincare,Beauty,58.73,0.55,0.7,32,0.38,0.29,1
2026-08-11,IN,news,Waterless skincare,Beauty,36.85,0.54,0.7,32,0.38,0.29,1
2026-08-11,IN,search,Smart hydration bottle,Electronics,49.22,0.43,0.72,32,0.38,0.29,1
2026-08-11,IN,reddit,Smart hydration bottle,Electronics,36.96,0.47,0.72,32,0.38,0.29,1
2026-08-11,IN,youtube,Smart hydration bottle,Electronics,63.31,0.48,0.64,32,0.38,0.29,1
2026-08-11,IN,marketplace,Smart hydration bottle,Electronics,46.8,0.52,0.69,32,0.38,0.29,1
2026-08-11,IN,news,Smart hydration bottle,Electronics,28.36,0.43,0.66,32,0.38,0.29,1
2026-08-11,IN,search,Walking pad,Fitness,38.54,0.35,0.55,42,0.59,0.44,1
2026-08-11,IN,reddit,Walking pad,Fitness,27.16,0.37,0.55,42,0.59,0.44,1
2026-08-11,IN,youtube,Walking pad,Fitness,51.01,0.35,0.53,42,0.59,0.44,1
2026-08-11,IN,marketplace,Walking pad,Fitness,30.85,0.31,0.55,42,0.59,0.44,1
2026-08-11,IN,news,Walking pad,Fitness,20.36,0.39,0.59,42,0.59,0.44,1
2026-08-11,IN,search,Millet snacks,Food,57.46,0.48,0.74,32,0.38,0.29,1
2026-08-11,IN,reddit,Millet snacks,Food,42.39,0.43,0.78,32,0.38,0.29,1
2026-08-11,IN,youtube,Millet snacks,Food,74.55,0.48,0.79,32,0.38,0.29,1
2026-08-11,IN,marketplace,Millet snacks,Food,50.94,0.41,0.78,32,0.38,0.29,1
2026-08-11,IN,news,Millet snacks,Food,32.75,0.48,0.78,32,0.38,0.29,1
2026-08-11,IN,search,Portable blender,Home,31.44,0.25,0.46,42,0.59,0.44,1
2026-08-11,IN,reddit,Portable blender,Home,23.24,0.27,0.45,42,0.59,0.44,1
2026-08-11,IN,youtube,Portable blender,Home,41.39,0.29,0.52,42,0.59,0.44,1
2026-08-11,IN,marketplace,Portable blender,Home,28.63,0.28,0.51,42,0.59,0.44,1
2026-08-11,IN,news,Portable blender,Home,17.51,0.33,0.52,42,0.59,0.44,1
2026-08-12,US,search,Waterless skincare,Beauty,56.6,0.5,0.72,32,0.39,0.29,1
2026-08-12,US,reddit,Waterless skincare,Beauty,45.42,0.52,0.74,32,0.39,0.29,1
2026-08-12,US,youtube,Waterless skincare,Beauty,79.64,0.51,0.75,32,0.39,0.29,1
2026-08-12,US,marketplace,Waterless skincare,Beauty,50.45,0.55,0.72,32,0.39,0.29,1
2026-08-12,US,news,Waterless skincare,Beauty,31.7,0.52,0.71,32,0.39,0.29,1
2026-08-12,US,search,Smart hydration bottle,Electronics,61.75,0.46,0.72,32,0.39,0.29,1
2026-08-12,US,reddit,Smart hydration bottle,Electronics,41.65,0.44,0.67,32,0.39,0.29,1
2026-08-12,US,youtube,Smart hydration bottle,Electronics,83.11,0.5,0.71,32,0.39,0.29,1
2026-08-12,US,marketplace,Smart hydration bottle,Electronics,50.95,0.49,0.69,32,0.39,0.29,1
2026-08-12,US,news,Smart hydration bottle,Electronics,30.09,0.42,0.66,32,0.39,0.29,1
2026-08-12,US,search,Walking pad,Fitness,40.16,0.35,0.6,42,0.59,0.44,1
2026-08-12,US,reddit,Walking pad,Fitness,31.06,0.34,0.57,42,0.59,0.44,1
2026-08-12,US,youtube,Walking pad,Fitness,54.88,0.41,0.59,42,0.59,0.44,1
2026-08-12,US,marketplace,Walking pad,Fitness,38.81,0.32,0.54,42,0.59,0.44,1
2026-08-12,US,news,Walking pad,Fitness,21.67,0.37,0.58,42,0.59,0.44,1
2026-08-12,US,search,Millet snacks,Food,45.56,0.44,0.73,32,0.39,0.29,1
2026-08-12,US,reddit,Millet snacks,Food,32.79,0.41,0.8,32,0.39,0.29,1
2026-08-12,US,youtube,Millet snacks,Food,63.8,0.47,0.75,32,0.39,0.29,1
2026-08-12,US,marketplace,Millet snacks,Food,38.79,0.47,0.71,32,0.39,0.29,1
2026-08-12,US,news,Millet snacks,Food,23.83,0.47,0.8,32,0.39,0.29,1
2026-08-12,US,search,Portable blender,Home,33.44,0.29,0.5,42,0.59,0.44,1
2026-08-12,US,reddit,Portable blender,Home,23.14,0.26,0.44,42,0.59,0.44,1
2026-08-12,US,youtube,Portable blender,Home,40.98,0.28,0.44,42,0.59,0.44,1
2026-08-12,US,marketplace,Portable blender,Home,28.68,0.27,0.48,42,0.59,0.44,1
2026-08-12,US,news,Portable blender,Home,18.25,0.33,0.44,42,0.59,0.44,1
2026-08-12,GB,search,Waterless skincare,Beauty,57.95,0.5,0.73,32,0.39,0.29,1
2026-08-12,GB,reddit,Waterless skincare,Beauty,46.64,0.5,0.73,32,0.39,0.29,1
2026-08-12,GB,youtube,Waterless skincare,Beauty,78.83,0.56,0.76,32,0.39,0.29,1
2026-08-12,GB,marketplace,Waterless skincare,Beauty,56.06,0.57,0.71,32,0.39,0.29,1
2026-08-12,GB,news,Waterless skincare,Beauty,33.14,0.58,0.69,32,0.39,0.29,1
2026-08-12,GB,search,Smart hydration bottle,Electronics,47.32,0.53,0.7,32,0.39,0.29,1
2026-08-12,GB,reddit,Smart hydration bottle,Electronics,37.14,0.52,0.67,32,0.39,0.29,1
2026-08-12,GB,youtube,Smart hydration bottle,Electronics,65.12,0.48,0.71,32,0.39,0.29,1
2026-08-12,GB,marketplace,Smart hydration bottle,Electronics,42.49,0.42,0.73,32,0.39,0.29,1
2026-08-12,GB,news,Smart hydration bottle,Electronics,27.4,0.43,0.68,32,0.39,0.29,1
2026-08-12,GB,search,Walking pad,Fitness,43.21,0.31,0.52,42,0.59,0.44,1
2026-08-12,GB,reddit,Walking pad,Fitness,31.16,0.35,0.53,42,0.59,0.44,1
2026-08-12,GB,youtube,Walking pad,Fitness,56.07,0.35,0.52,42,0.59,0.44,1
2026-08-12,GB,marketplace,Walking pad,Fitness,38.19,0.38,0.56,42,0.59,0.44,1
2026-08-12,GB,news,Walking pad,Fitness,22.04,0.37,0.59,42,0.59,0.44,1
2026-08-12,GB,search,Millet snacks,Food,45.18,0.45,0.81,32,0.39,0.29,1
2026-08-12,GB,reddit,Millet snacks,Food,34.31,0.46,0.75,32,0.39,0.29,1
2026-08-12,GB,youtube,Millet snacks,Food,58.9,0.49,0.8,32,0.39,0.29,1
2026-08-12,GB,marketplace,Millet snacks,Food,41.79,0.44,0.77,32,0.39,0.29,1
2026-08-12,GB,news,Millet snacks,Food,22.32,0.39,0.75,32,0.39,0.29,1
2026-08-12,GB,search,Portable blender,Home,32.45,0.3,0.49,42,0.59,0.44,1
2026-08-12,GB,reddit,Portable blender,Home,22.05,0.28,0.45,42,0.59,0.44,1
2026-08-12,GB,youtube,Portable blender,Home,39.41,0.28,0.43,42,0.59,0.44,1
2026-08-12,GB,marketplace,Portable blender,Home,28.5,0.26,0.5,42,0.59,0.44,1
2026-08-12,GB,news,Portable blender,Home,16.52,0.26,0.49,42,0.59,0.44,1
2026-08-12,EU,search,Waterless skincare,Beauty,60.39,0.53,0.69,32,0.39,0.29,1
2026-08-12,EU,reddit,Waterless skincare,Beauty,43.71,0.54,0.69,32,0.39,0.29,1
2026-08-12,EU,youtube,Waterless skincare,Beauty,85.29,0.51,0.69,32,0.39,0.29,1
2026-08-12,EU,marketplace,Waterless skincare,Beauty,57.61,0.57,0.73,32,0.39,0.29,1
2026-08-12,EU,news,Waterless skincare,Beauty,35.01,0.52,0.7,32,0.39,0.29,1
2026-08-12,EU,search,Smart hydration bottle,Electronics,50.19,0.48,0.71,32,0.39,0.29,1
2026-08-12,EU,reddit,Smart hydration bottle,Electronics,35.03,0.47,0.67,32,0.39,0.29,1
2026-08-12,EU,youtube,Smart hydration bottle,Electronics,66.05,0.45,0.71,32,0.39,0.29,1
2026-08-12,EU,marketplace,Smart hydration bottle,Electronics,40.38,0.42,0.65,32,0.39,0.29,1
2026-08-12,EU,news,Smart hydration bottle,Electronics,26.05,0.43,0.66,32,0.39,0.29,1
2026-08-12,EU,search,Walking pad,Fitness,37.21,0.36,0.53,42,0.59,0.44,1
2026-08-12,EU,reddit,Walking pad,Fitness,26.15,0.39,0.54,42,0.59,0.44,1
2026-08-12,EU,youtube,Walking pad,Fitness,47.05,0.31,0.55,42,0.59,0.44,1
2026-08-12,EU,marketplace,Walking pad,Fitness,32.65,0.4,0.58,42,0.59,0.44,1
2026-08-12,EU,news,Walking pad,Fitness,20.52,0.38,0.54,42,0.59,0.44,1
2026-08-12,EU,search,Millet snacks,Food,41.29,0.45,0.78,32,0.39,0.29,1
2026-08-12,EU,reddit,Millet snacks,Food,32.22,0.46,0.76,32,0.39,0.29,1
2026-08-12,EU,youtube,Millet snacks,Food,57.4,0.48,0.74,32,0.39,0.29,1
2026-08-12,EU,marketplace,Millet snacks,Food,38.93,0.42,0.76,32,0.39,0.29,1
2026-08-12,EU,news,Millet snacks,Food,24.11,0.42,0.8,32,0.39,0.29,1
2026-08-12,EU,search,Portable blender,Home,33.05,0.31,0.53,42,0.59,0.44,1
2026-08-12,EU,reddit,Portable blender,Home,25.44,0.32,0.45,42,0.59,0.44,1
2026-08-12,EU,youtube,Portable blender,Home,47.33,0.27,0.47,42,0.59,0.44,1
2026-08-12,EU,marketplace,Portable blender,Home,29.44,0.25,0.49,42,0.59,0.44,1
2026-08-12,EU,news,Portable blender,Home,17.21,0.25,0.47,42,0.59,0.44,1
2026-08-12,IN,search,Waterless skincare,Beauty,67.91,0.55,0.75,32,0.39,0.29,1
2026-08-12,IN,reddit,Waterless skincare,Beauty,51.92,0.56,0.7,32,0.39,0.29,1
2026-08-12,IN,youtube,Waterless skincare,Beauty,93.66,0.51,0.71,32,0.39,0.29,1
2026-08-12,IN,marketplace,Waterless skincare,Beauty,62.78,0.52,0.77,32,0.39,0.29,1
2026-08-12,IN,news,Waterless skincare,Beauty,33.97,0.58,0.69,32,0.39,0.29,1
2026-08-12,IN,search,Smart hydration bottle,Electronics,46.62,0.51,0.64,32,0.39,0.29,1
2026-08-12,IN,reddit,Smart hydration bottle,Electronics,37.67,0.49,0.73,32,0.39,0.29,1
2026-08-12,IN,youtube,Smart hydration bottle,Electronics,67.63,0.45,0.69,32,0.39,0.29,1
2026-08-12,IN,marketplace,Smart hydration bottle,Electronics,41.94,0.52,0.65,32,0.39,0.29,1
2026-08-12,IN,news,Smart hydration bottle,Electronics,25.9,0.47,0.69,32,0.39,0.29,1
2026-08-12,IN,search,Walking pad,Fitness,35.36,0.42,0.57,42,0.59,0.44,1
2026-08-12,IN,reddit,Walking pad,Fitness,25.73,0.37,0.55,42,0.59,0.44,1
2026-08-12,IN,youtube,Walking pad,Fitness,47.95,0.41,0.55,42,0.59,0.44,1
2026-08-12,IN,marketplace,Walking pad,Fitness,32.09,0.37,0.51,42,0.59,0.44,1
2026-08-12,IN,news,Walking pad,Fitness,19.44,0.35,0.56,42,0.59,0.44,1
2026-08-12,IN,search,Millet snacks,Food,57.96,0.49,0.74,32,0.39,0.29,1
2026-08-12,IN,reddit,Millet snacks,Food,44.0,0.46,0.78,32,0.39,0.29,1
2026-08-12,IN,youtube,Millet snacks,Food,78.03,0.47,0.75,32,0.39,0.29,1
2026-08-12,IN,marketplace,Millet snacks,Food,52.98,0.44,0.77,32,0.39,0.29,1
2026-08-12,IN,news,Millet snacks,Food,28.9,0.49,0.74,32,0.39,0.29,1
2026-08-12,IN,search,Portable blender,Home,32.79,0.25,0.47,42,0.59,0.44,1
2026-08-12,IN,reddit,Portable blender,Home,24.26,0.31,0.46,42,0.59,0.44,1
2026-08-12,IN,youtube,Portable blender,Home,40.75,0.31,0.45,42,0.59,0.44,1
2026-08-12,IN,marketplace,Portable blender,Home,27.79,0.26,0.48,42,0.59,0.44,1
2026-08-12,IN,news,Portable blender,Home,16.87,0.25,0.53,42,0.59,0.44,1
2026-08-13,US,search,Waterless skincare,Beauty,56.6,0.57,0.75,32,0.39,0.29,1
2026-08-13,US,reddit,Waterless skincare,Beauty,41.37,0.47,0.69,32,0.39,0.29,1
2026-08-13,US,youtube,Waterless skincare,Beauty,83.24,0.52,0.71,32,0.39,0.29,1
2026-08-13,US,marketplace,Waterless skincare,Beauty,51.68,0.47,0.71,32,0.39,0.29,1
2026-08-13,US,news,Waterless skincare,Beauty,29.78,0.5,0.73,32,0.39,0.29,1
2026-08-13,US,search,Smart hydration bottle,Electronics,55.33,0.53,0.66,32,0.39,0.29,1
2026-08-13,US,reddit,Smart hydration bottle,Electronics,46.74,0.42,0.66,32,0.39,0.29,1
2026-08-13,US,youtube,Smart hydration bottle,Electronics,77.81,0.43,0.65,32,0.39,0.29,1
2026-08-13,US,marketplace,Smart hydration bottle,Electronics,55.61,0.48,0.63,32,0.39,0.29,1
2026-08-13,US,news,Smart hydration bottle,Electronics,30.41,0.45,0.65,32,0.39,0.29,1
2026-08-13,US,search,Walking pad,Fitness,39.17,0.33,0.56,43,0.6,0.45,1
2026-08-13,US,reddit,Walking pad,Fitness,32.31,0.36,0.54,43,0.6,0.45,1
2026-08-13,US,youtube,Walking pad,Fitness,56.94,0.33,0.59,43,0.6,0.45,1
2026-08-13,US,marketplace,Walking pad,Fitness,37.76,0.39,0.5,43,0.6,0.45,1
2026-08-13,US,news,Walking pad,Fitness,21.84,0.33,0.55,43,0.6,0.45,1
2026-08-13,US,search,Millet snacks,Food,41.4,0.38,0.81,32,0.39,0.29,1
2026-08-13,US,reddit,Millet snacks,Food,34.78,0.45,0.72,32,0.39,0.29,1
2026-08-13,US,youtube,Millet snacks,Food,62.8,0.38,0.75,32,0.39,0.29,1
2026-08-13,US,marketplace,Millet snacks,Food,37.96,0.39,0.74,32,0.39,0.29,1
2026-08-13,US,news,Millet snacks,Food,24.34,0.48,0.79,32,0.39,0.29,1
2026-08-13,US,search,Portable blender,Home,32.95,0.3,0.51,43,0.6,0.45,1
2026-08-13,US,reddit,Portable blender,Home,22.9,0.31,0.46,43,0.6,0.45,1
2026-08-13,US,youtube,Portable blender,Home,39.87,0.24,0.45,43,0.6,0.45,1
2026-08-13,US,marketplace,Portable blender,Home,28.47,0.29,0.53,43,0.6,0.45,1
2026-08-13,US,news,Portable blender,Home,17.85,0.26,0.52,43,0.6,0.45,1
2026-08-13,GB,search,Waterless skincare,Beauty,59.9,0.48,0.7,32,0.39,0.29,1
2026-08-13,GB,reddit,Waterless skincare,Beauty,47.21,0.54,0.72,32,0.39,0.29,1
2026-08-13,GB,youtube,Waterless skincare,Beauty,85.31,0.55,0.68,32,0.39,0.29,1
2026-08-13,GB,marketplace,Waterless skincare,Beauty,50.41,0.47,0.73,32,0.39,0.29,1
2026-08-13,GB,news,Waterless skincare,Beauty,31.33,0.57,0.68,32,0.39,0.29,1
2026-08-13,GB,search,Smart hydration bottle,Electronics,47.5,0.49,0.66,32,0.39,0.29,1
2026-08-13,GB,reddit,Smart hydration bottle,Electronics,37.66,0.44,0.68,32,0.39,0.29,1
2026-08-13,GB,youtube,Smart hydration bottle,Electronics,63.05,0.47,0.73,32,0.39,0.29,1
2026-08-13,GB,marketplace,Smart hydration bottle,Electronics,41.26,0.45,0.64,32,0.39,0.29,1
2026-08-13,GB,news,Smart hydration bottle,Electronics,25.11,0.45,0.71,32,0.39,0.29,1
2026-08-13,GB,search,Walking pad,Fitness,39.67,0.36,0.54,43,0.6,0.45,1
2026-08-13,GB,reddit,Walking pad,Fitness,32.7,0.33,0.52,43,0.6,0.45,1
2026-08-13,GB,youtube,Walking pad,Fitness,52.82,0.36,0.54,43,0.6,0.45,1
2026-08-13,GB,marketplace,Walking pad,Fitness,37.43,0.36,0.51,43,0.6,0.45,1
2026-08-13,GB,news,Walking pad,Fitness,22.7,0.35,0.51,43,0.6,0.45,1
2026-08-13,GB,search,Millet snacks,Food,43.15,0.4,0.72,32,0.39,0.29,1
2026-08-13,GB,reddit,Millet snacks,Food,31.39,0.45,0.76,32,0.39,0.29,1
2026-08-13,GB,youtube,Millet snacks,Food,54.98,0.43,0.74,32,0.39,0.29,1
2026-08-13,GB,marketplace,Millet snacks,Food,36.38,0.49,0.75,32,0.39,0.29,1
2026-08-13,GB,news,Millet snacks,Food,24.71,0.48,0.78,32,0.39,0.29,1
2026-08-13,GB,search,Portable blender,Home,30.73,0.29,0.47,43,0.6,0.45,1
2026-08-13,GB,reddit,Portable blender,Home,21.64,0.29,0.44,43,0.6,0.45,1
2026-08-13,GB,youtube,Portable blender,Home,39.34,0.26,0.5,43,0.6,0.45,1
2026-08-13,GB,marketplace,Portable blender,Home,26.31,0.28,0.52,43,0.6,0.45,1
2026-08-13,GB,news,Portable blender,Home,17.29,0.33,0.53,43,0.6,0.45,1
2026-08-13,EU,search,Waterless skincare,Beauty,61.56,0.56,0.73,32,0.39,0.29,1
2026-08-13,EU,reddit,Waterless skincare,Beauty,45.28,0.54,0.69,32,0.39,0.29,1
2026-08-13,EU,youtube,Waterless skincare,Beauty,86.25,0.5,0.72,32,0.39,0.29,1
2026-08-13,EU,marketplace,Waterless skincare,Beauty,58.32,0.54,0.77,32,0.39,0.29,1
2026-08-13,EU,news,Waterless skincare,Beauty,36.3,0.51,0.72,32,0.39,0.29,1
2026-08-13,EU,search,Smart hydration bottle,Electronics,44.33,0.47,0.66,32,0.39,0.29,1
2026-08-13,EU,reddit,Smart hydration bottle,Electronics,33.69,0.43,0.68,32,0.39,0.29,1
2026-08-13,EU,youtube,Smart hydration bottle,Electronics,59.64,0.45,0.67,32,0.39,0.29,1
2026-08-13,EU,marketplace,Smart hydration bottle,Electronics,41.15,0.5,0.71,32,0.39,0.29,1
2026-08-13,EU,news,Smart hydration bottle,Electronics,26.47,0.5,0.7,32,0.39,0.29,1
2026-08-13,EU,search,Walking pad,Fitness,36.21,0.32,0.5,43,0.6,0.45,1
2026-08-13,EU,reddit,Walking pad,Fitness,25.26,0.4,0.59,43,0.6,0.45,1
2026-08-13,EU,youtube,Walking pad,Fitness,47.19,0.34,0.55,43,0.6,0.45,1
2026-08-13,EU,marketplace,Walking pad,Fitness,33.52,0.32,0.56,43,0.6,0.45,1
2026-08-13,EU,news,Walking pad,Fitness,18.86,0.35,0.54,43,0.6,0.45,1
2026-08-13,EU,search,Millet snacks,Food,41.28,0.5,0.73,32,0.39,0.29,1
2026-08-13,EU,reddit,Millet snacks,Food,30.91,0.42,0.78,32,0.39,0.29,1
2026-08-13,EU,youtube,Millet snacks,Food,56.7,0.42,0.76,32,0.39,0.29,1
2026-08-13,EU,marketplace,Millet snacks,Food,40.51,0.38,0.79,32,0.39,0.29,1
2026-08-13,EU,news,Millet snacks,Food,24.85,0.39,0.79,32,0.39,0.29,1
2026-08-13,EU,search,Portable blender,Home,32.3,0.29,0.47,43,0.6,0.45,1
2026-08-13,EU,reddit,Portable blender,Home,25.55,0.25,0.51,43,0.6,0.45,1
2026-08-13,EU,youtube,Portable blender,Home,42.01,0.35,0.46,43,0.6,0.45,1
2026-08-13,EU,marketplace,Portable blender,Home,28.22,0.33,0.46,43,0.6,0.45,1
2026-08-13,EU,news,Portable blender,Home,18.89,0.31,0.49,43,0.6,0.45,1
2026-08-13,IN,search,Waterless skincare,Beauty,66.99,0.56,0.76,32,0.39,0.29,1
2026-08-13,IN,reddit,Waterless skincare,Beauty,51.89,0.54,0.73,32,0.39,0.29,1
2026-08-13,IN,youtube,Waterless skincare,Beauty,87.85,0.51,0.75,32,0.39,0.29,1
2026-08-13,IN,marketplace,Waterless skincare,Beauty,59.13,0.51,0.68,32,0.39,0.29,1
2026-08-13,IN,news,Waterless skincare,Beauty,35.33,0.51,0.67,32,0.39,0.29,1
2026-08-13,IN,search,Smart hydration bottle,Electronics,49.81,0.47,0.7,32,0.39,0.29,1
2026-08-13,IN,reddit,Smart hydration bottle,Electronics,39.23,0.51,0.65,32,0.39,0.29,1
2026-08-13,IN,youtube,Smart hydration bottle,Electronics,68.72,0.42,0.64,32,0.39,0.29,1
2026-08-13,IN,marketplace,Smart hydration bottle,Electronics,43.24,0.46,0.71,32,0.39,0.29,1
2026-08-13,IN,news,Smart hydration bottle,Electronics,25.43,0.46,0.71,32,0.39,0.29,1
2026-08-13,IN,search,Walking pad,Fitness,34.81,0.39,0.51,43,0.6,0.45,1
2026-08-13,IN,reddit,Walking pad,Fitness,27.64,0.43,0.54,43,0.6,0.45,1
2026-08-13,IN,youtube,Walking pad,Fitness,50.12,0.31,0.56,43,0.6,0.45,1
2026-08-13,IN,marketplace,Walking pad,Fitness,34.21,0.39,0.5,43,0.6,0.45,1
2026-08-13,IN,news,Walking pad,Fitness,19.6,0.39,0.56,43,0.6,0.45,1
2026-08-13,IN,search,Millet snacks,Food,59.78,0.48,0.79,32,0.39,0.29,1
2026-08-13,IN,reddit,Millet snacks,Food,45.14,0.42,0.73,32,0.39,0.29,1
2026-08-13,IN,youtube,Millet snacks,Food,79.78,0.44,0.78,32,0.39,0.29,1
2026-08-13,IN,marketplace,Millet snacks,Food,53.27,0.5,0.8,32,0.39,0.29,1
2026-08-13,IN,news,Millet snacks,Food,28.88,0.41,0.73,32,0.39,0.29,1
2026-08-13,IN,search,Portable blender,Home,28.96,0.3,0.49,43,0.6,0.45,1
2026-08-13,IN,reddit,Portable blender,Home,23.07,0.31,0.5,43,0.6,0.45,1
2026-08-13,IN,youtube,Portable blender,Home,41.67,0.3,0.51,43,0.6,0.45,1
2026-08-13,IN,marketplace,Portable blender,Home,27.62,0.33,0.53,43,0.6,0.45,1
2026-08-13,IN,news,Portable blender,Home,17.88,0.31,0.51,43,0.6,0.45,1
2026-08-14,US,search,Waterless skincare,Beauty,60.4,0.47,0.73,32,0.39,0.29,1
2026-08-14,US,reddit,Waterless skincare,Beauty,43.44,0.56,0.74,32,0.39,0.29,1
2026-08-14,US,youtube,Waterless skincare,Beauty,72.87,0.53,0.76,32,0.39,0.29,1
2026-08-14,US,marketplace,Waterless skincare,Beauty,50.0,0.56,0.73,32,0.39,0.29,1
2026-08-14,US,news,Waterless skincare,Beauty,29.88,0.49,0.73,32,0.39,0.29,1
2026-08-14,US,search,Smart hydration bottle,Electronics,61.18,0.42,0.68,32,0.39,0.29,1
2026-08-14,US,reddit,Smart hydration bottle,Electronics,41.17,0.44,0.64,32,0.39,0.29,1
2026-08-14,US,youtube,Smart hydration bottle,Electronics,81.22,0.5,0.68,32,0.39,0.29,1
2026-08-14,US,marketplace,Smart hydration bottle,Electronics,51.59,0.52,0.7,32,0.39,0.29,1
2026-08-14,US,news,Smart hydration bottle,Electronics,33.09,0.47,0.71,32,0.39,0.29,1
2026-08-14,US,search,Walking pad,Fitness,42.77,0.4,0.51,44,0.6,0.45,1
2026-08-14,US,reddit,Walking pad,Fitness,31.31,0.36,0.57,44,0.6,0.45,1
2026-08-14,US,youtube,Walking pad,Fitness,55.08,0.41,0.51,44,0.6,0.45,1
2026-08-14,US,marketplace,Walking pad,Fitness,37.01,0.36,0.57,44,0.6,0.45,1
2026-08-14,US,news,Walking pad,Fitness,23.16,0.42,0.53,44,0.6,0.45,1
2026-08-14,US,search,Millet snacks,Food,41.45,0.44,0.73,32,0.39,0.29,1
2026-08-14,US,reddit,Millet snacks,Food,32.44,0.45,0.75,32,0.39,0.29,1
2026-08-14,US,youtube,Millet snacks,Food,62.42,0.46,0.81,32,0.39,0.29,1
2026-08-14,US,marketplace,Millet snacks,Food,41.72,0.4,0.75,32,0.39,0.29,1
2026-08-14,US,news,Millet snacks,Food,25.49,0.48,0.81,32,0.39,0.29,1
2026-08-14,US,search,Portable blender,Home,30.35,0.26,0.52,44,0.6,0.45,1
2026-08-14,US,reddit,Portable blender,Home,24.27,0.35,0.5,44,0.6,0.45,1
2026-08-14,US,youtube,Portable blender,Home,43.48,0.32,0.51,44,0.6,0.45,1
2026-08-14,US,marketplace,Portable blender,Home,28.25,0.28,0.43,44,0.6,0.45,1
2026-08-14,US,news,Portable blender,Home,16.66,0.29,0.5,44,0.6,0.45,1
2026-08-14,GB,search,Waterless skincare,Beauty,63.08,0.55,0.71,32,0.39,0.29,1
2026-08-14,GB,reddit,Waterless skincare,Beauty,44.75,0.5,0.68,32,0.39,0.29,1
2026-08-14,GB,youtube,Waterless skincare,Beauty,76.68,0.47,0.74,32,0.39,0.29,1
2026-08-14,GB,marketplace,Waterless skincare,Beauty,52.11,0.51,0.77,32,0.39,0.29,1
2026-08-14,GB,news,Waterless skincare,Beauty,32.94,0.53,0.71,32,0.39,0.29,1
2026-08-14,GB,search,Smart hydration bottle,Electronics,51.37,0.53,0.7,32,0.39,0.29,1
2026-08-14,GB,reddit,Smart hydration bottle,Electronics,38.32,0.49,0.66,32,0.39,0.29,1
2026-08-14,GB,youtube,Smart hydration bottle,Electronics,65.27,0.46,0.69,32,0.39,0.29,1
2026-08-14,GB,marketplace,Smart hydration bottle,Electronics,43.84,0.51,0.65,32,0.39,0.29,1
2026-08-14,GB,news,Smart hydration bottle,Electronics,25.14,0.42,0.64,32,0.39,0.29,1
2026-08-14,GB,search,Walking pad,Fitness,39.59,0.39,0.59,44,0.6,0.45,1
2026-08-14,GB,reddit,Walking pad,Fitness,30.67,0.38,0.51,44,0.6,0.45,1
2026-08-14,GB,youtube,Walking pad,Fitness,58.2,0.32,0.51,44,0.6,0.45,1
2026-08-14,GB,marketplace,Walking pad,Fitness,36.77,0.38,0.52,44,0.6,0.45,1
2026-08-14,GB,news,Walking pad,Fitness,22.31,0.39,0.52,44,0.6,0.45,1
2026-08-14,GB,search,Millet snacks,Food,40.73,0.47,0.76,32,0.39,0.29,1
2026-08-14,GB,reddit,Millet snacks,Food,31.18,0.42,0.75,32,0.39,0.29,1
2026-08-14,GB,youtube,Millet snacks,Food,55.44,0.47,0.78,32,0.39,0.29,1
2026-08-14,GB,marketplace,Millet snacks,Food,38.84,0.41,0.74,32,0.39,0.29,1
2026-08-14,GB,news,Millet snacks,Food,23.25,0.43,0.73,32,0.39,0.29,1
2026-08-14,GB,search,Portable blender,Home,29.22,0.32,0.51,44,0.6,0.45,1
2026-08-14,GB,reddit,Portable blender,Home,24.57,0.27,0.48,44,0.6,0.45,1
2026-08-14,GB,youtube,Portable blender,Home,39.32,0.3,0.47,44,0.6,0.45,1
2026-08-14,GB,marketplace,Portable blender,Home,29.09,0.31,0.46,44,0.6,0.45,1
2026-08-14,GB,news,Portable blender,Home,16.62,0.29,0.49,44,0.6,0.45,1
2026-08-14,EU,search,Waterless skincare,Beauty,59.83,0.48,0.73,32,0.39,0.29,1
2026-08-14,EU,reddit,Waterless skincare,Beauty,44.33,0.54,0.72,32,0.39,0.29,1
2026-08-14,EU,youtube,Waterless skincare,Beauty,82.79,0.57,0.75,32,0.39,0.29,1
2026-08-14,EU,marketplace,Waterless skincare,Beauty,57.03,0.49,0.74,32,0.39,0.29,1
2026-08-14,EU,news,Waterless skincare,Beauty,36.19,0.5,0.75,32,0.39,0.29,1
2026-08-14,EU,search,Smart hydration bottle,Electronics,48.18,0.45,0.73,32,0.39,0.29,1
2026-08-14,EU,reddit,Smart hydration bottle,Electronics,36.36,0.47,0.68,32,0.39,0.29,1
2026-08-14,EU,youtube,Smart hydration bottle,Electronics,66.8,0.42,0.66,32,0.39,0.29,1
2026-08-14,EU,marketplace,Smart hydration bottle,Electronics,39.95,0.43,0.66,32,0.39,0.29,1
2026-08-14,EU,news,Smart hydration bottle,Electronics,25.24,0.45,0.66,32,0.39,0.29,1
2026-08-14,EU,search,Walking pad,Fitness,35.67,0.39,0.51,44,0.6,0.45,1
2026-08-14,EU,reddit,Walking pad,Fitness,26.11,0.35,0.59,44,0.6,0.45,1
2026-08-14,EU,youtube,Walking pad,Fitness,45.72,0.42,0.52,44,0.6,0.45,1
2026-08-14,EU,marketplace,Walking pad,Fitness,32.63,0.37,0.57,44,0.6,0.45,1
2026-08-14,EU,news,Walking pad,Fitness,18.76,0.38,0.59,44,0.6,0.45,1
2026-08-14,EU,search,Millet snacks,Food,42.37,0.42,0.75,32,0.39,0.29,1
2026-08-14,EU,reddit,Millet snacks,Food,33.71,0.41,0.73,32,0.39,0.29,1
2026-08-14,EU,youtube,Millet snacks,Food,54.38,0.44,0.8,32,0.39,0.29,1
2026-08-14,EU,marketplace,Millet snacks,Food,39.96,0.5,0.79,32,0.39,0.29,1
2026-08-14,EU,news,Millet snacks,Food,23.59,0.42,0.75,32,0.39,0.29,1
2026-08-14,EU,search,Portable blender,Home,34.38,0.26,0.52,44,0.6,0.45,1
2026-08-14,EU,reddit,Portable blender,Home,25.38,0.27,0.51,44,0.6,0.45,1
2026-08-14,EU,youtube,Portable blender,Home,42.03,0.32,0.43,44,0.6,0.45,1
2026-08-14,EU,marketplace,Portable blender,Home,28.38,0.29,0.5,44,0.6,0.45,1
2026-08-14,EU,news,Portable blender,Home,18.18,0.31,0.46,44,0.6,0.45,1
2026-08-14,IN,search,Waterless skincare,Beauty,68.51,0.48,0.76,32,0.39,0.29,1
2026-08-14,IN,reddit,Waterless skincare,Beauty,45.61,0.56,0.75,32,0.39,0.29,1
2026-08-14,IN,youtube,Waterless skincare,Beauty,88.33,0.57,0.73,32,0.39,0.29,1
2026-08-14,IN,marketplace,Waterless skincare,Beauty,59.76,0.57,0.73,32,0.39,0.29,1
2026-08-14,IN,news,Waterless skincare,Beauty,34.52,0.48,0.75,32,0.39,0.29,1
2026-08-14,IN,search,Smart hydration bottle,Electronics,49.9,0.44,0.67,32,0.39,0.29,1
2026-08-14,IN,reddit,Smart hydration bottle,Electronics,39.1,0.44,0.66,32,0.39,0.29,1
2026-08-14,IN,youtube,Smart hydration bottle,Electronics,66.21,0.49,0.64,32,0.39,0.29,1
2026-08-14,IN,marketplace,Smart hydration bottle,Electronics,43.04,0.47,0.72,32,0.39,0.29,1
2026-08-14,IN,news,Smart hydration bottle,Electronics,26.21,0.46,0.64,32,0.39,0.29,1
2026-08-14,IN,search,Walking pad,Fitness,34.14,0.42,0.54,44,0.6,0.45,1
2026-08-14,IN,reddit,Walking pad,Fitness,28.46,0.41,0.52,44,0.6,0.45,1
2026-08-14,IN,youtube,Walking pad,Fitness,46.74,0.41,0.53,44,0.6,0.45,1
2026-08-14,IN,marketplace,Walking pad,Fitness,31.78,0.36,0.52,44,0.6,0.45,1
2026-08-14,IN,news,Walking pad,Fitness,21.06,0.42,0.58,44,0.6,0.45,1
2026-08-14,IN,search,Millet snacks,Food,55.0,0.41,0.75,32,0.39,0.29,1
2026-08-14,IN,reddit,Millet snacks,Food,43.42,0.4,0.78,32,0.39,0.29,1
2026-08-14,IN,youtube,Millet snacks,Food,76.68,0.38,0.79,32,0.39,0.29,1
2026-08-14,IN,marketplace,Millet snacks,Food,47.67,0.43,0.78,32,0.39,0.29,1
2026-08-14,IN,news,Millet snacks,Food,29.76,0.43,0.8,32,0.39,0.29,1
2026-08-14,IN,search,Portable blender,Home,32.68,0.33,0.52,44,0.6,0.45,1
2026-08-14,IN,reddit,Portable blender,Home,24.23,0.27,0.5,44,0.6,0.45,1
2026-08-14,IN,youtube,Portable blender,Home,42.96,0.24,0.44,44,0.6,0.45,1
2026-08-14,IN,marketplace,Portable blender,Home,28.91,0.35,0.48,44,0.6,0.45,1
2026-08-14,IN,news,Portable blender,Home,18.13,0.24,0.49,44,0.6,0.45,1
2026-08-15,US,search,Waterless skincare,Beauty,60.01,0.47,0.69,33,0.39,0.29,1
2026-08-15,US,reddit,Waterless skincare,Beauty,41.12,0.49,0.75,33,0.39,0.29,1
2026-08-15,US,youtube,Waterless skincare,Beauty,73.49,0.48,0.76,33,0.39,0.29,1
2026-08-15,US,marketplace,Waterless skincare,Beauty,49.58,0.54,0.72,33,0.39,0.29,1
2026-08-15,US,news,Waterless skincare,Beauty,31.34,0.51,0.67,33,0.39,0.29,1
2026-08-15,US,search,Smart hydration bottle,Electronics,59.34,0.47,0.7,33,0.39,0.29,1
2026-08-15,US,reddit,Smart hydration bottle,Electronics,41.31,0.5,0.72,33,0.39,0.29,1
2026-08-15,US,youtube,Smart hydration bottle,Electronics,76.38,0.44,0.7,33,0.39,0.29,1
2026-08-15,US,marketplace,Smart hydration bottle,Electronics,52.14,0.46,0.71,33,0.39,0.29,1
2026-08-15,US,news,Smart hydration bottle,Electronics,30.54,0.46,0.72,33,0.39,0.29,1
2026-08-15,US,search,Walking pad,Fitness,42.22,0.32,0.59,44,0.6,0.45,1
2026-08-15,US,reddit,Walking pad,Fitness,31.22,0.41,0.56,44,0.6,0.45,1
2026-08-15,US,youtube,Walking pad,Fitness,54.23,0.38,0.57,44,0.6,0.45,1
2026-08-15,US,marketplace,Walking pad,Fitness,37.62,0.37,0.56,44,0.6,0.45,1
2026-08-15,US,news,Walking pad,Fitness,22.92,0.33,0.58,44,0.6,0.45,1
2026-08-15,US,search,Millet snacks,Food,44.79,0.4,0.79,33,0.39,0.29,1
2026-08-15,US,reddit,Millet snacks,Food,34.85,0.46,0.72,33,0.39,0.29,1
2026-08-15,US,youtube,Millet snacks,Food,57.88,0.45,0.8,33,0.39,0.29,1
2026-08-15,US,marketplace,Millet snacks,Food,38.52,0.39,0.72,33,0.39,0.29,1
2026-08-15,US,news,Millet snacks,Food,22.64,0.39,0.79,33,0.39,0.29,1
2026-08-15,US,search,Portable blender,Home,32.65,0.32,0.47,44,0.6,0.45,1
2026-08-15,US,reddit,Portable blender,Home,23.25,0.26,0.44,44,0.6,0.45,1
2026-08-15,US,youtube,Portable blender,Home,43.46,0.28,0.45,44,0.6,0.45,1
2026-08-15,US,marketplace,Portable blender,Home,29.17,0.33,0.51,44,0.6,0.45,1
2026-08-15,US,news,Portable blender,Home,15.76,0.29,0.52,44,0.6,0.45,1
2026-08-15,GB,search,Waterless skincare,Beauty,56.95,0.53,0.72,33,0.39,0.29,1
2026-08-15,GB,reddit,Waterless skincare,Beauty,43.66,0.5,0.73,33,0.39,0.29,1
2026-08-15,GB,youtube,Waterless skincare,Beauty,80.85,0.58,0.71,33,0.39,0.29,1
2026-08-15,GB,marketplace,Waterless skincare,Beauty,52.85,0.5,0.68,33,0.39,0.29,1
2026-08-15,GB,news,Waterless skincare,Beauty,33.12,0.52,0.76,33,0.39,0.29,1
2026-08-15,GB,search,Smart hydration bottle,Electronics,48.65,0.44,0.67,33,0.39,0.29,1
2026-08-15,GB,reddit,Smart hydration bottle,Electronics,37.94,0.45,0.69,33,0.39,0.29,1
2026-08-15,GB,youtube,Smart hydration bottle,Electronics,61.17,0.46,0.73,33,0.39,0.29,1
2026-08-15,GB,marketplace,Smart hydration bottle,Electronics,44.36,0.48,0.73,33,0.39,0.29,1
2026-08-15,GB,news,Smart hydration bottle,Electronics,28.12,0.44,0.64,33,0.39,0.29,1
2026-08-15,GB,search,Walking pad,Fitness,38.85,0.39,0.59,44,0.6,0.45,1
2026-08-15,GB,reddit,Walking pad,Fitness,29.07,0.31,0.53,44,0.6,0.45,1
2026-08-15,GB,youtube,Walking pad,Fitness,52.62,0.32,0.54,44,0.6,0.45,1
2026-08-15,GB,marketplace,Walking pad,Fitness,38.91,0.4,0.59,44,0.6,0.45,1
2026-08-15,GB,news,Walking pad,Fitness,21.75,0.33,0.53,44,0.6,0.45,1
2026-08-15,GB,search,Millet snacks,Food,44.43,0.38,0.72,33,0.39,0.29,1
2026-08-15,GB,reddit,Millet snacks,Food,34.08,0.48,0.8,33,0.39,0.29,1
2026-08-15,GB,youtube,Millet snacks,Food,57.37,0.49,0.76,33,0.39,0.29,1
2026-08-15,GB,marketplace,Millet snacks,Food,36.54,0.41,0.79,33,0.39,0.29,1
2026-08-15,GB,news,Millet snacks,Food,22.09,0.4,0.73,33,0.39,0.29,1
2026-08-15,GB,search,Portable blender,Home,31.98,0.33,0.46,44,0.6,0.45,1
2026-08-15,GB,reddit,Portable blender,Home,22.08,0.29,0.51,44,0.6,0.45,1
2026-08-15,GB,youtube,Portable blender,Home,43.05,0.29,0.43,44,0.6,0.45,1
2026-08-15,GB,marketplace,Portable blender,Home,28.54,0.31,0.5,44,0.6,0.45,1
2026-08-15,GB,news,Portable blender,Home,17.16,0.31,0.5,44,0.6,0.45,1
2026-08-15,EU,search,Waterless skincare,Beauty,63.53,0.52,0.73,33,0.39,0.29,1
2026-08-15,EU,reddit,Waterless skincare,Beauty,49.75,0.51,0.71,33,0.39,0.29,1
2026-08-15,EU,youtube,Waterless skincare,Beauty,84.33,0.47,0.72,33,0.39,0.29,1
2026-08-15,EU,marketplace,Waterless skincare,Beauty,59.44,0.56,0.72,33,0.39,0.29,1
2026-08-15,EU,news,Waterless skincare,Beauty,32.74,0.46,0.74,33,0.39,0.29,1
2026-08-15,EU,search,Smart hydration bottle,Electronics,44.97,0.45,0.7,33,0.39,0.29,1
2026-08-15,EU,reddit,Smart hydration bottle,Electronics,32.94,0.51,0.7,33,0.39,0.29,1
2026-08-15,EU,youtube,Smart hydration bottle,Electronics,66.97,0.46,0.64,33,0.39,0.29,1
2026-08-15,EU,marketplace,Smart hydration bottle,Electronics,43.49,0.51,0.71,33,0.39,0.29,1
2026-08-15,EU,news,Smart hydration bottle,Electronics,26.67,0.47,0.72,33,0.39,0.29,1
2026-08-15,EU,search,Walking pad,Fitness,34.36,0.36,0.6,44,0.6,0.45,1
2026-08-15,EU,reddit,Walking pad,Fitness,26.0,0.33,0.53,44,0.6,0.45,1
2026-08-15,EU,youtube,Walking pad,Fitness,50.42,0.36,0.58,44,0.6,0.45,1
2026-08-15,EU,marketplace,Walking pad,Fitness,34.08,0.38,0.52,44,0.6,0.45,1
2026-08-15,EU,news,Walking pad,Fitness,18.61,0.43,0.54,44,0.6,0.45,1
2026-08-15,EU,search,Millet snacks,Food,43.83,0.47,0.78,33,0.39,0.29,1
2026-08-15,EU,reddit,Millet snacks,Food,32.24,0.42,0.73,33,0.39,0.29,1
2026-08-15,EU,youtube,Millet snacks,Food,57.82,0.39,0.77,33,0.39,0.29,1
2026-08-15,EU,marketplace,Millet snacks,Food,39.83,0.44,0.73,33,0.39,0.29,1
2026-08-15,EU,news,Millet snacks,Food,22.99,0.4,0.78,33,0.39,0.29,1
2026-08-15,EU,search,Portable blender,Home,31.38,0.34,0.48,44,0.6,0.45,1
2026-08-15,EU,reddit,Portable blender,Home,24.43,0.24,0.52,44,0.6,0.45,1
2026-08-15,EU,youtube,Portable blender,Home,45.91,0.24,0.45,44,0.6,0.45,1
2026-08-15,EU,marketplace,Portable blender,Home,31.18,0.28,0.52,44,0.6,0.45,1
2026-08-15,EU,news,Portable blender,Home,18.8,0.26,0.48,44,0.6,0.45,1
2026-08-15,IN,search,Waterless skincare,Beauty,66.29,0.53,0.68,33,0.39,0.29,1
2026-08-15,IN,reddit,Waterless skincare,Beauty,46.14,0.51,0.73,33,0.39,0.29,1
2026-08-15,IN,youtube,Waterless skincare,Beauty,84.37,0.47,0.69,33,0.39,0.29,1
2026-08-15,IN,marketplace,Waterless skincare,Beauty,56.76,0.54,0.74,33,0.39,0.29,1
2026-08-15,IN,news,Waterless skincare,Beauty,35.17,0.56,0.77,33,0.39,0.29,1
2026-08-15,IN,search,Smart hydration bottle,Electronics,52.31,0.42,0.68,33,0.39,0.29,1
2026-08-15,IN,reddit,Smart hydration bottle,Electronics,34.15,0.48,0.72,33,0.39,0.29,1
2026-08-15,IN,youtube,Smart hydration bottle,Electronics,69.75,0.48,0.7,33,0.39,0.29,1
2026-08-15,IN,marketplace,Smart hydration bottle,Electronics,44.69,0.51,0.67,33,0.39,0.29,1
2026-08-15,IN,news,Smart hydration bottle,Electronics,27.96,0.47,0.68,33,0.39,0.29,1
2026-08-15,IN,search,Walking pad,Fitness,37.02,0.36,0.58,44,0.6,0.45,1
2026-08-15,IN,reddit,Walking pad,Fitness,26.0,0.42,0.58,44,0.6,0.45,1
2026-08-15,IN,youtube,Walking pad,Fitness,51.38,0.35,0.56,44,0.6,0.45,1
2026-08-15,IN,marketplace,Walking pad,Fitness,33.85,0.37,0.57,44,0.6,0.45,1
2026-08-15,IN,news,Walking pad,Fitness,19.18,0.33,0.59,44,0.6,0.45,1
2026-08-15,IN,search,Millet snacks,Food,56.69,0.42,0.73,33,0.39,0.29,1
2026-08-15,IN,reddit,Millet snacks,Food,44.06,0.4,0.71,33,0.39,0.29,1
2026-08-15,IN,youtube,Millet snacks,Food,73.82,0.39,0.74,33,0.39,0.29,1
2026-08-15,IN,marketplace,Millet snacks,Food,51.01,0.4,0.78,33,0.39,0.29,1
2026-08-15,IN,news,Millet snacks,Food,29.14,0.47,0.8,33,0.39,0.29,1
2026-08-15,IN,search,Portable blender,Home,28.91,0.31,0.48,44,0.6,0.45,1
2026-08-15,IN,reddit,Portable blender,Home,22.46,0.32,0.53,44,0.6,0.45,1
2026-08-15,IN,youtube,Portable blender,Home,43.12,0.29,0.47,44,0.6,0.45,1
2026-08-15,IN,marketplace,Portable blender,Home,27.0,0.31,0.52,44,0.6,0.45,1
2026-08-15,IN,news,Portable blender,Home,16.45,0.24,0.44,44,0.6,0.45,1
2026-08-16,US,search,Waterless skincare,Beauty,55.6,0.57,0.76,33,0.39,0.3,1
2026-08-16,US,reddit,Waterless skincare,Beauty,41.11,0.49,0.71,33,0.39,0.3,1
2026-08-16,US,youtube,Waterless skincare,Beauty,80.13,0.56,0.75,33,0.39,0.3,1
2026-08-16,US,marketplace,Waterless skincare,Beauty,51.71,0.58,0.67,33,0.39,0.3,1
2026-08-16,US,news,Waterless skincare,Beauty,32.68,0.57,0.75,33,0.39,0.3,1
2026-08-16,US,search,Smart hydration bottle,Electronics,55.6,0.49,0.68,33,0.39,0.3,1
2026-08-16,US,reddit,Smart hydration bottle,Electronics,41.5,0.42,0.64,33,0.39,0.3,1
2026-08-16,US,youtube,Smart hydration bottle,Electronics,81.89,0.48,0.69,33,0.39,0.3,1
2026-08-16,US,marketplace,Smart hydration bottle,Electronics,54.1,0.51,0.67,33,0.39,0.3,1
2026-08-16,US,news,Smart hydration bottle,Electronics,33.67,0.5,0.7,33,0.39,0.3,1
2026-08-16,US,search,Walking pad,Fitness,42.21,0.35,0.51,45,0.61,0.46,1
2026-08-16,US,reddit,Walking pad,Fitness,31.53,0.32,0.52,45,0.61,0.46,1
2026-08-16,US,youtube,Walking pad,Fitness,56.21,0.42,0.54,45,0.61,0.46,1
2026-08-16,US,marketplace,Walking pad,Fitness,37.51,0.37,0.58,45,0.61,0.46,1
2026-08-16,US,news,Walking pad,Fitness,20.8,0.34,0.58,45,0.61,0.46,1
2026-08-16,US,search,Millet snacks,Food,42.2,0.5,0.72,33,0.39,0.3,1
2026-08-16,US,reddit,Millet snacks,Food,30.78,0.44,0.75,33,0.39,0.3,1
2026-08-16,US,youtube,Millet snacks,Food,63.36,0.39,0.75,33,0.39,0.3,1
2026-08-16,US,marketplace,Millet snacks,Food,41.09,0.47,0.77,33,0.39,0.3,1
2026-08-16,US,news,Millet snacks,Food,23.39,0.48,0.71,33,0.39,0.3,1
2026-08-16,US,search,Portable blender,Home,31.74,0.3,0.48,45,0.61,0.46,1
2026-08-16,US,reddit,Portable blender,Home,21.26,0.32,0.46,45,0.61,0.46,1
2026-08-16,US,youtube,Portable blender,Home,43.64,0.32,0.5,45,0.61,0.46,1
2026-08-16,US,marketplace,Portable blender,Home,28.96,0.25,0.48,45,0.61,0.46,1
2026-08-16,US,news,Portable blender,Home,16.26,0.32,0.43,45,0.61,0.46,1
2026-08-16,GB,search,Waterless skincare,Beauty,56.33,0.47,0.72,33,0.39,0.3,1
2026-08-16,GB,reddit,Waterless skincare,Beauty,47.8,0.47,0.73,33,0.39,0.3,1
2026-08-16,GB,youtube,Waterless skincare,Beauty,80.37,0.51,0.75,33,0.39,0.3,1
2026-08-16,GB,marketplace,Waterless skincare,Beauty,51.48,0.55,0.7,33,0.39,0.3,1
2026-08-16,GB,news,Waterless skincare,Beauty,33.37,0.52,0.76,33,0.39,0.3,1
2026-08-16,GB,search,Smart hydration bottle,Electronics,44.55,0.49,0.73,33,0.39,0.3,1
2026-08-16,GB,reddit,Smart hydration bottle,Electronics,34.76,0.49,0.7,33,0.39,0.3,1
2026-08-16,GB,youtube,Smart hydration bottle,Electronics,62.35,0.5,0.66,33,0.39,0.3,1
2026-08-16,GB,marketplace,Smart hydration bottle,Electronics,40.81,0.42,0.67,33,0.39,0.3,1
2026-08-16,GB,news,Smart hydration bottle,Electronics,27.67,0.51,0.66,33,0.39,0.3,1
2026-08-16,GB,search,Walking pad,Fitness,40.18,0.31,0.56,45,0.61,0.46,1
2026-08-16,GB,reddit,Walking pad,Fitness,28.91,0.32,0.53,45,0.61,0.46,1
2026-08-16,GB,youtube,Walking pad,Fitness,53.77,0.4,0.56,45,0.61,0.46,1
2026-08-16,GB,marketplace,Walking pad,Fitness,34.81,0.39,0.58,45,0.61,0.46,1
2026-08-16,GB,news,Walking pad,Fitness,23.99,0.39,0.51,45,0.61,0.46,1
2026-08-16,GB,search,Millet snacks,Food,41.32,0.49,0.75,33,0.39,0.3,1
2026-08-16,GB,reddit,Millet snacks,Food,33.82,0.46,0.72,33,0.39,0.3,1
2026-08-16,GB,youtube,Millet snacks,Food,54.58,0.42,0.79,33,0.39,0.3,1
2026-08-16,GB,marketplace,Millet snacks,Food,39.77,0.48,0.77,33,0.39,0.3,1
2026-08-16,GB,news,Millet snacks,Food,24.46,0.49,0.77,33,0.39,0.3,1
2026-08-16,GB,search,Portable blender,Home,31.19,0.34,0.51,45,0.61,0.46,1
2026-08-16,GB,reddit,Portable blender,Home,22.68,0.29,0.47,45,0.61,0.46,1
2026-08-16,GB,youtube,Portable blender,Home,40.14,0.24,0.48,45,0.61,0.46,1
2026-08-16,GB,marketplace,Portable blender,Home,27.12,0.24,0.51,45,0.61,0.46,1
2026-08-16,GB,news,Portable blender,Home,16.9,0.25,0.53,45,0.61,0.46,1
2026-08-16,EU,search,Waterless skincare,Beauty,60.21,0.51,0.73,33,0.39,0.3,1
2026-08-16,EU,reddit,Waterless skincare,Beauty,44.75,0.49,0.72,33,0.39,0.3,1
2026-08-16,EU,youtube,Waterless skincare,Beauty,79.1,0.5,0.73,33,0.39,0.3,1
2026-08-16,EU,marketplace,Waterless skincare,Beauty,54.95,0.55,0.71,33,0.39,0.3,1
2026-08-16,EU,news,Waterless skincare,Beauty,34.5,0.56,0.73,33,0.39,0.3,1
2026-08-16,EU,search,Smart hydration bottle,Electronics,48.83,0.51,0.65,33,0.39,0.3,1
2026-08-16,EU,reddit,Smart hydration bottle,Electronics,33.29,0.48,0.7,33,0.39,0.3,1
2026-08-16,EU,youtube,Smart hydration bottle,Electronics,63.34,0.53,0.7,33,0.39,0.3,1
2026-08-16,EU,marketplace,Smart hydration bottle,Electronics,43.88,0.5,0.63,33,0.39,0.3,1
2026-08-16,EU,news,Smart hydration bottle,Electronics,26.26,0.51,0.66,33,0.39,0.3,1
2026-08-16,EU,search,Walking pad,Fitness,35.11,0.35,0.53,45,0.61,0.46,1
2026-08-16,EU,reddit,Walking pad,Fitness,25.25,0.38,0.58,45,0.61,0.46,1
2026-08-16,EU,youtube,Walking pad,Fitness,47.76,0.35,0.57,45,0.61,0.46,1
2026-08-16,EU,marketplace,Walking pad,Fitness,32.64,0.31,0.59,45,0.61,0.46,1
2026-08-16,EU,news,Walking pad,Fitness,20.24,0.38,0.58,45,0.61,0.46,1
2026-08-16,EU,search,Millet snacks,Food,42.79,0.43,0.78,33,0.39,0.3,1
2026-08-16,EU,reddit,Millet snacks,Food,30.91,0.38,0.75,33,0.39,0.3,1
2026-08-16,EU,youtube,Millet snacks,Food,57.23,0.48,0.8,33,0.39,0.3,1
2026-08-16,EU,marketplace,Millet snacks,Food,35.45,0.5,0.78,33,0.39,0.3,1
2026-08-16,EU,news,Millet snacks,Food,24.77,0.39,0.75,33,0.39,0.3,1
2026-08-16,EU,search,Portable blender,Home,32.43,0.31,0.45,45,0.61,0.46,1
2026-08-16,EU,reddit,Portable blender,Home,25.11,0.28,0.5,45,0.61,0.46,1
2026-08-16,EU,youtube,Portable blender,Home,43.11,0.28,0.45,45,0.61,0.46,1
2026-08-16,EU,marketplace,Portable blender,Home,28.62,0.27,0.51,45,0.61,0.46,1
2026-08-16,EU,news,Portable blender,Home,16.78,0.33,0.52,45,0.61,0.46,1
2026-08-16,IN,search,Waterless skincare,Beauty,67.17,0.54,0.72,33,0.39,0.3,1
2026-08-16,IN,reddit,Waterless skincare,Beauty,50.31,0.52,0.72,33,0.39,0.3,1
2026-08-16,IN,youtube,Waterless skincare,Beauty,93.94,0.53,0.76,33,0.39,0.3,1
2026-08-16,IN,marketplace,Waterless skincare,Beauty,59.93,0.57,0.68,33,0.39,0.3,1
2026-08-16,IN,news,Waterless skincare,Beauty,38.28,0.47,0.76,33,0.39,0.3,1
2026-08-16,IN,search,Smart hydration bottle,Electronics,50.39,0.47,0.64,33,0.39,0.3,1
2026-08-16,IN,reddit,Smart hydration bottle,Electronics,37.41,0.53,0.63,33,0.39,0.3,1
2026-08-16,IN,youtube,Smart hydration bottle,Electronics,68.17,0.45,0.71,33,0.39,0.3,1
2026-08-16,IN,marketplace,Smart hydration bottle,Electronics,41.22,0.43,0.65,33,0.39,0.3,1
2026-08-16,IN,news,Smart hydration bottle,Electronics,26.45,0.5,0.67,33,0.39,0.3,1
2026-08-16,IN,search,Walking pad,Fitness,35.69,0.39,0.59,45,0.61,0.46,1
2026-08-16,IN,reddit,Walking pad,Fitness,25.97,0.42,0.5,45,0.61,0.46,1
2026-08-16,IN,youtube,Walking pad,Fitness,49.55,0.34,0.54,45,0.61,0.46,1
2026-08-16,IN,marketplace,Walking pad,Fitness,32.09,0.37,0.53,45,0.61,0.46,1
2026-08-16,IN,news,Walking pad,Fitness,19.03,0.42,0.51,45,0.61,0.46,1
2026-08-16,IN,search,Millet snacks,Food,54.15,0.48,0.81,33,0.39,0.3,1
2026-08-16,IN,reddit,Millet snacks,Food,39.25,0.41,0.76,33,0.39,0.3,1
2026-08-16,IN,youtube,Millet snacks,Food,74.98,0.39,0.71,33,0.39,0.3,1
2026-08-16,IN,marketplace,Millet snacks,Food,47.51,0.43,0.79,33,0.39,0.3,1
2026-08-16,IN,news,Millet snacks,Food,29.52,0.4,0.76,33,0.39,0.3,1
2026-08-16,IN,search,Portable blender,Home,28.43,0.27,0.46,45,0.61,0.46,1
2026-08-16,IN,reddit,Portable blender,Home,23.68,0.24,0.45,45,0.61,0.46,1
2026-08-16,IN,youtube,Portable blender,Home,39.87,0.28,0.47,45,0.61,0.46,1
2026-08-16,IN,marketplace,Portable blender,Home,27.43,0.35,0.52,45,0.61,0.46,1
2026-08-16,IN,news,Portable blender,Home,17.06,0.27,0.51,45,0.61,0.46,1
2026-08-17,US,search,Waterless skincare,Beauty,59.06,0.55,0.73,33,0.4,0.3,1
2026-08-17,US,reddit,Waterless skincare,Beauty,40.53,0.56,0.69,33,0.4,0.3,1
2026-08-17,US,youtube,Waterless skincare,Beauty,83.03,0.56,0.71,33,0.4,0.3,1
2026-08-17,US,marketplace,Waterless skincare,Beauty,52.54,0.55,0.76,33,0.4,0.3,1
2026-08-17,US,news,Waterless skincare,Beauty,32.01,0.49,0.75,33,0.4,0.3,1
2026-08-17,US,search,Smart hydration bottle,Electronics,55.29,0.47,0.66,33,0.4,0.3,1
2026-08-17,US,reddit,Smart hydration bottle,Electronics,43.7,0.43,0.72,33,0.4,0.3,1
2026-08-17,US,youtube,Smart hydration bottle,Electronics,74.98,0.43,0.67,33,0.4,0.3,1
2026-08-17,US,marketplace,Smart hydration bottle,Electronics,55.74,0.44,0.65,33,0.4,0.3,1
2026-08-17,US,news,Smart hydration bottle,Electronics,33.33,0.53,0.7,33,0.4,0.3,1
2026-08-17,US,search,Walking pad,Fitness,41.68,0.32,0.58,45,0.61,0.46,1
2026-08-17,US,reddit,Walking pad,Fitness,28.54,0.35,0.51,45,0.61,0.46,1
2026-08-17,US,youtube,Walking pad,Fitness,56.28,0.31,0.52,45,0.61,0.46,1
2026-08-17,US,marketplace,Walking pad,Fitness,34.63,0.4,0.53,45,0.61,0.46,1
2026-08-17,US,news,Walking pad,Fitness,22.66,0.33,0.59,45,0.61,0.46,1
2026-08-17,US,search,Millet snacks,Food,45.66,0.44,0.71,33,0.4,0.3,1
2026-08-17,US,reddit,Millet snacks,Food,34.27,0.5,0.78,33,0.4,0.3,1
2026-08-17,US,youtube,Millet snacks,Food,56.7,0.4,0.72,33,0.4,0.3,1
2026-08-17,US,marketplace,Millet snacks,Food,40.23,0.4,0.72,33,0.4,0.3,1
2026-08-17,US,news,Millet snacks,Food,25.16,0.41,0.77,33,0.4,0.3,1
2026-08-17,US,search,Portable blender,Home,28.48,0.34,0.52,45,0.61,0.46,1
2026-08-17,US,reddit,Portable blender,Home,23.03,0.24,0.43,45,0.61,0.46,1
2026-08-17,US,youtube,Portable blender,Home,38.39,0.32,0.49,45,0.61,0.46,1
2026-08-17,US,marketplace,Portable blender,Home,25.98,0.33,0.47,45,0.61,0.46,1
2026-08-17,US,news,Portable blender,Home,15.7,0.24,0.5,45,0.61,0.46,1
2026-08-17,GB,search,Waterless skincare,Beauty,57.69,0.54,0.71,33,0.4,0.3,1
2026-08-17,GB,reddit,Waterless skincare,Beauty,47.42,0.54,0.76,33,0.4,0.3,1
2026-08-17,GB,youtube,Waterless skincare,Beauty,83.33,0.5,0.69,33,0.4,0.3,1
2026-08-17,GB,marketplace,Waterless skincare,Beauty,51.93,0.48,0.75,33,0.4,0.3,1
2026-08-17,GB,news,Waterless skincare,Beauty,31.06,0.56,0.68,33,0.4,0.3,1
2026-08-17,GB,search,Smart hydration bottle,Electronics,48.87,0.5,0.69,33,0.4,0.3,1
2026-08-17,GB,reddit,Smart hydration bottle,Electronics,36.8,0.45,0.7,33,0.4,0.3,1
2026-08-17,GB,youtube,Smart hydration bottle,Electronics,63.52,0.5,0.68,33,0.4,0.3,1
2026-08-17,GB,marketplace,Smart hydration bottle,Electronics,44.97,0.45,0.65,33,0.4,0.3,1
2026-08-17,GB,news,Smart hydration bottle,Electronics,27.16,0.53,0.66,33,0.4,0.3,1
2026-08-17,GB,search,Walking pad,Fitness,43.12,0.36,0.51,45,0.61,0.46,1
2026-08-17,GB,reddit,Walking pad,Fitness,30.94,0.35,0.55,45,0.61,0.46,1
2026-08-17,GB,youtube,Walking pad,Fitness,52.85,0.38,0.58,45,0.61,0.46,1
2026-08-17,GB,marketplace,Walking pad,Fitness,37.21,0.42,0.52,45,0.61,0.46,1
2026-08-17,GB,news,Walking pad,Fitness,21.29,0.33,0.56,45,0.61,0.46,1
2026-08-17,GB,search,Millet snacks,Food,43.25,0.48,0.76,33,0.4,0.3,1
2026-08-17,GB,reddit,Millet snacks,Food,32.89,0.49,0.78,33,0.4,0.3,1
2026-08-17,GB,youtube,Millet snacks,Food,58.67,0.48,0.73,33,0.4,0.3,1
2026-08-17,GB,marketplace,Millet snacks,Food,38.52,0.42,0.8,33,0.4,0.3,1
2026-08-17,GB,news,Millet snacks,Food,23.47,0.38,0.76,33,0.4,0.3,1
2026-08-17,GB,search,Portable blender,Home,30.68,0.25,0.5,45,0.61,0.46,1
2026-08-17,GB,reddit,Portable blender,Home,23.73,0.33,0.51,45,0.61,0.46,1
2026-08-17,GB,youtube,Portable blender,Home,39.7,0.33,0.51,45,0.61,0.46,1
2026-08-17,GB,marketplace,Portable blender,Home,28.55,0.28,0.46,45,0.61,0.46,1
2026-08-17,GB,news,Portable blender,Home,16.96,0.29,0.48,45,0.61,0.46,1
2026-08-17,EU,search,Waterless skincare,Beauty,60.62,0.57,0.73,33,0.4,0.3,1
2026-08-17,EU,reddit,Waterless skincare,Beauty,45.33,0.53,0.67,33,0.4,0.3,1
2026-08-17,EU,youtube,Waterless skincare,Beauty,83.52,0.56,0.67,33,0.4,0.3,1
2026-08-17,EU,marketplace,Waterless skincare,Beauty,52.38,0.53,0.76,33,0.4,0.3,1
2026-08-17,EU,news,Waterless skincare,Beauty,36.42,0.51,0.72,33,0.4,0.3,1
2026-08-17,EU,search,Smart hydration bottle,Electronics,44.28,0.5,0.68,33,0.4,0.3,1
2026-08-17,EU,reddit,Smart hydration bottle,Electronics,36.55,0.51,0.68,33,0.4,0.3,1
2026-08-17,EU,youtube,Smart hydration bottle,Electronics,63.91,0.51,0.71,33,0.4,0.3,1
2026-08-17,EU,marketplace,Smart hydration bottle,Electronics,42.43,0.52,0.72,33,0.4,0.3,1
2026-08-17,EU,news,Smart hydration bottle,Electronics,26.25,0.46,0.69,33,0.4,0.3,1
2026-08-17,EU,search,Walking pad,Fitness,33.15,0.31,0.58,45,0.61,0.46,1
2026-08-17,EU,reddit,Walking pad,Fitness,24.44,0.33,0.54,45,0.61,0.46,1
2026-08-17,EU,youtube,Walking pad,Fitness,49.17,0.35,0.52,45,0.61,0.46,1
2026-08-17,EU,marketplace,Walking pad,Fitness,31.13,0.32,0.54,45,0.61,0.46,1
2026-08-17,EU,news,Walking pad,Fitness,19.4,0.43,0.59,45,0.61,0.46,1
2026-08-17,EU,search,Millet snacks,Food,43.91,0.4,0.77,33,0.4,0.3,1
2026-08-17,EU,reddit,Millet snacks,Food,30.46,0.38,0.77,33,0.4,0.3,1
2026-08-17,EU,youtube,Millet snacks,Food,55.97,0.4,0.78,33,0.4,0.3,1
2026-08-17,EU,marketplace,Millet snacks,Food,39.94,0.39,0.76,33,0.4,0.3,1
2026-08-17,EU,news,Millet snacks,Food,22.17,0.46,0.79,33,0.4,0.3,1
2026-08-17,EU,search,Portable blender,Home,31.03,0.28,0.49,45,0.61,0.46,1
2026-08-17,EU,reddit,Portable blender,Home,23.32,0.32,0.5,45,0.61,0.46,1
2026-08-17,EU,youtube,Portable blender,Home,44.13,0.26,0.49,45,0.61,0.46,1
2026-08-17,EU,marketplace,Portable blender,Home,29.11,0.3,0.52,45,0.61,0.46,1
2026-08-17,EU,news,Portable blender,Home,18.86,0.29,0.49,45,0.61,0.46,1
2026-08-17,IN,search,Waterless skincare,Beauty,62.0,0.57,0.71,33,0.4,0.3,1
2026-08-17,IN,reddit,Waterless skincare,Beauty,50.81,0.52,0.76,33,0.4,0.3,1
2026-08-17,IN,youtube,Waterless skincare,Beauty,88.8,0.55,0.7,33,0.4,0.3,1
2026-08-17,IN,marketplace,Waterless skincare,Beauty,61.08,0.53,0.74,33,0.4,0.3,1
2026-08-17,IN,news,Waterless skincare,Beauty,35.1,0.53,0.75,33,0.4,0.3,1
2026-08-17,IN,search,Smart hydration bottle,Electronics,50.14,0.52,0.65,33,0.4,0.3,1
2026-08-17,IN,reddit,Smart hydration bottle,Electronics,37.57,0.5,0.68,33,0.4,0.3,1
2026-08-17,IN,youtube,Smart hydration bottle,Electronics,68.99,0.5,0.72,33,0.4,0.3,1
2026-08-17,IN,marketplace,Smart hydration bottle,Electronics,45.54,0.47,0.64,33,0.4,0.3,1
2026-08-17,IN,news,Smart hydration bottle,Electronics,25.69,0.52,0.72,33,0.4,0.3,1
2026-08-17,IN,search,Walking pad,Fitness,34.36,0.31,0.52,45,0.61,0.46,1
2026-08-17,IN,reddit,Walking pad,Fitness,28.32,0.35,0.57,45,0.61,0.46,1
2026-08-17,IN,youtube,Walking pad,Fitness,45.38,0.35,0.55,45,0.61,0.46,1
2026-08-17,IN,marketplace,Walking pad,Fitness,33.78,0.34,0.5,45,0.61,0.46,1
2026-08-17,IN,news,Walking pad,Fitness,19.95,0.42,0.53,45,0.61,0.46,1
2026-08-17,IN,search,Millet snacks,Food,58.76,0.42,0.75,33,0.4,0.3,1
2026-08-17,IN,reddit,Millet snacks,Food,39.16,0.45,0.73,33,0.4,0.3,1
2026-08-17,IN,youtube,Millet snacks,Food,70.48,0.39,0.71,33,0.4,0.3,1
2026-08-17,IN,marketplace,Millet snacks,Food,46.48,0.4,0.8,33,0.4,0.3,1
2026-08-17,IN,news,Millet snacks,Food,28.94,0.47,0.73,33,0.4,0.3,1
2026-08-17,IN,search,Portable blender,Home,29.96,0.31,0.5,45,0.61,0.46,1
2026-08-17,IN,reddit,Portable blender,Home,22.04,0.28,0.51,45,0.61,0.46,1
2026-08-17,IN,youtube,Portable blender,Home,43.04,0.35,0.52,45,0.61,0.46,1
2026-08-17,IN,marketplace,Portable blender,Home,26.84,0.35,0.47,45,0.61,0.46,1
2026-08-17,IN,news,Portable blender,Home,16.49,0.27,0.45,45,0.61,0.46,1
2026-08-18,US,search,Waterless skincare,Beauty,55.14,0.54,0.69,34,0.4,0.3,1
2026-08-18,US,reddit,Waterless skincare,Beauty,44.62,0.56,0.77,34,0.4,0.3,1
2026-08-18,US,youtube,Waterless skincare,Beauty,77.11,0.55,0.68,34,0.4,0.3,1
2026-08-18,US,marketplace,Waterless skincare,Beauty,51.29,0.58,0.73,34,0.4,0.3,1
2026-08-18,US,news,Waterless skincare,Beauty,32.8,0.53,0.68,34,0.4,0.3,1
2026-08-18,US,search,Smart hydration bottle,Electronics,61.5,0.43,0.63,34,0.4,0.3,1
2026-08-18,US,reddit,Smart hydration bottle,Electronics,42.61,0.47,0.71,34,0.4,0.3,1
2026-08-18,US,youtube,Smart hydration bottle,Electronics,73.29,0.44,0.69,34,0.4,0.3,1
2026-08-18,US,marketplace,Smart hydration bottle,Electronics,50.2,0.53,0.68,34,0.4,0.3,1
2026-08-18,US,news,Smart hydration bottle,Electronics,33.82,0.48,0.71,34,0.4,0.3,1
2026-08-18,US,search,Walking pad,Fitness,42.2,0.42,0.53,46,0.62,0.46,1
2026-08-18,US,reddit,Walking pad,Fitness,31.24,0.32,0.59,46,0.62,0.46,1
2026-08-18,US,youtube,Walking pad,Fitness,53.26,0.32,0.5,46,0.62,0.46,1
2026-08-18,US,marketplace,Walking pad,Fitness,34.04,0.37,0.56,46,0.62,0.46,1
2026-08-18,US,news,Walking pad,Fitness,20.45,0.36,0.5,46,0.62,0.46,1
2026-08-18,US,search,Millet snacks,Food,45.41,0.5,0.72,34,0.4,0.3,1
2026-08-18,US,reddit,Millet snacks,Food,33.2,0.48,0.76,34,0.4,0.3,1
2026-08-18,US,youtube,Millet snacks,Food,61.63,0.49,0.72,34,0.4,0.3,1
2026-08-18,US,marketplace,Millet snacks,Food,37.14,0.44,0.73,34,0.4,0.3,1
2026-08-18,US,news,Millet snacks,Food,25.43,0.49,0.78,34,0.4,0.3,1
2026-08-18,US,search,Portable blender,Home,29.88,0.24,0.53,46,0.62,0.46,1
2026-08-18,US,reddit,Portable blender,Home,21.29,0.32,0.5,46,0.62,0.46,1
2026-08-18,US,youtube,Portable blender,Home,43.04,0.31,0.51,46,0.62,0.46,1
2026-08-18,US,marketplace,Portable blender,Home,27.56,0.3,0.47,46,0.62,0.46,1
2026-08-18,US,news,Portable blender,Home,16.89,0.24,0.44,46,0.62,0.46,1
2026-08-18,GB,search,Waterless skincare,Beauty,56.59,0.46,0.74,34,0.4,0.3,1
2026-08-18,GB,reddit,Waterless skincare,Beauty,44.48,0.56,0.76,34,0.4,0.3,1
2026-08-18,GB,youtube,Waterless skincare,Beauty,76.06,0.53,0.75,34,0.4,0.3,1
2026-08-18,GB,marketplace,Waterless skincare,Beauty,51.89,0.48,0.73,34,0.4,0.3,1
2026-08-18,GB,news,Waterless skincare,Beauty,33.38,0.5,0.71,34,0.4,0.3,1
2026-08-18,GB,search,Smart hydration bottle,Electronics,44.34,0.44,0.64,34,0.4,0.3,1
2026-08-18,GB,reddit,Smart hydration bottle,Electronics,34.7,0.49,0.71,34,0.4,0.3,1
2026-08-18,GB,youtube,Smart hydration bottle,Electronics,65.12,0.5,0.72,34,0.4,0.3,1
2026-08-18,GB,marketplace,Smart hydration bottle,Electronics,40.37,0.46,0.71,34,0.4,0.3,1
2026-08-18,GB,news,Smart hydration bottle,Electronics,24.36,0.44,0.63,34,0.4,0.3,1
2026-08-18,GB,search,Walking pad,Fitness,42.57,0.37,0.51,46,0.62,0.46,1
2026-08-18,GB,reddit,Walking pad,Fitness,29.81,0.31,0.56,46,0.62,0.46,1
2026-08-18,GB,youtube,Walking pad,Fitness,57.49,0.36,0.5,46,0.62,0.46,1
2026-08-18,GB,marketplace,Walking pad,Fitness,38.4,0.4,0.51,46,0.62,0.46,1
2026-08-18,GB,news,Walking pad,Fitness,21.2,0.31,0.54,46,0.62,0.46,1
2026-08-18,GB,search,Millet snacks,Food,43.18,0.43,0.77,34,0.4,0.3,1
2026-08-18,GB,reddit,Millet snacks,Food,31.9,0.47,0.74,34,0.4,0.3,1
2026-08-18,GB,youtube,Millet snacks,Food,58.76,0.42,0.81,34,0.4,0.3,1
2026-08-18,GB,marketplace,Millet snacks,Food,38.66,0.45,0.72,34,0.4,0.3,1
2026-08-18,GB,news,Millet snacks,Food,22.8,0.41,0.79,34,0.4,0.3,1
2026-08-18,GB,search,Portable blender,Home,29.43,0.34,0.47,46,0.62,0.46,1
2026-08-18,GB,reddit,Portable blender,Home,22.64,0.32,0.44,46,0.62,0.46,1
2026-08-18,GB,youtube,Portable blender,Home,38.27,0.29,0.46,46,0.62,0.46,1
2026-08-18,GB,marketplace,Portable blender,Home,26.87,0.25,0.51,46,0.62,0.46,1
2026-08-18,GB,news,Portable blender,Home,15.49,0.27,0.53,46,0.62,0.46,1
2026-08-18,EU,search,Waterless skincare,Beauty,59.94,0.53,0.75,34,0.4,0.3,1
2026-08-18,EU,reddit,Waterless skincare,Beauty,45.59,0.47,0.77,34,0.4,0.3,1
2026-08-18,EU,youtube,Waterless skincare,Beauty,81.31,0.51,0.68,34,0.4,0.3,1
2026-08-18,EU,marketplace,Waterless skincare,Beauty,59.06,0.49,0.69,34,0.4,0.3,1
2026-08-18,EU,news,Waterless skincare,Beauty,33.3,0.56,0.76,34,0.4,0.3,1
2026-08-18,EU,search,Smart hydration bottle,Electronics,49.15,0.43,0.71,34,0.4,0.3,1
2026-08-18,EU,reddit,Smart hydration bottle,Electronics,36.94,0.5,0.72,34,0.4,0.3,1
2026-08-18,EU,youtube,Smart hydration bottle,Electronics,62.35,0.53,0.67,34,0.4,0.3,1
2026-08-18,EU,marketplace,Smart hydration bottle,Electronics,44.17,0.48,0.72,34,0.4,0.3,1
2026-08-18,EU,news,Smart hydration bottle,Electronics,25.29,0.48,0.71,34,0.4,0.3,1
2026-08-18,EU,search,Walking pad,Fitness,36.73,0.41,0.59,46,0.62,0.46,1
2026-08-18,EU,reddit,Walking pad,Fitness,26.08,0.36,0.56,46,0.62,0.46,1
2026-08-18,EU,youtube,Walking pad,Fitness,49.73,0.32,0.54,46,0.62,0.46,1
2026-08-18,EU,marketplace,Walking pad,Fitness,32.51,0.36,0.56,46,0.62,0.46,1
2026-08-18,EU,news,Walking pad,Fitness,20.31,0.34,0.51,46,0.62,0.46,1
2026-08-18,EU,search,Millet snacks,Food,41.5,0.41,0.77,34,0.4,0.3,1
2026-08-18,EU,reddit,Millet snacks,Food,31.52,0.49,0.73,34,0.4,0.3,1
2026-08-18,EU,youtube,Millet snacks,Food,56.23,0.39,0.73,34,0.4,0.3,1
2026-08-18,EU,marketplace,Millet snacks,Food,38.02,0.48,0.72,34,0.4,0.3,1
2026-08-18,EU,news,Millet snacks,Food,23.77,0.42,0.78,34,0.4,0.3,1
2026-08-18,EU,search,Portable blender,Home,32.08,0.25,0.52,46,0.62,0.46,1
2026-08-18,EU,reddit,Portable blender,Home,25.61,0.35,0.47,46,0.62,0.46,1
2026-08-18,EU,youtube,Portable blender,Home,40.24,0.29,0.46,46,0.62,0.46,1
2026-08-18,EU,marketplace,Portable blender,Home,28.71,0.31,0.47,46,0.62,0.46,1
2026-08-18,EU,news,Portable blender,Home,16.53,0.3,0.47,46,0.62,0.46,1
2026-08-18,IN,search,Waterless skincare,Beauty,64.01,0.53,0.77,34,0.4,0.3,1
2026-08-18,IN,reddit,Waterless skincare,Beauty,51.46,0.57,0.68,34,0.4,0.3,1
2026-08-18,IN,youtube,Waterless skincare,Beauty,82.19,0.58,0.75,34,0.4,0.3,1
2026-08-18,IN,marketplace,Waterless skincare,Beauty,62.24,0.54,0.76,34,0.4,0.3,1
2026-08-18,IN,news,Waterless skincare,Beauty,34.03,0.57,0.77,34,0.4,0.3,1
2026-08-18,IN,search,Smart hydration bottle,Electronics,50.21,0.43,0.67,34,0.4,0.3,1
2026-08-18,IN,reddit,Smart hydration bottle,Electronics,38.24,0.53,0.73,34,0.4,0.3,1
2026-08-18,IN,youtube,Smart hydration bottle,Electronics,62.1,0.44,0.63,34,0.4,0.3,1
2026-08-18,IN,marketplace,Smart hydration bottle,Electronics,45.21,0.47,0.68,34,0.4,0.3,1
2026-08-18,IN,news,Smart hydration bottle,Electronics,26.87,0.51,0.64,34,0.4,0.3,1
2026-08-18,IN,search,Walking pad,Fitness,33.85,0.39,0.52,46,0.62,0.46,1
2026-08-18,IN,reddit,Walking pad,Fitness,27.39,0.35,0.5,46,0.62,0.46,1
2026-08-18,IN,youtube,Walking pad,Fitness,47.73,0.39,0.5,46,0.62,0.46,1
2026-08-18,IN,marketplace,Walking pad,Fitness,33.29,0.42,0.58,46,0.62,0.46,1
2026-08-18,IN,news,Walking pad,Fitness,18.56,0.39,0.5,46,0.62,0.46,1
2026-08-18,IN,search,Millet snacks,Food,58.65,0.38,0.8,34,0.4,0.3,1
2026-08-18,IN,reddit,Millet snacks,Food,40.02,0.48,0.81,34,0.4,0.3,1
2026-08-18,IN,youtube,Millet snacks,Food,77.8,0.43,0.78,34,0.4,0.3,1
2026-08-18,IN,marketplace,Millet snacks,Food,47.02,0.44,0.75,34,0.4,0.3,1
2026-08-18,IN,news,Millet snacks,Food,32.18,0.41,0.8,34,0.4,0.3,1
2026-08-18,IN,search,Portable blender,Home,30.18,0.34,0.52,46,0.62,0.46,1
2026-08-18,IN,reddit,Portable blender,Home,23.26,0.33,0.43,46,0.62,0.46,1
2026-08-18,IN,youtube,Portable blender,Home,40.16,0.24,0.43,46,0.62,0.46,1
2026-08-18,IN,marketplace,Portable blender,Home,26.78,0.35,0.44,46,0.62,0.46,1
2026-08-18,IN,news,Portable blender,Home,15.86,0.26,0.52,46,0.62,0.46,1
2026-08-19,US,search,Waterless skincare,Beauty,53.55,0.47,0.7,34,0.4,0.3,1
2026-08-19,US,reddit,Waterless skincare,Beauty,43.53,0.55,0.74,34,0.4,0.3,1
2026-08-19,US,youtube,Waterless skincare,Beauty,82.7,0.57,0.7,34,0.4,0.3,1
2026-08-19,US,marketplace,Waterless skincare,Beauty,50.77,0.51,0.74,34,0.4,0.3,1
2026-08-19,US,news,Waterless skincare,Beauty,32.12,0.56,0.71,34,0.4,0.3,1
2026-08-19,US,search,Smart hydration bottle,Electronics,57.54,0.5,0.67,34,0.4,0.3,1
2026-08-19,US,reddit,Smart hydration bottle,Electronics,45.4,0.52,0.72,34,0.4,0.3,1
2026-08-19,US,youtube,Smart hydration bottle,Electronics,79.9,0.51,0.71,34,0.4,0.3,1
2026-08-19,US,marketplace,Smart hydration bottle,Electronics,53.5,0.45,0.67,34,0.4,0.3,1
2026-08-19,US,news,Smart hydration bottle,Electronics,31.64,0.47,0.68,34,0.4,0.3,1
2026-08-19,US,search,Walking pad,Fitness,38.09,0.37,0.55,46,0.62,0.46,1
2026-08-19,US,reddit,Walking pad,Fitness,27.65,0.33,0.55,46,0.62,0.46,1
2026-08-19,US,youtube,Walking pad,Fitness,55.81,0.38,0.53,46,0.62,0.46,1
2026-08-19,US,marketplace,Walking pad,Fitness,36.43,0.38,0.55,46,0.62,0.46,1
2026-08-19,US,news,Walking pad,Fitness,20.59,0.33,0.53,46,0.62,0.46,1
2026-08-19,US,search,Millet snacks,Food,43.69,0.39,0.73,34,0.4,0.3,1
2026-08-19,US,reddit,Millet snacks,Food,31.1,0.41,0.8,34,0.4,0.3,1
2026-08-19,US,youtube,Millet snacks,Food,61.12,0.44,0.79,34,0.4,0.3,1
2026-08-19,US,marketplace,Millet snacks,Food,41.21,0.39,0.77,34,0.4,0.3,1
2026-08-19,US,news,Millet snacks,Food,22.2,0.43,0.79,34,0.4,0.3,1
2026-08-19,US,search,Portable blender,Home,28.3,0.35,0.5,46,0.62,0.46,1
2026-08-19,US,reddit,Portable blender,Home,20.59,0.32,0.52,46,0.62,0.46,1
2026-08-19,US,youtube,Portable blender,Home,38.47,0.33,0.47,46,0.62,0.46,1
2026-08-19,US,marketplace,Portable blender,Home,28.12,0.29,0.47,46,0.62,0.46,1
2026-08-19,US,news,Portable blender,Home,16.97,0.27,0.5,46,0.62,0.46,1
2026-08-19,GB,search,Waterless skincare,Beauty,59.03,0.54,0.71,34,0.4,0.3,1
2026-08-19,GB,reddit,Waterless skincare,Beauty,43.23,0.51,0.73,34,0.4,0.3,1
2026-08-19,GB,youtube,Waterless skincare,Beauty,77.07,0.47,0.68,34,0.4,0.3,1
2026-08-19,GB,marketplace,Waterless skincare,Beauty,54.78,0.55,0.71,34,0.4,0.3,1
2026-08-19,GB,news,Waterless skincare,Beauty,33.33,0.52,0.75,34,0.4,0.3,1
2026-08-19,GB,search,Smart hydration bottle,Electronics,48.29,0.47,0.71,34,0.4,0.3,1
2026-08-19,GB,reddit,Smart hydration bottle,Electronics,37.53,0.51,0.7,34,0.4,0.3,1
2026-08-19,GB,youtube,Smart hydration bottle,Electronics,62.67,0.52,0.68,34,0.4,0.3,1
2026-08-19,GB,marketplace,Smart hydration bottle,Electronics,41.83,0.48,0.64,34,0.4,0.3,1
2026-08-19,GB,news,Smart hydration bottle,Electronics,25.95,0.5,0.66,34,0.4,0.3,1
2026-08-19,GB,search,Walking pad,Fitness,40.55,0.38,0.53,46,0.62,0.46,1
2026-08-19,GB,reddit,Walking pad,Fitness,31.41,0.42,0.51,46,0.62,0.46,1
2026-08-19,GB,youtube,Walking pad,Fitness,52.66,0.34,0.56,46,0.62,0.46,1
2026-08-19,GB,marketplace,Walking pad,Fitness,35.89,0.37,0.56,46,0.62,0.46,1
2026-08-19,GB,news,Walking pad,Fitness,21.88,0.43,0.55,46,0.62,0.46,1
2026-08-19,GB,search,Millet snacks,Food,40.98,0.41,0.73,34,0.4,0.3,1
2026-08-19,GB,reddit,Millet snacks,Food,31.32,0.46,0.77,34,0.4,0.3,1
2026-08-19,GB,youtube,Millet snacks,Food,58.46,0.43,0.77,34,0.4,0.3,1
2026-08-19,GB,marketplace,Millet snacks,Food,38.46,0.44,0.79,34,0.4,0.3,1
2026-08-19,GB,news,Millet snacks,Food,22.32,0.44,0.79,34,0.4,0.3,1
2026-08-19,GB,search,Portable blender,Home,28.45,0.24,0.51,46,0.62,0.46,1
2026-08-19,GB,reddit,Portable blender,Home,20.92,0.28,0.53,46,0.62,0.46,1
2026-08-19,GB,youtube,Portable blender,Home,38.0,0.24,0.45,46,0.62,0.46,1
2026-08-19,GB,marketplace,Portable blender,Home,27.79,0.27,0.44,46,0.62,0.46,1
2026-08-19,GB,news,Portable blender,Home,15.23,0.32,0.53,46,0.62,0.46,1
2026-08-19,EU,search,Waterless skincare,Beauty,64.93,0.49,0.75,34,0.4,0.3,1
2026-08-19,EU,reddit,Waterless skincare,Beauty,49.19,0.47,0.68,34,0.4,0.3,1
2026-08-19,EU,youtube,Waterless skincare,Beauty,88.22,0.49,0.67,34,0.4,0.3,1
2026-08-19,EU,marketplace,Waterless skincare,Beauty,54.78,0.52,0.7,34,0.4,0.3,1
2026-08-19,EU,news,Waterless skincare,Beauty,34.29,0.5,0.68,34,0.4,0.3,1
2026-08-19,EU,search,Smart hydration bottle,Electronics,44.92,0.43,0.67,34,0.4,0.3,1
2026-08-19,EU,reddit,Smart hydration bottle,Electronics,33.95,0.45,0.67,34,0.4,0.3,1
2026-08-19,EU,youtube,Smart hydration bottle,Electronics,62.11,0.45,0.68,34,0.4,0.3,1
2026-08-19,EU,marketplace,Smart hydration bottle,Electronics,44.3,0.44,0.64,34,0.4,0.3,1
2026-08-19,EU,news,Smart hydration bottle,Electronics,25.29,0.48,0.68,34,0.4,0.3,1
2026-08-19,EU,search,Walking pad,Fitness,35.03,0.36,0.59,46,0.62,0.46,1
2026-08-19,EU,reddit,Walking pad,Fitness,26.3,0.35,0.6,46,0.62,0.46,1
2026-08-19,EU,youtube,Walking pad,Fitness,49.28,0.42,0.54,46,0.62,0.46,1
2026-08-19,EU,marketplace,Walking pad,Fitness,32.51,0.39,0.52,46,0.62,0.46,1
2026-08-19,EU,news,Walking pad,Fitness,19.77,0.39,0.56,46,0.62,0.46,1
2026-08-19,EU,search,Millet snacks,Food,42.77,0.47,0.75,34,0.4,0.3,1
2026-08-19,EU,reddit,Millet snacks,Food,30.07,0.43,0.76,34,0.4,0.3,1
2026-08-19,EU,youtube,Millet snacks,Food,53.26,0.49,0.75,34,0.4,0.3,1
2026-08-19,EU,marketplace,Millet snacks,Food,35.01,0.39,0.77,34,0.4,0.3,1
2026-08-19,EU,news,Millet snacks,Food,23.11,0.39,0.79,34,0.4,0.3,1
2026-08-19,EU,search,Portable blender,Home,32.69,0.25,0.52,46,0.62,0.46,1
2026-08-19,EU,reddit,Portable blender,Home,25.18,0.27,0.48,46,0.62,0.46,1
2026-08-19,EU,youtube,Portable blender,Home,43.94,0.26,0.45,46,0.62,0.46,1
2026-08-19,EU,marketplace,Portable blender,Home,29.69,0.32,0.48,46,0.62,0.46,1
2026-08-19,EU,news,Portable blender,Home,16.52,0.3,0.47,46,0.62,0.46,1
2026-08-19,IN,search,Waterless skincare,Beauty,61.32,0.58,0.72,34,0.4,0.3,1
2026-08-19,IN,reddit,Waterless skincare,Beauty,48.14,0.53,0.75,34,0.4,0.3,1
2026-08-19,IN,youtube,Waterless skincare,Beauty,92.2,0.47,0.75,34,0.4,0.3,1
2026-08-19,IN,marketplace,Waterless skincare,Beauty,54.26,0.54,0.76,34,0.4,0.3,1
2026-08-19,IN,news,Waterless skincare,Beauty,37.38,0.56,0.73,34,0.4,0.3,1
2026-08-19,IN,search,Smart hydration bottle,Electronics,45.13,0.51,0.69,34,0.4,0.3,1
2026-08-19,IN,reddit,Smart hydration bottle,Electronics,37.88,0.5,0.72,34,0.4,0.3,1
2026-08-19,IN,youtube,Smart hydration bottle,Electronics,68.01,0.44,0.73,34,0.4,0.3,1
2026-08-19,IN,marketplace,Smart hydration bottle,Electronics,43.02,0.43,0.64,34,0.4,0.3,1
2026-08-19,IN,news,Smart hydration bottle,Electronics,27.48,0.51,0.69,34,0.4,0.3,1
2026-08-19,IN,search,Walking pad,Fitness,35.2,0.38,0.59,46,0.62,0.46,1
2026-08-19,IN,reddit,Walking pad,Fitness,26.98,0.35,0.58,46,0.62,0.46,1
2026-08-19,IN,youtube,Walking pad,Fitness,49.13,0.39,0.54,46,0.62,0.46,1
2026-08-19,IN,marketplace,Walking pad,Fitness,29.97,0.31,0.54,46,0.62,0.46,1
2026-08-19,IN,news,Walking pad,Fitness,18.97,0.33,0.58,46,0.62,0.46,1
2026-08-19,IN,search,Millet snacks,Food,55.58,0.5,0.75,34,0.4,0.3,1
2026-08-19,IN,reddit,Millet snacks,Food,41.23,0.41,0.78,34,0.4,0.3,1
2026-08-19,IN,youtube,Millet snacks,Food,72.77,0.42,0.78,34,0.4,0.3,1
2026-08-19,IN,marketplace,Millet snacks,Food,46.5,0.41,0.73,34,0.4,0.3,1
2026-08-19,IN,news,Millet snacks,Food,30.74,0.42,0.8,34,0.4,0.3,1
2026-08-19,IN,search,Portable blender,Home,29.84,0.3,0.46,46,0.62,0.46,1
2026-08-19,IN,reddit,Portable blender,Home,22.62,0.34,0.44,46,0.62,0.46,1
2026-08-19,IN,youtube,Portable blender,Home,41.89,0.3,0.45,46,0.62,0.46,1
2026-08-19,IN,marketplace,Portable blender,Home,28.16,0.24,0.46,46,0.62,0.46,1
2026-08-19,IN,news,Portable blender,Home,15.09,0.35,0.49,46,0.62,0.46,1
2026-08-20,US,search,Waterless skincare,Beauty,59.05,0.49,0.69,34,0.4,0.3,1
2026-08-20,US,reddit,Waterless skincare,Beauty,40.18,0.53,0.76,34,0.4,0.3,1
2026-08-20,US,youtube,Waterless skincare,Beauty,77.85,0.55,0.67,34,0.4,0.3,1
2026-08-20,US,marketplace,Waterless skincare,Beauty,49.74,0.46,0.76,34,0.4,0.3,1
2026-08-20,US,news,Waterless skincare,Beauty,30.12,0.46,0.73,34,0.4,0.3,1
2026-08-20,US,search,Smart hydration bottle,Electronics,56.98,0.43,0.69,34,0.4,0.3,1
2026-08-20,US,reddit,Smart hydration bottle,Electronics,41.34,0.45,0.7,34,0.4,0.3,1
2026-08-20,US,youtube,Smart hydration bottle,Electronics,82.01,0.43,0.72,34,0.4,0.3,1
2026-08-20,US,marketplace,Smart hydration bottle,Electronics,51.33,0.49,0.68,34,0.4,0.3,1
2026-08-20,US,news,Smart hydration bottle,Electronics,30.84,0.45,0.67,34,0.4,0.3,1
2026-08-20,US,search,Walking pad,Fitness,38.56,0.36,0.55,47,0.62,0.47,1
2026-08-20,US,reddit,Walking pad,Fitness,28.05,0.35,0.56,47,0.62,0.47,1
2026-08-20,US,youtube,Walking pad,Fitness,49.62,0.36,0.51,47,0.62,0.47,1
2026-08-20,US,marketplace,Walking pad,Fitness,37.01,0.36,0.51,47,0.62,0.47,1
2026-08-20,US,news,Walking pad,Fitness,22.56,0.34,0.52,47,0.62,0.47,1
2026-08-20,US,search,Millet snacks,Food,44.61,0.47,0.72,34,0.4,0.3,1
2026-08-20,US,reddit,Millet snacks,Food,31.18,0.43,0.72,34,0.4,0.3,1
2026-08-20,US,youtube,Millet snacks,Food,55.09,0.39,0.72,34,0.4,0.3,1
2026-08-20,US,marketplace,Millet snacks,Food,39.45,0.4,0.74,34,0.4,0.3,1
2026-08-20,US,news,Millet snacks,Food,24.81,0.46,0.77,34,0.4,0.3,1
2026-08-20,US,search,Portable blender,Home,28.92,0.29,0.52,47,0.62,0.47,1
2026-08-20,US,reddit,Portable blender,Home,22.01,0.31,0.52,47,0.62,0.47,1
2026-08-20,US,youtube,Portable blender,Home,39.42,0.34,0.51,47,0.62,0.47,1
2026-08-20,US,marketplace,Portable blender,Home,26.16,0.26,0.52,47,0.62,0.47,1
2026-08-20,US,news,Portable blender,Home,16.2,0.33,0.49,47,0.62,0.47,1
2026-08-20,GB,search,Waterless skincare,Beauty,60.0,0.47,0.71,34,0.4,0.3,1
2026-08-20,GB,reddit,Waterless skincare,Beauty,41.95,0.53,0.68,34,0.4,0.3,1
2026-08-20,GB,youtube,Waterless skincare,Beauty,79.19,0.53,0.73,34,0.4,0.3,1
2026-08-20,GB,marketplace,Waterless skincare,Beauty,55.37,0.5,0.74,34,0.4,0.3,1
2026-08-20,GB,news,Waterless skincare,Beauty,30.65,0.49,0.69,34,0.4,0.3,1
2026-08-20,GB,search,Smart hydration bottle,Electronics,48.85,0.43,0.72,34,0.4,0.3,1
2026-08-20,GB,reddit,Smart hydration bottle,Electronics,33.67,0.44,0.71,34,0.4,0.3,1
2026-08-20,GB,youtube,Smart hydration bottle,Electronics,65.21,0.52,0.7,34,0.4,0.3,1
2026-08-20,GB,marketplace,Smart hydration bottle,Electronics,41.22,0.43,0.63,34,0.4,0.3,1
2026-08-20,GB,news,Smart hydration bottle,Electronics,25.01,0.45,0.67,34,0.4,0.3,1
2026-08-20,GB,search,Walking pad,Fitness,41.5,0.35,0.53,47,0.62,0.47,1
2026-08-20,GB,reddit,Walking pad,Fitness,28.36,0.33,0.58,47,0.62,0.47,1
2026-08-20,GB,youtube,Walking pad,Fitness,55.51,0.36,0.51,47,0.62,0.47,1
2026-08-20,GB,marketplace,Walking pad,Fitness,33.72,0.39,0.6,47,0.62,0.47,1
2026-08-20,GB,news,Walking pad,Fitness,22.31,0.38,0.55,47,0.62,0.47,1
2026-08-20,GB,search,Millet snacks,Food,39.85,0.49,0.81,34,0.4,0.3,1
2026-08-20,GB,reddit,Millet snacks,Food,30.98,0.44,0.74,34,0.4,0.3,1
2026-08-20,GB,youtube,Millet snacks,Food,56.26,0.38,0.77,34,0.4,0.3,1
2026-08-20,GB,marketplace,Millet snacks,Food,39.83,0.49,0.8,34,0.4,0.3,1
2026-08-20,GB,news,Millet snacks,Food,22.46,0.44,0.72,34,0.4,0.3,1
2026-08-20,GB,search,Portable blender,Home,30.76,0.26,0.51,47,0.62,0.47,1
2026-08-20,GB,reddit,Portable blender,Home,20.94,0.24,0.49,47,0.62,0.47,1
2026-08-20,GB,youtube,Portable blender,Home,41.43,0.31,0.45,47,0.62,0.47,1
2026-08-20,GB,marketplace,Portable blender,Home,27.9,0.28,0.5,47,0.62,0.47,1
2026-08-20,GB,news,Portable blender,Home,15.81,0.35,0.52,47,0.62,0.47,1
2026-08-20,EU,search,Waterless skincare,Beauty,65.28,0.49,0.71,34,0.4,0.3,1
2026-08-20,EU,reddit,Waterless skincare,Beauty,45.89,0.52,0.73,34,0.4,0.3,1
2026-08-20,EU,youtube,Waterless skincare,Beauty,81.39,0.52,0.67,34,0.4,0.3,1
2026-08-20,EU,marketplace,Waterless skincare,Beauty,54.11,0.56,0.73,34,0.4,0.3,1
2026-08-20,EU,news,Waterless skincare,Beauty,32.74,0.55,0.75,34,0.4,0.3,1
2026-08-20,EU,search,Smart hydration bottle,Electronics,45.1,0.51,0.71,34,0.4,0.3,1
2026-08-20,EU,reddit,Smart hydration bottle,Electronics,34.12,0.52,0.66,34,0.4,0.3,1
2026-08-20,EU,youtube,Smart hydration bottle,Electronics,64.97,0.42,0.66,34,0.4,0.3,1
2026-08-20,EU,marketplace,Smart hydration bottle,Electronics,40.93,0.44,0.64,34,0.4,0.3,1
2026-08-20,EU,news,Smart hydration bottle,Electronics,24.66,0.44,0.73,34,0.4,0.3,1
2026-08-20,EU,search,Walking pad,Fitness,35.23,0.41,0.55,47,0.62,0.47,1
2026-08-20,EU,reddit,Walking pad,Fitness,24.11,0.39,0.6,47,0.62,0.47,1
2026-08-20,EU,youtube,Walking pad,Fitness,45.24,0.39,0.54,47,0.62,0.47,1
2026-08-20,EU,marketplace,Walking pad,Fitness,31.97,0.35,0.56,47,0.62,0.47,1
2026-08-20,EU,news,Walking pad,Fitness,18.25,0.36,0.5,47,0.62,0.47,1
2026-08-20,EU,search,Millet snacks,Food,43.75,0.49,0.8,34,0.4,0.3,1
2026-08-20,EU,reddit,Millet snacks,Food,29.78,0.41,0.78,34,0.4,0.3,1
2026-08-20,EU,youtube,Millet snacks,Food,53.02,0.45,0.75,34,0.4,0.3,1
2026-08-20,EU,marketplace,Millet snacks,Food,35.96,0.41,0.72,34,0.4,0.3,1
2026-08-20,EU,news,Millet snacks,Food,21.14,0.4,0.81,34,0.4,0.3,1
2026-08-20,EU,search,Portable blender,Home,29.68,0.25,0.46,47,0.62,0.47,1
2026-08-20,EU,reddit,Portable blender,Home,23.0,0.35,0.49,47,0.62,0.47,1
2026-08-20,EU,youtube,Portable blender,Home,44.28,0.26,0.49,47,0.62,0.47,1
2026-08-20,EU,marketplace,Portable blender,Home,27.12,0.28,0.43,47,0.62,0.47,1
2026-08-20,EU,news,Portable blender,Home,16.19,0.25,0.47,47,0.62,0.47,1
2026-08-20,IN,search,Waterless skincare,Beauty,62.01,0.48,0.75,34,0.4,0.3,1
2026-08-20,IN,reddit,Waterless skincare,Beauty,45.37,0.47,0.75,34,0.4,0.3,1
2026-08-20,IN,youtube,Waterless skincare,Beauty,83.0,0.53,0.68,34,0.4,0.3,1
2026-08-20,IN,marketplace,Waterless skincare,Beauty,54.2,0.55,0.71,34,0.4,0.3,1
2026-08-20,IN,news,Waterless skincare,Beauty,36.81,0.5,0.77,34,0.4,0.3,1
2026-08-20,IN,search,Smart hydration bottle,Electronics,45.79,0.43,0.69,34,0.4,0.3,1
2026-08-20,IN,reddit,Smart hydration bottle,Electronics,35.25,0.43,0.73,34,0.4,0.3,1
2026-08-20,IN,youtube,Smart hydration bottle,Electronics,66.14,0.53,0.69,34,0.4,0.3,1
2026-08-20,IN,marketplace,Smart hydration bottle,Electronics,45.48,0.48,0.63,34,0.4,0.3,1
2026-08-20,IN,news,Smart hydration bottle,Electronics,27.45,0.5,0.7,34,0.4,0.3,1
2026-08-20,IN,search,Walking pad,Fitness,36.05,0.33,0.51,47,0.62,0.47,1
2026-08-20,IN,reddit,Walking pad,Fitness,26.08,0.37,0.52,47,0.62,0.47,1
2026-08-20,IN,youtube,Walking pad,Fitness,49.89,0.34,0.55,47,0.62,0.47,1
2026-08-20,IN,marketplace,Walking pad,Fitness,30.91,0.38,0.51,47,0.62,0.47,1
2026-08-20,IN,news,Walking pad,Fitness,20.27,0.37,0.53,47,0.62,0.47,1
2026-08-20,IN,search,Millet snacks,Food,53.68,0.5,0.75,34,0.4,0.3,1
2026-08-20,IN,reddit,Millet snacks,Food,39.74,0.45,0.75,34,0.4,0.3,1
2026-08-20,IN,youtube,Millet snacks,Food,75.41,0.38,0.81,34,0.4,0.3,1
2026-08-20,IN,marketplace,Millet snacks,Food,49.92,0.4,0.75,34,0.4,0.3,1
2026-08-20,IN,news,Millet snacks,Food,28.52,0.46,0.75,34,0.4,0.3,1
2026-08-20,IN,search,Portable blender,Home,30.07,0.3,0.46,47,0.62,0.47,1
2026-08-20,IN,reddit,Portable blender,Home,20.87,0.33,0.47,47,0.62,0.47,1
2026-08-20,IN,youtube,Portable blender,Home,39.72,0.33,0.47,47,0.62,0.47,1
2026-08-20,IN,marketplace,Portable blender,Home,26.46,0.34,0.45,47,0.62,0.47,1
2026-08-20,IN,news,Portable blender,Home,16.95,0.25,0.47,47,0.62,0.47,1
2026-08-21,US,search,Waterless skincare,Beauty,59.5,0.52,0.73,35,0.4,0.3,1
2026-08-21,US,reddit,Waterless skincare,Beauty,41.57,0.56,0.71,35,0.4,0.3,1
2026-08-21,US,youtube,Waterless skincare,Beauty,77.37,0.55,0.74,35,0.4,0.3,1
2026-08-21,US,marketplace,Waterless skincare,Beauty,51.1,0.47,0.74,35,0.4,0.3,1
2026-08-21,US,news,Waterless skincare,Beauty,31.2,0.48,0.74,35,0.4,0.3,1
2026-08-21,US,search,Smart hydration bottle,Electronics,54.9,0.49,0.72,35,0.4,0.3,1
2026-08-21,US,reddit,Smart hydration bottle,Electronics,45.58,0.46,0.64,35,0.4,0.3,1
2026-08-21,US,youtube,Smart hydration bottle,Electronics,75.32,0.53,0.66,35,0.4,0.3,1
2026-08-21,US,marketplace,Smart hydration bottle,Electronics,52.91,0.46,0.68,35,0.4,0.3,1
2026-08-21,US,news,Smart hydration bottle,Electronics,33.44,0.52,0.67,35,0.4,0.3,1
2026-08-21,US,search,Walking pad,Fitness,38.57,0.37,0.58,47,0.63,0.47,1
2026-08-21,US,reddit,Walking pad,Fitness,29.92,0.39,0.6,47,0.63,0.47,1
2026-08-21,US,youtube,Walking pad,Fitness,55.28,0.38,0.52,47,0.63,0.47,1
2026-08-21,US,marketplace,Walking pad,Fitness,37.0,0.38,0.6,47,0.63,0.47,1
2026-08-21,US,news,Walking pad,Fitness,22.36,0.4,0.57,47,0.63,0.47,1
2026-08-21,US,search,Millet snacks,Food,44.48,0.46,0.8,35,0.4,0.3,1
2026-08-21,US,reddit,Millet snacks,Food,31.41,0.44,0.75,35,0.4,0.3,1
2026-08-21,US,youtube,Millet snacks,Food,59.33,0.43,0.72,35,0.4,0.3,1
2026-08-21,US,marketplace,Millet snacks,Food,39.34,0.41,0.8,35,0.4,0.3,1
2026-08-21,US,news,Millet snacks,Food,25.05,0.41,0.78,35,0.4,0.3,1
2026-08-21,US,search,Portable blender,Home,30.37,0.3,0.48,47,0.63,0.47,1
2026-08-21,US,reddit,Portable blender,Home,20.51,0.3,0.45,47,0.63,0.47,1
2026-08-21,US,youtube,Portable blender,Home,38.81,0.31,0.51,47,0.63,0.47,1
2026-08-21,US,marketplace,Portable blender,Home,26.52,0.33,0.45,47,0.63,0.47,1
2026-08-21,US,news,Portable blender,Home,16.92,0.31,0.51,47,0.63,0.47,1
2026-08-21,GB,search,Waterless skincare,Beauty,60.06,0.53,0.75,35,0.4,0.3,1
2026-08-21,GB,reddit,Waterless skincare,Beauty,41.7,0.54,0.69,35,0.4,0.3,1
2026-08-21,GB,youtube,Waterless skincare,Beauty,84.41,0.46,0.71,35,0.4,0.3,1
2026-08-21,GB,marketplace,Waterless skincare,Beauty,50.07,0.55,0.69,35,0.4,0.3,1
2026-08-21,GB,news,Waterless skincare,Beauty,30.19,0.48,0.73,35,0.4,0.3,1
2026-08-21,GB,search,Smart hydration bottle,Electronics,45.83,0.44,0.72,35,0.4,0.3,1
2026-08-21,GB,reddit,Smart hydration bottle,Electronics,33.77,0.51,0.69,35,0.4,0.3,1
2026-08-21,GB,youtube,Smart hydration bottle,Electronics,64.71,0.5,0.66,35,0.4,0.3,1
2026-08-21,GB,marketplace,Smart hydration bottle,Electronics,39.13,0.48,0.64,35,0.4,0.3,1
2026-08-21,GB,news,Smart hydration bottle,Electronics,25.64,0.44,0.64,35,0.4,0.3,1
2026-08-21,GB,search,Walking pad,Fitness,39.59,0.36,0.52,47,0.63,0.47,1
2026-08-21,GB,reddit,Walking pad,Fitness,30.68,0.33,0.53,47,0.63,0.47,1
2026-08-21,GB,youtube,Walking pad,Fitness,49.19,0.41,0.52,47,0.63,0.47,1
2026-08-21,GB,marketplace,Walking pad,Fitness,35.97,0.36,0.56,47,0.63,0.47,1
2026-08-21,GB,news,Walking pad,Fitness,21.19,0.38,0.57,47,0.63,0.47,1
2026-08-21,GB,search,Millet snacks,Food,38.77,0.38,0.72,35,0.4,0.3,1
2026-08-21,GB,reddit,Millet snacks,Food,31.59,0.5,0.78,35,0.4,0.3,1
2026-08-21,GB,youtube,Millet snacks,Food,59.76,0.42,0.74,35,0.4,0.3,1
2026-08-21,GB,marketplace,Millet snacks,Food,39.88,0.4,0.79,35,0.4,0.3,1
2026-08-21,GB,news,Millet snacks,Food,24.31,0.48,0.76,35,0.4,0.3,1
2026-08-21,GB,search,Portable blender,Home,27.78,0.26,0.52,47,0.63,0.47,1
2026-08-21,GB,reddit,Portable blender,Home,22.81,0.29,0.47,47,0.63,0.47,1
2026-08-21,GB,youtube,Portable blender,Home,36.5,0.27,0.48,47,0.63,0.47,1
2026-08-21,GB,marketplace,Portable blender,Home,25.65,0.25,0.48,47,0.63,0.47,1
2026-08-21,GB,news,Portable blender,Home,16.1,0.34,0.5,47,0.63,0.47,1
2026-08-21,EU,search,Waterless skincare,Beauty,61.35,0.48,0.68,35,0.4,0.3,1
2026-08-21,EU,reddit,Waterless skincare,Beauty,49.35,0.57,0.75,35,0.4,0.3,1
2026-08-21,EU,youtube,Waterless skincare,Beauty,78.16,0.53,0.74,35,0.4,0.3,1
2026-08-21,EU,marketplace,Waterless skincare,Beauty,57.4,0.52,0.76,35,0.4,0.3,1
2026-08-21,EU,news,Waterless skincare,Beauty,34.18,0.55,0.7,35,0.4,0.3,1
2026-08-21,EU,search,Smart hydration bottle,Electronics,47.19,0.49,0.65,35,0.4,0.3,1
2026-08-21,EU,reddit,Smart hydration bottle,Electronics,32.95,0.43,0.7,35,0.4,0.3,1
2026-08-21,EU,youtube,Smart hydration bottle,Electronics,57.64,0.46,0.69,35,0.4,0.3,1
2026-08-21,EU,marketplace,Smart hydration bottle,Electronics,42.45,0.44,0.7,35,0.4,0.3,1
2026-08-21,EU,news,Smart hydration bottle,Electronics,25.37,0.43,0.7,35,0.4,0.3,1
2026-08-21,EU,search,Walking pad,Fitness,33.01,0.39,0.54,47,0.63,0.47,1
2026-08-21,EU,reddit,Walking pad,Fitness,24.79,0.39,0.5,47,0.63,0.47,1
2026-08-21,EU,youtube,Walking pad,Fitness,43.37,0.33,0.51,47,0.63,0.47,1
2026-08-21,EU,marketplace,Walking pad,Fitness,30.2,0.35,0.53,47,0.63,0.47,1
2026-08-21,EU,news,Walking pad,Fitness,18.62,0.42,0.52,47,0.63,0.47,1
2026-08-21,EU,search,Millet snacks,Food,43.26,0.44,0.71,35,0.4,0.3,1
2026-08-21,EU,reddit,Millet snacks,Food,31.83,0.39,0.75,35,0.4,0.3,1
2026-08-21,EU,youtube,Millet snacks,Food,52.35,0.48,0.81,35,0.4,0.3,1
2026-08-21,EU,marketplace,Millet snacks,Food,36.75,0.48,0.76,35,0.4,0.3,1
2026-08-21,EU,news,Millet snacks,Food,23.31,0.49,0.71,35,0.4,0.3,1
2026-08-21,EU,search,Portable blender,Home,30.2,0.27,0.48,47,0.63,0.47,1
2026-08-21,EU,reddit,Portable blender,Home,24.46,0.33,0.47,47,0.63,0.47,1
2026-08-21,EU,youtube,Portable blender,Home,40.27,0.24,0.45,47,0.63,0.47,1
2026-08-21,EU,marketplace,Portable blender,Home,28.33,0.27,0.48,47,0.63,0.47,1
2026-08-21,EU,news,Portable blender,Home,17.77,0.35,0.45,47,0.63,0.47,1
2026-08-21,IN,search,Waterless skincare,Beauty,67.64,0.49,0.74,35,0.4,0.3,1
2026-08-21,IN,reddit,Waterless skincare,Beauty,47.38,0.48,0.73,35,0.4,0.3,1
2026-08-21,IN,youtube,Waterless skincare,Beauty,84.3,0.47,0.74,35,0.4,0.3,1
2026-08-21,IN,marketplace,Waterless skincare,Beauty,54.14,0.5,0.7,35,0.4,0.3,1
2026-08-21,IN,news,Waterless skincare,Beauty,35.57,0.52,0.69,35,0.4,0.3,1
2026-08-21,IN,search,Smart hydration bottle,Electronics,46.25,0.53,0.67,35,0.4,0.3,1
2026-08-21,IN,reddit,Smart hydration bottle,Electronics,34.39,0.47,0.66,35,0.4,0.3,1
2026-08-21,IN,youtube,Smart hydration bottle,Electronics,63.89,0.47,0.7,35,0.4,0.3,1
2026-08-21,IN,marketplace,Smart hydration bottle,Electronics,43.23,0.5,0.73,35,0.4,0.3,1
2026-08-21,IN,news,Smart hydration bottle,Electronics,26.76,0.46,0.7,35,0.4,0.3,1
2026-08-21,IN,search,Walking pad,Fitness,35.83,0.35,0.55,47,0.63,0.47,1
2026-08-21,IN,reddit,Walking pad,Fitness,25.04,0.39,0.5,47,0.63,0.47,1
2026-08-21,IN,youtube,Walking pad,Fitness,46.22,0.33,0.52,47,0.63,0.47,1
2026-08-21,IN,marketplace,Walking pad,Fitness,31.43,0.42,0.52,47,0.63,0.47,1
2026-08-21,IN,news,Walking pad,Fitness,19.43,0.37,0.56,47,0.63,0.47,1
2026-08-21,IN,search,Millet snacks,Food,51.22,0.46,0.8,35,0.4,0.3,1
2026-08-21,IN,reddit,Millet snacks,Food,38.49,0.42,0.72,35,0.4,0.3,1
2026-08-21,IN,youtube,Millet snacks,Food,69.55,0.48,0.74,35,0.4,0.3,1
2026-08-21,IN,marketplace,Millet snacks,Food,48.21,0.4,0.75,35,0.4,0.3,1
2026-08-21,IN,news,Millet snacks,Food,27.81,0.49,0.77,35,0.4,0.3,1
2026-08-21,IN,search,Portable blender,Home,28.28,0.26,0.43,47,0.63,0.47,1
2026-08-21,IN,reddit,Portable blender,Home,21.06,0.24,0.48,47,0.63,0.47,1
2026-08-21,IN,youtube,Portable blender,Home,40.08,0.27,0.53,47,0.63,0.47,1
2026-08-21,IN,marketplace,Portable blender,Home,27.04,0.32,0.48,47,0.63,0.47,1
2026-08-21,IN,news,Portable blender,Home,16.23,0.27,0.47,47,0.63,0.47,1
2026-08-22,US,search,Waterless skincare,Beauty,59.34,0.51,0.71,35,0.41,0.3,1
2026-08-22,US,reddit,Waterless skincare,Beauty,42.71,0.51,0.69,35,0.41,0.3,1
2026-08-22,US,youtube,Waterless skincare,Beauty,78.45,0.48,0.77,35,0.41,0.3,1
2026-08-22,US,marketplace,Waterless skincare,Beauty,53.27,0.56,0.71,35,0.41,0.3,1
2026-08-22,US,news,Waterless skincare,Beauty,31.97,0.46,0.73,35,0.41,0.3,1
2026-08-22,US,search,Smart hydration bottle,Electronics,57.06,0.42,0.65,35,0.41,0.3,1
2026-08-22,US,reddit,Smart hydration bottle,Electronics,45.41,0.48,0.69,35,0.41,0.3,1
2026-08-22,US,youtube,Smart hydration bottle,Electronics,81.01,0.43,0.71,35,0.41,0.3,1
2026-08-22,US,marketplace,Smart hydration bottle,Electronics,53.51,0.51,0.66,35,0.41,0.3,1
2026-08-22,US,news,Smart hydration bottle,Electronics,30.79,0.51,0.67,35,0.41,0.3,1
2026-08-22,US,search,Walking pad,Fitness,37.91,0.42,0.56,48,0.63,0.47,1
2026-08-22,US,reddit,Walking pad,Fitness,28.03,0.34,0.54,48,0.63,0.47,1
2026-08-22,US,youtube,Walking pad,Fitness,48.22,0.37,0.56,48,0.63,0.47,1
2026-08-22,US,marketplace,Walking pad,Fitness,35.81,0.36,0.53,48,0.63,0.47,1
2026-08-22,US,news,Walking pad,Fitness,19.78,0.41,0.59,48,0.63,0.47,1
2026-08-22,US,search,Millet snacks,Food,42.27,0.47,0.72,35,0.41,0.3,1
2026-08-22,US,reddit,Millet snacks,Food,30.3,0.4,0.71,35,0.41,0.3,1
2026-08-22,US,youtube,Millet snacks,Food,58.96,0.42,0.73,35,0.41,0.3,1
2026-08-22,US,marketplace,Millet snacks,Food,37.96,0.48,0.75,35,0.41,0.3,1
2026-08-22,US,news,Millet snacks,Food,23.87,0.42,0.73,35,0.41,0.3,1
2026-08-22,US,search,Portable blender,Home,27.18,0.31,0.47,48,0.63,0.47,1
2026-08-22,US,reddit,Portable blender,Home,21.7,0.32,0.48,48,0.63,0.47,1
2026-08-22,US,youtube,Portable blender,Home,38.72,0.3,0.51,48,0.63,0.47,1
2026-08-22,US,marketplace,Portable blender,Home,25.22,0.3,0.45,48,0.63,0.47,1
2026-08-22,US,news,Portable blender,Home,15.63,0.26,0.49,48,0.63,0.47,1
2026-08-22,GB,search,Waterless skincare,Beauty,62.53,0.49,0.74,35,0.41,0.3,1
2026-08-22,GB,reddit,Waterless skincare,Beauty,45.36,0.57,0.73,35,0.41,0.3,1
2026-08-22,GB,youtube,Waterless skincare,Beauty,75.67,0.57,0.67,35,0.41,0.3,1
2026-08-22,GB,marketplace,Waterless skincare,Beauty,55.28,0.49,0.72,35,0.41,0.3,1
2026-08-22,GB,news,Waterless skincare,Beauty,33.11,0.48,0.73,35,0.41,0.3,1
2026-08-22,GB,search,Smart hydration bottle,Electronics,46.69,0.51,0.66,35,0.41,0.3,1
2026-08-22,GB,reddit,Smart hydration bottle,Electronics,33.84,0.43,0.68,35,0.41,0.3,1
2026-08-22,GB,youtube,Smart hydration bottle,Electronics,63.54,0.44,0.7,35,0.41,0.3,1
2026-08-22,GB,marketplace,Smart hydration bottle,Electronics,41.23,0.5,0.64,35,0.41,0.3,1
2026-08-22,GB,news,Smart hydration bottle,Electronics,24.65,0.42,0.7,35,0.41,0.3,1
2026-08-22,GB,search,Walking pad,Fitness,38.3,0.36,0.52,48,0.63,0.47,1
2026-08-22,GB,reddit,Walking pad,Fitness,30.98,0.36,0.53,48,0.63,0.47,1
2026-08-22,GB,youtube,Walking pad,Fitness,55.83,0.33,0.52,48,0.63,0.47,1
2026-08-22,GB,marketplace,Walking pad,Fitness,33.96,0.31,0.54,48,0.63,0.47,1
2026-08-22,GB,news,Walking pad,Fitness,20.29,0.41,0.54,48,0.63,0.47,1
2026-08-22,GB,search,Millet snacks,Food,39.62,0.41,0.72,35,0.41,0.3,1
2026-08-22,GB,reddit,Millet snacks,Food,30.01,0.48,0.72,35,0.41,0.3,1
2026-08-22,GB,youtube,Millet snacks,Food,55.08,0.4,0.8,35,0.41,0.3,1
2026-08-22,GB,marketplace,Millet snacks,Food,39.78,0.4,0.8,35,0.41,0.3,1
2026-08-22,GB,news,Millet snacks,Food,21.85,0.4,0.8,35,0.41,0.3,1
2026-08-22,GB,search,Portable blender,Home,28.69,0.26,0.45,48,0.63,0.47,1
2026-08-22,GB,reddit,Portable blender,Home,20.95,0.24,0.46,48,0.63,0.47,1
2026-08-22,GB,youtube,Portable blender,Home,37.7,0.33,0.44,48,0.63,0.47,1
2026-08-22,GB,marketplace,Portable blender,Home,27.08,0.31,0.46,48,0.63,0.47,1
2026-08-22,GB,news,Portable blender,Home,15.15,0.27,0.44,48,0.63,0.47,1
2026-08-22,EU,search,Waterless skincare,Beauty,57.96,0.52,0.7,35,0.41,0.3,1
2026-08-22,EU,reddit,Waterless skincare,Beauty,46.69,0.5,0.73,35,0.41,0.3,1
2026-08-22,EU,youtube,Waterless skincare,Beauty,82.9,0.49,0.75,35,0.41,0.3,1
2026-08-22,EU,marketplace,Waterless skincare,Beauty,52.19,0.53,0.74,35,0.41,0.3,1
2026-08-22,EU,news,Waterless skincare,Beauty,32.36,0.54,0.7,35,0.41,0.3,1
2026-08-22,EU,search,Smart hydration bottle,Electronics,43.94,0.43,0.67,35,0.41,0.3,1
2026-08-22,EU,reddit,Smart hydration bottle,Electronics,32.59,0.43,0.73,35,0.41,0.3,1
2026-08-22,EU,youtube,Smart hydration bottle,Electronics,60.78,0.51,0.69,35,0.41,0.3,1
2026-08-22,EU,marketplace,Smart hydration bottle,Electronics,39.18,0.45,0.67,35,0.41,0.3,1
2026-08-22,EU,news,Smart hydration bottle,Electronics,23.96,0.49,0.68,35,0.41,0.3,1
2026-08-22,EU,search,Walking pad,Fitness,33.16,0.34,0.57,48,0.63,0.47,1
2026-08-22,EU,reddit,Walking pad,Fitness,24.45,0.39,0.56,48,0.63,0.47,1
2026-08-22,EU,youtube,Walking pad,Fitness,45.31,0.37,0.58,48,0.63,0.47,1
2026-08-22,EU,marketplace,Walking pad,Fitness,30.38,0.32,0.52,48,0.63,0.47,1
2026-08-22,EU,news,Walking pad,Fitness,17.11,0.36,0.58,48,0.63,0.47,1
2026-08-22,EU,search,Millet snacks,Food,39.41,0.5,0.78,35,0.41,0.3,1
2026-08-22,EU,reddit,Millet snacks,Food,31.85,0.41,0.74,35,0.41,0.3,1
2026-08-22,EU,youtube,Millet snacks,Food,57.99,0.4,0.78,35,0.41,0.3,1
2026-08-22,EU,marketplace,Millet snacks,Food,35.33,0.42,0.76,35,0.41,0.3,1
2026-08-22,EU,news,Millet snacks,Food,23.64,0.4,0.74,35,0.41,0.3,1
2026-08-22,EU,search,Portable blender,Home,29.37,0.24,0.5,48,0.63,0.47,1
2026-08-22,EU,reddit,Portable blender,Home,21.69,0.27,0.53,48,0.63,0.47,1
2026-08-22,EU,youtube,Portable blender,Home,43.75,0.26,0.48,48,0.63,0.47,1
2026-08-22,EU,marketplace,Portable blender,Home,28.14,0.33,0.47,48,0.63,0.47,1
2026-08-22,EU,news,Portable blender,Home,16.08,0.26,0.43,48,0.63,0.47,1
2026-08-22,IN,search,Waterless skincare,Beauty,67.13,0.47,0.7,35,0.41,0.3,1
2026-08-22,IN,reddit,Waterless skincare,Beauty,47.63,0.51,0.74,35,0.41,0.3,1
2026-08-22,IN,youtube,Waterless skincare,Beauty,87.86,0.47,0.67,35,0.41,0.3,1
2026-08-22,IN,marketplace,Waterless skincare,Beauty,60.34,0.53,0.71,35,0.41,0.3,1
2026-08-22,IN,news,Waterless skincare,Beauty,36.58,0.57,0.73,35,0.41,0.3,1
2026-08-22,IN,search,Smart hydration bottle,Electronics,49.96,0.43,0.72,35,0.41,0.3,1
2026-08-22,IN,reddit,Smart hydration bottle,Electronics,33.4,0.52,0.69,35,0.41,0.3,1
2026-08-22,IN,youtube,Smart hydration bottle,Electronics,65.83,0.42,0.66,35,0.41,0.3,1
2026-08-22,IN,marketplace,Smart hydration bottle,Electronics,42.24,0.52,0.66,35,0.41,0.3,1
2026-08-22,IN,news,Smart hydration bottle,Electronics,24.57,0.48,0.64,35,0.41,0.3,1
2026-08-22,IN,search,Walking pad,Fitness,35.87,0.35,0.51,48,0.63,0.47,1
2026-08-22,IN,reddit,Walking pad,Fitness,27.22,0.32,0.5,48,0.63,0.47,1
2026-08-22,IN,youtube,Walking pad,Fitness,48.48,0.4,0.52,48,0.63,0.47,1
2026-08-22,IN,marketplace,Walking pad,Fitness,32.63,0.33,0.59,48,0.63,0.47,1
2026-08-22,IN,news,Walking pad,Fitness,19.0,0.36,0.6,48,0.63,0.47,1
2026-08-22,IN,search,Millet snacks,Food,56.51,0.49,0.77,35,0.41,0.3,1
2026-08-22,IN,reddit,Millet snacks,Food,38.16,0.4,0.77,35,0.41,0.3,1
2026-08-22,IN,youtube,Millet snacks,Food,76.58,0.41,0.78,35,0.41,0.3,1
2026-08-22,IN,marketplace,Millet snacks,Food,48.74,0.4,0.71,35,0.41,0.3,1
2026-08-22,IN,news,Millet snacks,Food,29.43,0.43,0.75,35,0.41,0.3,1
2026-08-22,IN,search,Portable blender,Home,28.95,0.31,0.53,48,0.63,0.47,1
2026-08-22,IN,reddit,Portable blender,Home,21.42,0.27,0.43,48,0.63,0.47,1
2026-08-22,IN,youtube,Portable blender,Home,36.16,0.24,0.44,48,0.63,0.47,1
2026-08-22,IN,marketplace,Portable blender,Home,26.9,0.25,0.47,48,0.63,0.47,1
2026-08-22,IN,news,Portable blender,Home,16.01,0.26,0.48,48,0.63,0.47,1
2026-08-23,US,search,Waterless skincare,Beauty,54.75,0.56,0.76,35,0.41,0.31,1
2026-08-23,US,reddit,Waterless skincare,Beauty,40.0,0.58,0.73,35,0.41,0.31,1
2026-08-23,US,youtube,Waterless skincare,Beauty,73.09,0.54,0.75,35,0.41,0.31,1
2026-08-23,US,marketplace,Waterless skincare,Beauty,52.8,0.55,0.73,35,0.41,0.31,1
2026-08-23,US,news,Waterless skincare,Beauty,31.03,0.5,0.72,35,0.41,0.31,1
2026-08-23,US,search,Smart hydration bottle,Electronics,56.01,0.52,0.72,35,0.41,0.31,1
2026-08-23,US,reddit,Smart hydration bottle,Electronics,43.58,0.49,0.65,35,0.41,0.31,1
2026-08-23,US,youtube,Smart hydration bottle,Electronics,73.4,0.46,0.68,35,0.41,0.31,1
2026-08-23,US,marketplace,Smart hydration bottle,Electronics,51.39,0.49,0.69,35,0.41,0.31,1
2026-08-23,US,news,Smart hydration bottle,Electronics,31.23,0.51,0.67,35,0.41,0.31,1
2026-08-23,US,search,Walking pad,Fitness,37.6,0.36,0.57,48,0.64,0.48,1
2026-08-23,US,reddit,Walking pad,Fitness,26.86,0.35,0.52,48,0.64,0.48,1
2026-08-23,US,youtube,Walking pad,Fitness,49.6,0.39,0.51,48,0.64,0.48,1
2026-08-23,US,marketplace,Walking pad,Fitness,31.78,0.34,0.58,48,0.64,0.48,1
2026-08-23,US,news,Walking pad,Fitness,21.07,0.42,0.53,48,0.64,0.48,1
2026-08-23,US,search,Millet snacks,Food,44.07,0.47,0.8,35,0.41,0.31,1
2026-08-23,US,reddit,Millet snacks,Food,31.82,0.47,0.77,35,0.41,0.31,1
2026-08-23,US,youtube,Millet snacks,Food,57.98,0.49,0.75,35,0.41,0.31,1
2026-08-23,US,marketplace,Millet snacks,Food,35.44,0.45,0.73,35,0.41,0.31,1
2026-08-23,US,news,Millet snacks,Food,22.61,0.44,0.8,35,0.41,0.31,1
2026-08-23,US,search,Portable blender,Home,26.4,0.29,0.51,48,0.64,0.48,1
2026-08-23,US,reddit,Portable blender,Home,22.12,0.25,0.44,48,0.64,0.48,1
2026-08-23,US,youtube,Portable blender,Home,37.1,0.28,0.5,48,0.64,0.48,1
2026-08-23,US,marketplace,Portable blender,Home,25.05,0.34,0.46,48,0.64,0.48,1
2026-08-23,US,news,Portable blender,Home,14.71,0.24,0.51,48,0.64,0.48,1
2026-08-23,GB,search,Waterless skincare,Beauty,61.63,0.5,0.7,35,0.41,0.31,1
2026-08-23,GB,reddit,Waterless skincare,Beauty,44.05,0.58,0.73,35,0.41,0.31,1
2026-08-23,GB,youtube,Waterless skincare,Beauty,76.32,0.51,0.69,35,0.41,0.31,1
2026-08-23,GB,marketplace,Waterless skincare,Beauty,50.31,0.49,0.69,35,0.41,0.31,1
2026-08-23,GB,news,Waterless skincare,Beauty,33.53,0.55,0.76,35,0.41,0.31,1
2026-08-23,GB,search,Smart hydration bottle,Electronics,45.23,0.51,0.7,35,0.41,0.31,1
2026-08-23,GB,reddit,Smart hydration bottle,Electronics,34.35,0.5,0.67,35,0.41,0.31,1
2026-08-23,GB,youtube,Smart hydration bottle,Electronics,64.95,0.47,0.65,35,0.41,0.31,1
2026-08-23,GB,marketplace,Smart hydration bottle,Electronics,43.89,0.45,0.71,35,0.41,0.31,1
2026-08-23,GB,news,Smart hydration bottle,Electronics,26.55,0.46,0.72,35,0.41,0.31,1
2026-08-23,GB,search,Walking pad,Fitness,36.59,0.32,0.52,48,0.64,0.48,1
2026-08-23,GB,reddit,Walking pad,Fitness,28.15,0.41,0.56,48,0.64,0.48,1
2026-08-23,GB,youtube,Walking pad,Fitness,50.38,0.36,0.56,48,0.64,0.48,1
2026-08-23,GB,marketplace,Walking pad,Fitness,35.28,0.32,0.55,48,0.64,0.48,1
2026-08-23,GB,news,Walking pad,Fitness,20.63,0.33,0.52,48,0.64,0.48,1
2026-08-23,GB,search,Millet snacks,Food,41.06,0.47,0.8,35,0.41,0.31,1
2026-08-23,GB,reddit,Millet snacks,Food,31.4,0.45,0.79,35,0.41,0.31,1
2026-08-23,GB,youtube,Millet snacks,Food,59.41,0.42,0.73,35,0.41,0.31,1
2026-08-23,GB,marketplace,Millet snacks,Food,38.54,0.43,0.74,35,0.41,0.31,1
2026-08-23,GB,news,Millet snacks,Food,23.83,0.49,0.77,35,0.41,0.31,1
2026-08-23,GB,search,Portable blender,Home,26.43,0.24,0.45,48,0.64,0.48,1
2026-08-23,GB,reddit,Portable blender,Home,21.2,0.27,0.47,48,0.64,0.48,1
2026-08-23,GB,youtube,Portable blender,Home,35.71,0.27,0.44,48,0.64,0.48,1
2026-08-23,GB,marketplace,Portable blender,Home,25.63,0.24,0.44,48,0.64,0.48,1
2026-08-23,GB,news,Portable blender,Home,14.73,0.3,0.46,48,0.64,0.48,1
2026-08-23,EU,search,Waterless skincare,Beauty,64.83,0.49,0.74,35,0.41,0.31,1
2026-08-23,EU,reddit,Waterless skincare,Beauty,45.08,0.54,0.69,35,0.41,0.31,1
2026-08-23,EU,youtube,Waterless skincare,Beauty,88.13,0.56,0.71,35,0.41,0.31,1
2026-08-23,EU,marketplace,Waterless skincare,Beauty,53.38,0.48,0.7,35,0.41,0.31,1
2026-08-23,EU,news,Waterless skincare,Beauty,31.78,0.48,0.71,35,0.41,0.31,1
2026-08-23,EU,search,Smart hydration bottle,Electronics,43.32,0.45,0.68,35,0.41,0.31,1
2026-08-23,EU,reddit,Smart hydration bottle,Electronics,32.36,0.46,0.65,35,0.41,0.31,1
2026-08-23,EU,youtube,Smart hydration bottle,Electronics,59.3,0.46,0.64,35,0.41,0.31,1
2026-08-23,EU,marketplace,Smart hydration bottle,Electronics,41.46,0.48,0.65,35,0.41,0.31,1
2026-08-23,EU,news,Smart hydration bottle,Electronics,23.74,0.44,0.67,35,0.41,0.31,1
2026-08-23,EU,search,Walking pad,Fitness,32.47,0.38,0.58,48,0.64,0.48,1
2026-08-23,EU,reddit,Walking pad,Fitness,25.43,0.39,0.5,48,0.64,0.48,1
2026-08-23,EU,youtube,Walking pad,Fitness,42.29,0.42,0.51,48,0.64,0.48,1
2026-08-23,EU,marketplace,Walking pad,Fitness,28.12,0.41,0.54,48,0.64,0.48,1
2026-08-23,EU,news,Walking pad,Fitness,19.5,0.33,0.58,48,0.64,0.48,1
2026-08-23,EU,search,Millet snacks,Food,42.27,0.41,0.76,35,0.41,0.31,1
2026-08-23,EU,reddit,Millet snacks,Food,29.88,0.41,0.76,35,0.41,0.31,1
2026-08-23,EU,youtube,Millet snacks,Food,53.22,0.43,0.79,35,0.41,0.31,1
2026-08-23,EU,marketplace,Millet snacks,Food,36.14,0.46,0.78,35,0.41,0.31,1
2026-08-23,EU,news,Millet snacks,Food,22.71,0.49,0.72,35,0.41,0.31,1
2026-08-23,EU,search,Portable blender,Home,30.26,0.3,0.43,48,0.64,0.48,1
2026-08-23,EU,reddit,Portable blender,Home,21.69,0.34,0.43,48,0.64,0.48,1
2026-08-23,EU,youtube,Portable blender,Home,39.52,0.28,0.5,48,0.64,0.48,1
2026-08-23,EU,marketplace,Portable blender,Home,28.19,0.28,0.52,48,0.64,0.48,1
2026-08-23,EU,news,Portable blender,Home,17.37,0.29,0.52,48,0.64,0.48,1
2026-08-23,IN,search,Waterless skincare,Beauty,62.74,0.57,0.71,35,0.41,0.31,1
2026-08-23,IN,reddit,Waterless skincare,Beauty,47.15,0.5,0.73,35,0.41,0.31,1
2026-08-23,IN,youtube,Waterless skincare,Beauty,81.25,0.49,0.77,35,0.41,0.31,1
2026-08-23,IN,marketplace,Waterless skincare,Beauty,54.59,0.5,0.76,35,0.41,0.31,1
2026-08-23,IN,news,Waterless skincare,Beauty,34.05,0.5,0.74,35,0.41,0.31,1
2026-08-23,IN,search,Smart hydration bottle,Electronics,44.68,0.52,0.64,35,0.41,0.31,1
2026-08-23,IN,reddit,Smart hydration bottle,Electronics,36.06,0.48,0.67,35,0.41,0.31,1
2026-08-23,IN,youtube,Smart hydration bottle,Electronics,61.43,0.42,0.69,35,0.41,0.31,1
2026-08-23,IN,marketplace,Smart hydration bottle,Electronics,44.02,0.44,0.65,35,0.41,0.31,1
2026-08-23,IN,news,Smart hydration bottle,Electronics,26.55,0.52,0.65,35,0.41,0.31,1
2026-08-23,IN,search,Walking pad,Fitness,34.54,0.43,0.53,48,0.64,0.48,1
2026-08-23,IN,reddit,Walking pad,Fitness,25.82,0.34,0.57,48,0.64,0.48,1
2026-08-23,IN,youtube,Walking pad,Fitness,42.49,0.31,0.54,48,0.64,0.48,1
2026-08-23,IN,marketplace,Walking pad,Fitness,28.28,0.32,0.58,48,0.64,0.48,1
2026-08-23,IN,news,Walking pad,Fitness,17.27,0.36,0.57,48,0.64,0.48,1
2026-08-23,IN,search,Millet snacks,Food,52.17,0.5,0.78,35,0.41,0.31,1
2026-08-23,IN,reddit,Millet snacks,Food,39.0,0.48,0.76,35,0.41,0.31,1
2026-08-23,IN,youtube,Millet snacks,Food,68.78,0.49,0.8,35,0.41,0.31,1
2026-08-23,IN,marketplace,Millet snacks,Food,47.62,0.41,0.81,35,0.41,0.31,1
2026-08-23,IN,news,Millet snacks,Food,30.4,0.41,0.72,35,0.41,0.31,1
2026-08-23,IN,search,Portable blender,Home,29.05,0.34,0.49,48,0.64,0.48,1
2026-08-23,IN,reddit,Portable blender,Home,20.45,0.26,0.46,48,0.64,0.48,1
2026-08-23,IN,youtube,Portable blender,Home,37.82,0.27,0.48,48,0.64,0.48,1
2026-08-23,IN,marketplace,Portable blender,Home,24.26,0.26,0.43,48,0.64,0.48,1
2026-08-23,IN,news,Portable blender,Home,14.96,0.33,0.53,48,0.64,0.48,1
2026-08-24,US,search,Waterless skincare,Beauty,56.77,0.48,0.72,36,0.41,0.31,1
2026-08-24,US,reddit,Waterless skincare,Beauty,40.22,0.5,0.69,36,0.41,0.31,1
2026-08-24,US,youtube,Waterless skincare,Beauty,74.04,0.58,0.73,36,0.41,0.31,1
2026-08-24,US,marketplace,Waterless skincare,Beauty,53.86,0.53,0.76,36,0.41,0.31,1
2026-08-24,US,news,Waterless skincare,Beauty,32.15,0.57,0.7,36,0.41,0.31,1
2026-08-24,US,search,Smart hydration bottle,Electronics,57.16,0.53,0.67,36,0.41,0.31,1
2026-08-24,US,reddit,Smart hydration bottle,Electronics,43.59,0.49,0.64,36,0.41,0.31,1
2026-08-24,US,youtube,Smart hydration bottle,Electronics,78.27,0.49,0.66,36,0.41,0.31,1
2026-08-24,US,marketplace,Smart hydration bottle,Electronics,52.96,0.49,0.66,36,0.41,0.31,1
2026-08-24,US,news,Smart hydration bottle,Electronics,30.12,0.45,0.66,36,0.41,0.31,1
2026-08-24,US,search,Walking pad,Fitness,36.3,0.38,0.5,49,0.64,0.48,1
2026-08-24,US,reddit,Walking pad,Fitness,26.57,0.35,0.53,49,0.64,0.48,1
2026-08-24,US,youtube,Walking pad,Fitness,48.43,0.41,0.59,49,0.64,0.48,1
2026-08-24,US,marketplace,Walking pad,Fitness,34.04,0.37,0.54,49,0.64,0.48,1
2026-08-24,US,news,Walking pad,Fitness,20.02,0.41,0.58,49,0.64,0.48,1
2026-08-24,US,search,Millet snacks,Food,42.07,0.44,0.76,36,0.41,0.31,1
2026-08-24,US,reddit,Millet snacks,Food,32.37,0.47,0.72,36,0.41,0.31,1
2026-08-24,US,youtube,Millet snacks,Food,58.25,0.42,0.8,36,0.41,0.31,1
2026-08-24,US,marketplace,Millet snacks,Food,39.17,0.45,0.79,36,0.41,0.31,1
2026-08-24,US,news,Millet snacks,Food,22.88,0.4,0.77,36,0.41,0.31,1
2026-08-24,US,search,Portable blender,Home,27.45,0.24,0.44,49,0.64,0.48,1
2026-08-24,US,reddit,Portable blender,Home,21.06,0.24,0.51,49,0.64,0.48,1
2026-08-24,US,youtube,Portable blender,Home,36.88,0.24,0.48,49,0.64,0.48,1
2026-08-24,US,marketplace,Portable blender,Home,26.0,0.33,0.48,49,0.64,0.48,1
2026-08-24,US,news,Portable blender,Home,14.94,0.34,0.43,49,0.64,0.48,1
2026-08-24,GB,search,Waterless skincare,Beauty,56.59,0.51,0.69,36,0.41,0.31,1
2026-08-24,GB,reddit,Waterless skincare,Beauty,42.75,0.55,0.73,36,0.41,0.31,1
2026-08-24,GB,youtube,Waterless skincare,Beauty,75.06,0.54,0.68,36,0.41,0.31,1
2026-08-24,GB,marketplace,Waterless skincare,Beauty,55.64,0.5,0.7,36,0.41,0.31,1
2026-08-24,GB,news,Waterless skincare,Beauty,30.8,0.5,0.73,36,0.41,0.31,1
2026-08-24,GB,search,Smart hydration bottle,Electronics,47.6,0.5,0.7,36,0.41,0.31,1
2026-08-24,GB,reddit,Smart hydration bottle,Electronics,33.19,0.43,0.69,36,0.41,0.31,1
2026-08-24,GB,youtube,Smart hydration bottle,Electronics,61.48,0.5,0.68,36,0.41,0.31,1
2026-08-24,GB,marketplace,Smart hydration bottle,Electronics,44.02,0.53,0.7,36,0.41,0.31,1
2026-08-24,GB,news,Smart hydration bottle,Electronics,25.13,0.52,0.68,36,0.41,0.31,1
2026-08-24,GB,search,Walking pad,Fitness,38.23,0.35,0.57,49,0.64,0.48,1
2026-08-24,GB,reddit,Walking pad,Fitness,27.07,0.35,0.58,49,0.64,0.48,1
2026-08-24,GB,youtube,Walking pad,Fitness,52.83,0.32,0.54,49,0.64,0.48,1
2026-08-24,GB,marketplace,Walking pad,Fitness,34.65,0.38,0.53,49,0.64,0.48,1
2026-08-24,GB,news,Walking pad,Fitness,19.66,0.34,0.59,49,0.64,0.48,1
2026-08-24,GB,search,Millet snacks,Food,39.49,0.41,0.77,36,0.41,0.31,1
2026-08-24,GB,reddit,Millet snacks,Food,30.06,0.48,0.74,36,0.41,0.31,1
2026-08-24,GB,youtube,Millet snacks,Food,56.85,0.39,0.8,36,0.41,0.31,1
2026-08-24,GB,marketplace,Millet snacks,Food,35.44,0.45,0.75,36,0.41,0.31,1
2026-08-24,GB,news,Millet snacks,Food,21.56,0.39,0.8,36,0.41,0.31,1
2026-08-24,GB,search,Portable blender,Home,29.64,0.3,0.47,49,0.64,0.48,1
2026-08-24,GB,reddit,Portable blender,Home,21.28,0.24,0.44,49,0.64,0.48,1
2026-08-24,GB,youtube,Portable blender,Home,40.1,0.31,0.47,49,0.64,0.48,1
2026-08-24,GB,marketplace,Portable blender,Home,25.39,0.34,0.52,49,0.64,0.48,1
2026-08-24,GB,news,Portable blender,Home,15.5,0.33,0.52,49,0.64,0.48,1
2026-08-24,EU,search,Waterless skincare,Beauty,62.1,0.53,0.72,36,0.41,0.31,1
2026-08-24,EU,reddit,Waterless skincare,Beauty,46.52,0.56,0.73,36,0.41,0.31,1
2026-08-24,EU,youtube,Waterless skincare,Beauty,88.6,0.55,0.68,36,0.41,0.31,1
2026-08-24,EU,marketplace,Waterless skincare,Beauty,54.69,0.49,0.7,36,0.41,0.31,1
2026-08-24,EU,news,Waterless skincare,Beauty,33.75,0.47,0.74,36,0.41,0.31,1
2026-08-24,EU,search,Smart hydration bottle,Electronics,44.59,0.52,0.73,36,0.41,0.31,1
2026-08-24,EU,reddit,Smart hydration bottle,Electronics,32.45,0.46,0.69,36,0.41,0.31,1
2026-08-24,EU,youtube,Smart hydration bottle,Electronics,57.54,0.45,0.65,36,0.41,0.31,1
2026-08-24,EU,marketplace,Smart hydration bottle,Electronics,43.28,0.43,0.66,36,0.41,0.31,1
2026-08-24,EU,news,Smart hydration bottle,Electronics,25.21,0.5,0.63,36,0.41,0.31,1
2026-08-24,EU,search,Walking pad,Fitness,32.89,0.33,0.51,49,0.64,0.48,1
2026-08-24,EU,reddit,Walking pad,Fitness,25.07,0.38,0.55,49,0.64,0.48,1
2026-08-24,EU,youtube,Walking pad,Fitness,44.01,0.36,0.57,49,0.64,0.48,1
2026-08-24,EU,marketplace,Walking pad,Fitness,27.64,0.37,0.57,49,0.64,0.48,1
2026-08-24,EU,news,Walking pad,Fitness,17.42,0.35,0.54,49,0.64,0.48,1
2026-08-24,EU,search,Millet snacks,Food,38.39,0.4,0.75,36,0.41,0.31,1
2026-08-24,EU,reddit,Millet snacks,Food,29.63,0.44,0.77,36,0.41,0.31,1
2026-08-24,EU,youtube,Millet snacks,Food,53.37,0.43,0.75,36,0.41,0.31,1
2026-08-24,EU,marketplace,Millet snacks,Food,37.51,0.4,0.77,36,0.41,0.31,1
2026-08-24,EU,news,Millet snacks,Food,21.61,0.39,0.79,36,0.41,0.31,1
2026-08-24,EU,search,Portable blender,Home,31.71,0.34,0.5,49,0.64,0.48,1
2026-08-24,EU,reddit,Portable blender,Home,21.69,0.32,0.48,49,0.64,0.48,1
2026-08-24,EU,youtube,Portable blender,Home,37.91,0.33,0.46,49,0.64,0.48,1
2026-08-24,EU,marketplace,Portable blender,Home,27.19,0.32,0.46,49,0.64,0.48,1
2026-08-24,EU,news,Portable blender,Home,17.01,0.28,0.5,49,0.64,0.48,1
2026-08-24,IN,search,Waterless skincare,Beauty,62.53,0.54,0.69,36,0.41,0.31,1
2026-08-24,IN,reddit,Waterless skincare,Beauty,47.01,0.51,0.68,36,0.41,0.31,1
2026-08-24,IN,youtube,Waterless skincare,Beauty,86.71,0.55,0.67,36,0.41,0.31,1
2026-08-24,IN,marketplace,Waterless skincare,Beauty,55.61,0.58,0.67,36,0.41,0.31,1
2026-08-24,IN,news,Waterless skincare,Beauty,36.95,0.56,0.74,36,0.41,0.31,1
2026-08-24,IN,search,Smart hydration bottle,Electronics,48.57,0.45,0.7,36,0.41,0.31,1
2026-08-24,IN,reddit,Smart hydration bottle,Electronics,34.91,0.43,0.64,36,0.41,0.31,1
2026-08-24,IN,youtube,Smart hydration bottle,Electronics,62.14,0.53,0.73,36,0.41,0.31,1
2026-08-24,IN,marketplace,Smart hydration bottle,Electronics,44.63,0.5,0.64,36,0.41,0.31,1
2026-08-24,IN,news,Smart hydration bottle,Electronics,27.47,0.48,0.64,36,0.41,0.31,1
2026-08-24,IN,search,Walking pad,Fitness,33.4,0.38,0.58,49,0.64,0.48,1
2026-08-24,IN,reddit,Walking pad,Fitness,24.08,0.35,0.54,49,0.64,0.48,1
2026-08-24,IN,youtube,Walking pad,Fitness,43.47,0.39,0.59,49,0.64,0.48,1
2026-08-24,IN,marketplace,Walking pad,Fitness,29.29,0.33,0.51,49,0.64,0.48,1
2026-08-24,IN,news,Walking pad,Fitness,17.75,0.36,0.58,49,0.64,0.48,1
2026-08-24,IN,search,Millet snacks,Food,53.89,0.41,0.71,36,0.41,0.31,1
2026-08-24,IN,reddit,Millet snacks,Food,38.29,0.46,0.77,36,0.41,0.31,1
2026-08-24,IN,youtube,Millet snacks,Food,74.11,0.46,0.77,36,0.41,0.31,1
2026-08-24,IN,marketplace,Millet snacks,Food,51.23,0.38,0.73,36,0.41,0.31,1
2026-08-24,IN,news,Millet snacks,Food,28.73,0.42,0.78,36,0.41,0.31,1
2026-08-24,IN,search,Portable blender,Home,28.67,0.25,0.45,49,0.64,0.48,1
2026-08-24,IN,reddit,Portable blender,Home,21.63,0.32,0.44,49,0.64,0.48,1
2026-08-24,IN,youtube,Portable blender,Home,38.83,0.35,0.46,49,0.64,0.48,1
2026-08-24,IN,marketplace,Portable blender,Home,25.05,0.25,0.49,49,0.64,0.48,1
2026-08-24,IN,news,Portable blender,Home,14.43,0.33,0.51,49,0.64,0.48,1
2026-08-25,US,search,Waterless skincare,Beauty,54.74,0.5,0.72,36,0.41,0.31,1
2026-08-25,US,reddit,Waterless skincare,Beauty,42.88,0.51,0.68,36,0.41,0.31,1
2026-08-25,US,youtube,Waterless skincare,Beauty,78.74,0.55,0.7,36,0.41,0.31,1
2026-08-25,US,marketplace,Waterless skincare,Beauty,49.51,0.56,0.7,36,0.41,0.31,1
2026-08-25,US,news,Waterless skincare,Beauty,31.38,0.47,0.71,36,0.41,0.31,1
2026-08-25,US,search,Smart hydration bottle,Electronics,58.6,0.49,0.68,36,0.41,0.31,1
2026-08-25,US,reddit,Smart hydration bottle,Electronics,42.23,0.52,0.72,36,0.41,0.31,1
2026-08-25,US,youtube,Smart hydration bottle,Electronics,80.25,0.42,0.64,36,0.41,0.31,1
2026-08-25,US,marketplace,Smart hydration bottle,Electronics,51.24,0.47,0.67,36,0.41,0.31,1
2026-08-25,US,news,Smart hydration bottle,Electronics,31.26,0.44,0.7,36,0.41,0.31,1
2026-08-25,US,search,Walking pad,Fitness,36.98,0.35,0.54,49,0.64,0.48,1
2026-08-25,US,reddit,Walking pad,Fitness,27.5,0.37,0.6,49,0.64,0.48,1
2026-08-25,US,youtube,Walking pad,Fitness,53.83,0.39,0.58,49,0.64,0.48,1
2026-08-25,US,marketplace,Walking pad,Fitness,33.18,0.41,0.57,49,0.64,0.48,1
2026-08-25,US,news,Walking pad,Fitness,21.06,0.39,0.56,49,0.64,0.48,1
2026-08-25,US,search,Millet snacks,Food,43.77,0.49,0.81,36,0.41,0.31,1
2026-08-25,US,reddit,Millet snacks,Food,31.72,0.45,0.74,36,0.41,0.31,1
2026-08-25,US,youtube,Millet snacks,Food,58.8,0.4,0.8,36,0.41,0.31,1
2026-08-25,US,marketplace,Millet snacks,Food,39.39,0.47,0.74,36,0.41,0.31,1
2026-08-25,US,news,Millet snacks,Food,22.99,0.48,0.75,36,0.41,0.31,1
2026-08-25,US,search,Portable blender,Home,27.44,0.32,0.45,49,0.64,0.48,1
2026-08-25,US,reddit,Portable blender,Home,21.01,0.34,0.46,49,0.64,0.48,1
2026-08-25,US,youtube,Portable blender,Home,36.75,0.33,0.53,49,0.64,0.48,1
2026-08-25,US,marketplace,Portable blender,Home,26.52,0.32,0.49,49,0.64,0.48,1
2026-08-25,US,news,Portable blender,Home,14.44,0.28,0.46,49,0.64,0.48,1
2026-08-25,GB,search,Waterless skincare,Beauty,57.84,0.51,0.69,36,0.41,0.31,1
2026-08-25,GB,reddit,Waterless skincare,Beauty,46.74,0.53,0.74,36,0.41,0.31,1
2026-08-25,GB,youtube,Waterless skincare,Beauty,81.87,0.55,0.77,36,0.41,0.31,1
2026-08-25,GB,marketplace,Waterless skincare,Beauty,54.69,0.55,0.71,36,0.41,0.31,1
2026-08-25,GB,news,Waterless skincare,Beauty,30.07,0.47,0.75,36,0.41,0.31,1
2026-08-25,GB,search,Smart hydration bottle,Electronics,43.44,0.49,0.63,36,0.41,0.31,1
2026-08-25,GB,reddit,Smart hydration bottle,Electronics,34.01,0.48,0.66,36,0.41,0.31,1
2026-08-25,GB,youtube,Smart hydration bottle,Electronics,59.88,0.42,0.68,36,0.41,0.31,1
2026-08-25,GB,marketplace,Smart hydration bottle,Electronics,41.7,0.53,0.67,36,0.41,0.31,1
2026-08-25,GB,news,Smart hydration bottle,Electronics,23.58,0.43,0.72,36,0.41,0.31,1
2026-08-25,GB,search,Walking pad,Fitness,40.1,0.42,0.57,49,0.64,0.48,1
2026-08-25,GB,reddit,Walking pad,Fitness,28.67,0.37,0.59,49,0.64,0.48,1
2026-08-25,GB,youtube,Walking pad,Fitness,48.79,0.4,0.56,49,0.64,0.48,1
2026-08-25,GB,marketplace,Walking pad,Fitness,33.82,0.41,0.54,49,0.64,0.48,1
2026-08-25,GB,news,Walking pad,Fitness,20.06,0.33,0.5,49,0.64,0.48,1
2026-08-25,GB,search,Millet snacks,Food,41.69,0.41,0.79,36,0.41,0.31,1
2026-08-25,GB,reddit,Millet snacks,Food,30.65,0.5,0.75,36,0.41,0.31,1
2026-08-25,GB,youtube,Millet snacks,Food,54.53,0.38,0.77,36,0.41,0.31,1
2026-08-25,GB,marketplace,Millet snacks,Food,37.17,0.46,0.74,36,0.41,0.31,1
2026-08-25,GB,news,Millet snacks,Food,22.97,0.42,0.79,36,0.41,0.31,1
2026-08-25,GB,search,Portable blender,Home,29.05,0.34,0.49,49,0.64,0.48,1
2026-08-25,GB,reddit,Portable blender,Home,20.77,0.24,0.46,49,0.64,0.48,1
2026-08-25,GB,youtube,Portable blender,Home,39.11,0.26,0.45,49,0.64,0.48,1
2026-08-25,GB,marketplace,Portable blender,Home,24.59,0.32,0.43,49,0.64,0.48,1
2026-08-25,GB,news,Portable blender,Home,16.21,0.35,0.46,49,0.64,0.48,1
2026-08-25,EU,search,Waterless skincare,Beauty,60.77,0.53,0.72,36,0.41,0.31,1
2026-08-25,EU,reddit,Waterless skincare,Beauty,47.65,0.49,0.74,36,0.41,0.31,1
2026-08-25,EU,youtube,Waterless skincare,Beauty,85.86,0.52,0.72,36,0.41,0.31,1
2026-08-25,EU,marketplace,Waterless skincare,Beauty,55.53,0.47,0.69,36,0.41,0.31,1
2026-08-25,EU,news,Waterless skincare,Beauty,32.42,0.47,0.77,36,0.41,0.31,1
2026-08-25,EU,search,Smart hydration bottle,Electronics,47.11,0.47,0.72,36,0.41,0.31,1
2026-08-25,EU,reddit,Smart hydration bottle,Electronics,32.14,0.45,0.68,36,0.41,0.31,1
2026-08-25,EU,youtube,Smart hydration bottle,Electronics,61.1,0.42,0.63,36,0.41,0.31,1
2026-08-25,EU,marketplace,Smart hydration bottle,Electronics,39.7,0.42,0.63,36,0.41,0.31,1
2026-08-25,EU,news,Smart hydration bottle,Electronics,23.44,0.45,0.64,36,0.41,0.31,1
2026-08-25,EU,search,Walking pad,Fitness,31.9,0.4,0.58,49,0.64,0.48,1
2026-08-25,EU,reddit,Walking pad,Fitness,22.89,0.31,0.59,49,0.64,0.48,1
2026-08-25,EU,youtube,Walking pad,Fitness,45.27,0.42,0.59,49,0.64,0.48,1
2026-08-25,EU,marketplace,Walking pad,Fitness,29.27,0.37,0.59,49,0.64,0.48,1
2026-08-25,EU,news,Walking pad,Fitness,17.4,0.36,0.58,49,0.64,0.48,1
2026-08-25,EU,search,Millet snacks,Food,38.72,0.42,0.76,36,0.41,0.31,1
2026-08-25,EU,reddit,Millet snacks,Food,29.09,0.43,0.77,36,0.41,0.31,1
2026-08-25,EU,youtube,Millet snacks,Food,56.75,0.46,0.71,36,0.41,0.31,1
2026-08-25,EU,marketplace,Millet snacks,Food,36.74,0.39,0.72,36,0.41,0.31,1
2026-08-25,EU,news,Millet snacks,Food,22.22,0.49,0.75,36,0.41,0.31,1
2026-08-25,EU,search,Portable blender,Home,28.07,0.26,0.44,49,0.64,0.48,1
2026-08-25,EU,reddit,Portable blender,Home,23.85,0.28,0.44,49,0.64,0.48,1
2026-08-25,EU,youtube,Portable blender,Home,41.25,0.31,0.5,49,0.64,0.48,1
2026-08-25,EU,marketplace,Portable blender,Home,27.68,0.28,0.44,49,0.64,0.48,1
2026-08-25,EU,news,Portable blender,Home,15.48,0.34,0.5,49,0.64,0.48,1
2026-08-25,IN,search,Waterless skincare,Beauty,61.38,0.5,0.7,36,0.41,0.31,1
2026-08-25,IN,reddit,Waterless skincare,Beauty,49.75,0.53,0.69,36,0.41,0.31,1
2026-08-25,IN,youtube,Waterless skincare,Beauty,87.49,0.47,0.69,36,0.41,0.31,1
2026-08-25,IN,marketplace,Waterless skincare,Beauty,58.22,0.53,0.74,36,0.41,0.31,1
2026-08-25,IN,news,Waterless skincare,Beauty,35.7,0.55,0.69,36,0.41,0.31,1
2026-08-25,IN,search,Smart hydration bottle,Electronics,48.82,0.44,0.68,36,0.41,0.31,1
2026-08-25,IN,reddit,Smart hydration bottle,Electronics,35.01,0.47,0.68,36,0.41,0.31,1
2026-08-25,IN,youtube,Smart hydration bottle,Electronics,66.62,0.42,0.69,36,0.41,0.31,1
2026-08-25,IN,marketplace,Smart hydration bottle,Electronics,44.29,0.52,0.68,36,0.41,0.31,1
2026-08-25,IN,news,Smart hydration bottle,Electronics,27.45,0.52,0.71,36,0.41,0.31,1
2026-08-25,IN,search,Walking pad,Fitness,35.11,0.4,0.58,49,0.64,0.48,1
2026-08-25,IN,reddit,Walking pad,Fitness,23.27,0.33,0.56,49,0.64,0.48,1
2026-08-25,IN,youtube,Walking pad,Fitness,47.9,0.37,0.55,49,0.64,0.48,1
2026-08-25,IN,marketplace,Walking pad,Fitness,29.05,0.39,0.57,49,0.64,0.48,1
2026-08-25,IN,news,Walking pad,Fitness,17.07,0.32,0.52,49,0.64,0.48,1
2026-08-25,IN,search,Millet snacks,Food,51.16,0.46,0.77,36,0.41,0.31,1
2026-08-25,IN,reddit,Millet snacks,Food,38.18,0.45,0.78,36,0.41,0.31,1
2026-08-25,IN,youtube,Millet snacks,Food,71.16,0.38,0.75,36,0.41,0.31,1
2026-08-25,IN,marketplace,Millet snacks,Food,47.0,0.44,0.8,36,0.41,0.31,1
2026-08-25,IN,news,Millet snacks,Food,29.09,0.42,0.74,36,0.41,0.31,1
2026-08-25,IN,search,Portable blender,Home,26.17,0.27,0.45,49,0.64,0.48,1
2026-08-25,IN,reddit,Portable blender,Home,21.8,0.25,0.51,49,0.64,0.48,1
2026-08-25,IN,youtube,Portable blender,Home,37.58,0.24,0.47,49,0.64,0.48,1
2026-08-25,IN,marketplace,Portable blender,Home,24.85,0.34,0.48,49,0.64,0.48,1
2026-08-25,IN,news,Portable blender,Home,15.49,0.35,0.51,49,0.64,0.48,1
2026-08-26,US,search,Waterless skincare,Beauty,59.31,0.53,0.73,36,0.41,0.31,1
2026-08-26,US,reddit,Waterless skincare,Beauty,44.18,0.56,0.68,36,0.41,0.31,1
2026-08-26,US,youtube,Waterless skincare,Beauty,73.01,0.58,0.77,36,0.41,0.31,1
2026-08-26,US,marketplace,Waterless skincare,Beauty,49.84,0.51,0.67,36,0.41,0.31,1
2026-08-26,US,news,Waterless skincare,Beauty,31.27,0.55,0.69,36,0.41,0.31,1
2026-08-26,US,search,Smart hydration bottle,Electronics,57.63,0.42,0.67,36,0.41,0.31,1
2026-08-26,US,reddit,Smart hydration bottle,Electronics,41.44,0.47,0.68,36,0.41,0.31,1
2026-08-26,US,youtube,Smart hydration bottle,Electronics,76.89,0.49,0.66,36,0.41,0.31,1
2026-08-26,US,marketplace,Smart hydration bottle,Electronics,51.28,0.49,0.65,36,0.41,0.31,1
2026-08-26,US,news,Smart hydration bottle,Electronics,30.15,0.51,0.68,36,0.41,0.31,1
2026-08-26,US,search,Walking pad,Fitness,35.67,0.36,0.56,50,0.65,0.49,1
2026-08-26,US,reddit,Walking pad,Fitness,27.64,0.42,0.57,50,0.65,0.49,1
2026-08-26,US,youtube,Walking pad,Fitness,47.49,0.4,0.53,50,0.65,0.49,1
2026-08-26,US,marketplace,Walking pad,Fitness,33.34,0.4,0.54,50,0.65,0.49,1
2026-08-26,US,news,Walking pad,Fitness,21.14,0.42,0.53,50,0.65,0.49,1
2026-08-26,US,search,Millet snacks,Food,43.66,0.48,0.76,36,0.41,0.31,1
2026-08-26,US,reddit,Millet snacks,Food,33.5,0.42,0.78,36,0.41,0.31,1
2026-08-26,US,youtube,Millet snacks,Food,57.7,0.49,0.77,36,0.41,0.31,1
2026-08-26,US,marketplace,Millet snacks,Food,35.27,0.39,0.76,36,0.41,0.31,1
2026-08-26,US,news,Millet snacks,Food,24.45,0.47,0.72,36,0.41,0.31,1
2026-08-26,US,search,Portable blender,Home,26.17,0.32,0.48,50,0.65,0.49,1
2026-08-26,US,reddit,Portable blender,Home,20.03,0.26,0.52,50,0.65,0.49,1
2026-08-26,US,youtube,Portable blender,Home,35.13,0.29,0.46,50,0.65,0.49,1
2026-08-26,US,marketplace,Portable blender,Home,24.63,0.35,0.49,50,0.65,0.49,1
2026-08-26,US,news,Portable blender,Home,14.28,0.28,0.52,50,0.65,0.49,1
2026-08-26,GB,search,Waterless skincare,Beauty,62.77,0.46,0.73,36,0.41,0.31,1
2026-08-26,GB,reddit,Waterless skincare,Beauty,42.22,0.55,0.77,36,0.41,0.31,1
2026-08-26,GB,youtube,Waterless skincare,Beauty,83.3,0.49,0.71,36,0.41,0.31,1
2026-08-26,GB,marketplace,Waterless skincare,Beauty,54.37,0.48,0.72,36,0.41,0.31,1
2026-08-26,GB,news,Waterless skincare,Beauty,32.35,0.51,0.69,36,0.41,0.31,1
2026-08-26,GB,search,Smart hydration bottle,Electronics,46.88,0.5,0.72,36,0.41,0.31,1
2026-08-26,GB,reddit,Smart hydration bottle,Electronics,33.96,0.5,0.72,36,0.41,0.31,1
2026-08-26,GB,youtube,Smart hydration bottle,Electronics,64.61,0.48,0.65,36,0.41,0.31,1
2026-08-26,GB,marketplace,Smart hydration bottle,Electronics,42.18,0.52,0.64,36,0.41,0.31,1
2026-08-26,GB,news,Smart hydration bottle,Electronics,26.3,0.47,0.66,36,0.41,0.31,1
2026-08-26,GB,search,Walking pad,Fitness,36.82,0.41,0.53,50,0.65,0.49,1
2026-08-26,GB,reddit,Walking pad,Fitness,28.22,0.37,0.6,50,0.65,0.49,1
2026-08-26,GB,youtube,Walking pad,Fitness,48.39,0.33,0.55,50,0.65,0.49,1
2026-08-26,GB,marketplace,Walking pad,Fitness,35.55,0.33,0.52,50,0.65,0.49,1
2026-08-26,GB,news,Walking pad,Fitness,20.11,0.39,0.59,50,0.65,0.49,1
2026-08-26,GB,search,Millet snacks,Food,38.74,0.39,0.72,36,0.41,0.31,1
2026-08-26,GB,reddit,Millet snacks,Food,30.68,0.46,0.79,36,0.41,0.31,1
2026-08-26,GB,youtube,Millet snacks,Food,56.69,0.46,0.8,36,0.41,0.31,1
2026-08-26,GB,marketplace,Millet snacks,Food,36.06,0.49,0.81,36,0.41,0.31,1
2026-08-26,GB,news,Millet snacks,Food,21.64,0.43,0.79,36,0.41,0.31,1
2026-08-26,GB,search,Portable blender,Home,29.31,0.35,0.49,50,0.65,0.49,1
2026-08-26,GB,reddit,Portable blender,Home,19.29,0.32,0.46,50,0.65,0.49,1
2026-08-26,GB,youtube,Portable blender,Home,39.77,0.29,0.51,50,0.65,0.49,1
2026-08-26,GB,marketplace,Portable blender,Home,25.68,0.32,0.47,50,0.65,0.49,1
2026-08-26,GB,news,Portable blender,Home,14.3,0.35,0.45,50,0.65,0.49,1
2026-08-26,EU,search,Waterless skincare,Beauty,58.24,0.53,0.69,36,0.41,0.31,1
2026-08-26,EU,reddit,Waterless skincare,Beauty,46.58,0.49,0.75,36,0.41,0.31,1
2026-08-26,EU,youtube,Waterless skincare,Beauty,85.48,0.48,0.77,36,0.41,0.31,1
2026-08-26,EU,marketplace,Waterless skincare,Beauty,53.19,0.52,0.74,36,0.41,0.31,1
2026-08-26,EU,news,Waterless skincare,Beauty,35.56,0.55,0.76,36,0.41,0.31,1
2026-08-26,EU,search,Smart hydration bottle,Electronics,43.18,0.44,0.69,36,0.41,0.31,1
2026-08-26,EU,reddit,Smart hydration bottle,Electronics,35.62,0.43,0.68,36,0.41,0.31,1
2026-08-26,EU,youtube,Smart hydration bottle,Electronics,59.06,0.46,0.64,36,0.41,0.31,1
2026-08-26,EU,marketplace,Smart hydration bottle,Electronics,40.88,0.43,0.68,36,0.41,0.31,1
2026-08-26,EU,news,Smart hydration bottle,Electronics,24.95,0.53,0.65,36,0.41,0.31,1
2026-08-26,EU,search,Walking pad,Fitness,31.51,0.31,0.59,50,0.65,0.49,1
2026-08-26,EU,reddit,Walking pad,Fitness,23.93,0.33,0.52,50,0.65,0.49,1
2026-08-26,EU,youtube,Walking pad,Fitness,46.56,0.37,0.54,50,0.65,0.49,1
2026-08-26,EU,marketplace,Walking pad,Fitness,28.07,0.39,0.59,50,0.65,0.49,1
2026-08-26,EU,news,Walking pad,Fitness,16.7,0.43,0.56,50,0.65,0.49,1
2026-08-26,EU,search,Millet snacks,Food,41.58,0.49,0.75,36,0.41,0.31,1
2026-08-26,EU,reddit,Millet snacks,Food,28.42,0.48,0.76,36,0.41,0.31,1
2026-08-26,EU,youtube,Millet snacks,Food,55.81,0.46,0.72,36,0.41,0.31,1
2026-08-26,EU,marketplace,Millet snacks,Food,34.35,0.47,0.75,36,0.41,0.31,1
2026-08-26,EU,news,Millet snacks,Food,22.15,0.4,0.76,36,0.41,0.31,1
2026-08-26,EU,search,Portable blender,Home,31.38,0.27,0.46,50,0.65,0.49,1
2026-08-26,EU,reddit,Portable blender,Home,22.66,0.27,0.47,50,0.65,0.49,1
2026-08-26,EU,youtube,Portable blender,Home,41.12,0.3,0.52,50,0.65,0.49,1
2026-08-26,EU,marketplace,Portable blender,Home,26.86,0.26,0.49,50,0.65,0.49,1
2026-08-26,EU,news,Portable blender,Home,17.13,0.3,0.45,50,0.65,0.49,1
2026-08-26,IN,search,Waterless skincare,Beauty,65.08,0.54,0.7,36,0.41,0.31,1
2026-08-26,IN,reddit,Waterless skincare,Beauty,47.93,0.57,0.69,36,0.41,0.31,1
2026-08-26,IN,youtube,Waterless skincare,Beauty,83.15,0.51,0.69,36,0.41,0.31,1
2026-08-26,IN,marketplace,Waterless skincare,Beauty,60.63,0.5,0.67,36,0.41,0.31,1
2026-08-26,IN,news,Waterless skincare,Beauty,35.16,0.55,0.77,36,0.41,0.31,1
2026-08-26,IN,search,Smart hydration bottle,Electronics,44.71,0.51,0.65,36,0.41,0.31,1
2026-08-26,IN,reddit,Smart hydration bottle,Electronics,33.81,0.52,0.66,36,0.41,0.31,1
2026-08-26,IN,youtube,Smart hydration bottle,Electronics,59.45,0.51,0.66,36,0.41,0.31,1
2026-08-26,IN,marketplace,Smart hydration bottle,Electronics,44.59,0.47,0.69,36,0.41,0.31,1
2026-08-26,IN,news,Smart hydration bottle,Electronics,26.33,0.47,0.73,36,0.41,0.31,1
2026-08-26,IN,search,Walking pad,Fitness,31.98,0.39,0.52,50,0.65,0.49,1
2026-08-26,IN,reddit,Walking pad,Fitness,26.57,0.31,0.59,50,0.65,0.49,1
2026-08-26,IN,youtube,Walking pad,Fitness,41.97,0.42,0.51,50,0.65,0.49,1
2026-08-26,IN,marketplace,Walking pad,Fitness,29.44,0.4,0.54,50,0.65,0.49,1
2026-08-26,IN,news,Walking pad,Fitness,19.45,0.42,0.55,50,0.65,0.49,1
2026-08-26,IN,search,Millet snacks,Food,51.98,0.42,0.72,36,0.41,0.31,1
2026-08-26,IN,reddit,Millet snacks,Food,41.14,0.44,0.74,36,0.41,0.31,1
2026-08-26,IN,youtube,Millet snacks,Food,72.7,0.49,0.81,36,0.41,0.31,1
2026-08-26,IN,marketplace,Millet snacks,Food,45.37,0.49,0.75,36,0.41,0.31,1
2026-08-26,IN,news,Millet snacks,Food,30.22,0.39,0.71,36,0.41,0.31,1
2026-08-26,IN,search,Portable blender,Home,26.9,0.29,0.43,50,0.65,0.49,1
2026-08-26,IN,reddit,Portable blender,Home,21.39,0.33,0.5,50,0.65,0.49,1
2026-08-26,IN,youtube,Portable blender,Home,38.55,0.33,0.45,50,0.65,0.49,1
2026-08-26,IN,marketplace,Portable blender,Home,24.48,0.24,0.47,50,0.65,0.49,1
2026-08-26,IN,news,Portable blender,Home,14.17,0.25,0.46,50,0.65,0.49,1
2026-08-27,US,search,Waterless skincare,Beauty,58.27,0.48,0.75,37,0.42,0.31,1
2026-08-27,US,reddit,Waterless skincare,Beauty,43.49,0.57,0.74,37,0.42,0.31,1
2026-08-27,US,youtube,Waterless skincare,Beauty,81.15,0.48,0.7,37,0.42,0.31,1
2026-08-27,US,marketplace,Waterless skincare,Beauty,48.22,0.46,0.71,37,0.42,0.31,1
2026-08-27,US,news,Waterless skincare,Beauty,31.31,0.53,0.7,37,0.42,0.31,1
2026-08-27,US,search,Smart hydration bottle,Electronics,56.04,0.53,0.71,37,0.42,0.31,1
2026-08-27,US,reddit,Smart hydration bottle,Electronics,40.12,0.42,0.66,37,0.42,0.31,1
2026-08-27,US,youtube,Smart hydration bottle,Electronics,79.95,0.52,0.66,37,0.42,0.31,1
2026-08-27,US,marketplace,Smart hydration bottle,Electronics,53.45,0.51,0.69,37,0.42,0.31,1
2026-08-27,US,news,Smart hydration bottle,Electronics,30.28,0.5,0.71,37,0.42,0.31,1
2026-08-27,US,search,Walking pad,Fitness,34.65,0.32,0.51,50,0.65,0.49,1
2026-08-27,US,reddit,Walking pad,Fitness,29.54,0.39,0.58,50,0.65,0.49,1
2026-08-27,US,youtube,Walking pad,Fitness,51.01,0.35,0.52,50,0.65,0.49,1
2026-08-27,US,marketplace,Walking pad,Fitness,34.22,0.31,0.53,50,0.65,0.49,1
2026-08-27,US,news,Walking pad,Fitness,21.68,0.31,0.54,50,0.65,0.49,1
2026-08-27,US,search,Millet snacks,Food,41.49,0.41,0.74,37,0.42,0.31,1
2026-08-27,US,reddit,Millet snacks,Food,33.25,0.46,0.79,37,0.42,0.31,1
2026-08-27,US,youtube,Millet snacks,Food,56.44,0.39,0.76,37,0.42,0.31,1
2026-08-27,US,marketplace,Millet snacks,Food,39.0,0.42,0.78,37,0.42,0.31,1
2026-08-27,US,news,Millet snacks,Food,21.6,0.45,0.79,37,0.42,0.31,1
2026-08-27,US,search,Portable blender,Home,27.74,0.25,0.51,50,0.65,0.49,1
2026-08-27,US,reddit,Portable blender,Home,20.88,0.25,0.51,50,0.65,0.49,1
2026-08-27,US,youtube,Portable blender,Home,35.5,0.35,0.52,50,0.65,0.49,1
2026-08-27,US,marketplace,Portable blender,Home,23.3,0.33,0.45,50,0.65,0.49,1
2026-08-27,US,news,Portable blender,Home,15.16,0.34,0.5,50,0.65,0.49,1
2026-08-27,GB,search,Waterless skincare,Beauty,55.93,0.56,0.76,37,0.42,0.31,1
2026-08-27,GB,reddit,Waterless skincare,Beauty,44.48,0.47,0.75,37,0.42,0.31,1
2026-08-27,GB,youtube,Waterless skincare,Beauty,78.61,0.51,0.7,37,0.42,0.31,1
2026-08-27,GB,marketplace,Waterless skincare,Beauty,49.65,0.5,0.68,37,0.42,0.31,1
2026-08-27,GB,news,Waterless skincare,Beauty,33.47,0.58,0.68,37,0.42,0.31,1
2026-08-27,GB,search,Smart hydration bottle,Electronics,47.72,0.49,0.65,37,0.42,0.31,1
2026-08-27,GB,reddit,Smart hydration bottle,Electronics,35.07,0.44,0.65,37,0.42,0.31,1
2026-08-27,GB,youtube,Smart hydration bottle,Electronics,66.3,0.51,0.67,37,0.42,0.31,1
2026-08-27,GB,marketplace,Smart hydration bottle,Electronics,42.91,0.44,0.66,37,0.42,0.31,1
2026-08-27,GB,news,Smart hydration bottle,Electronics,25.0,0.43,0.73,37,0.42,0.31,1
2026-08-27,GB,search,Walking pad,Fitness,37.99,0.37,0.53,50,0.65,0.49,1
2026-08-27,GB,reddit,Walking pad,Fitness,26.46,0.42,0.59,50,0.65,0.49,1
2026-08-27,GB,youtube,Walking pad,Fitness,54.19,0.41,0.55,50,0.65,0.49,1
2026-08-27,GB,marketplace,Walking pad,Fitness,33.39,0.34,0.56,50,0.65,0.49,1
2026-08-27,GB,news,Walking pad,Fitness,20.98,0.33,0.57,50,0.65,0.49,1
2026-08-27,GB,search,Millet snacks,Food,42.21,0.47,0.71,37,0.42,0.31,1
2026-08-27,GB,reddit,Millet snacks,Food,29.38,0.38,0.75,37,0.42,0.31,1
2026-08-27,GB,youtube,Millet snacks,Food,53.11,0.39,0.77,37,0.42,0.31,1
2026-08-27,GB,marketplace,Millet snacks,Food,37.46,0.48,0.77,37,0.42,0.31,1
2026-08-27,GB,news,Millet snacks,Food,20.98,0.42,0.71,37,0.42,0.31,1
2026-08-27,GB,search,Portable blender,Home,29.24,0.33,0.46,50,0.65,0.49,1
2026-08-27,GB,reddit,Portable blender,Home,21.06,0.34,0.5,50,0.65,0.49,1
2026-08-27,GB,youtube,Portable blender,Home,36.16,0.24,0.46,50,0.65,0.49,1
2026-08-27,GB,marketplace,Portable blender,Home,24.88,0.34,0.48,50,0.65,0.49,1
2026-08-27,GB,news,Portable blender,Home,14.39,0.24,0.44,50,0.65,0.49,1
2026-08-27,EU,search,Waterless skincare,Beauty,59.53,0.49,0.73,37,0.42,0.31,1
2026-08-27,EU,reddit,Waterless skincare,Beauty,44.51,0.47,0.68,37,0.42,0.31,1
2026-08-27,EU,youtube,Waterless skincare,Beauty,78.87,0.57,0.76,37,0.42,0.31,1
2026-08-27,EU,marketplace,Waterless skincare,Beauty,51.68,0.48,0.7,37,0.42,0.31,1
2026-08-27,EU,news,Waterless skincare,Beauty,33.41,0.54,0.72,37,0.42,0.31,1
2026-08-27,EU,search,Smart hydration bottle,Electronics,43.79,0.53,0.67,37,0.42,0.31,1
2026-08-27,EU,reddit,Smart hydration bottle,Electronics,34.73,0.47,0.65,37,0.42,0.31,1
2026-08-27,EU,youtube,Smart hydration bottle,Electronics,59.27,0.45,0.67,37,0.42,0.31,1
2026-08-27,EU,marketplace,Smart hydration bottle,Electronics,39.98,0.42,0.64,37,0.42,0.31,1
2026-08-27,EU,news,Smart hydration bottle,Electronics,24.49,0.5,0.71,37,0.42,0.31,1
2026-08-27,EU,search,Walking pad,Fitness,34.09,0.4,0.53,50,0.65,0.49,1
2026-08-27,EU,reddit,Walking pad,Fitness,23.17,0.37,0.55,50,0.65,0.49,1
2026-08-27,EU,youtube,Walking pad,Fitness,41.98,0.37,0.52,50,0.65,0.49,1
2026-08-27,EU,marketplace,Walking pad,Fitness,29.82,0.35,0.59,50,0.65,0.49,1
2026-08-27,EU,news,Walking pad,Fitness,18.6,0.39,0.56,50,0.65,0.49,1
2026-08-27,EU,search,Millet snacks,Food,38.89,0.42,0.77,37,0.42,0.31,1
2026-08-27,EU,reddit,Millet snacks,Food,31.24,0.39,0.71,37,0.42,0.31,1
2026-08-27,EU,youtube,Millet snacks,Food,53.36,0.47,0.74,37,0.42,0.31,1
2026-08-27,EU,marketplace,Millet snacks,Food,38.5,0.42,0.78,37,0.42,0.31,1
2026-08-27,EU,news,Millet snacks,Food,21.85,0.45,0.8,37,0.42,0.31,1
2026-08-27,EU,search,Portable blender,Home,31.34,0.26,0.5,50,0.65,0.49,1
2026-08-27,EU,reddit,Portable blender,Home,21.93,0.28,0.48,50,0.65,0.49,1
2026-08-27,EU,youtube,Portable blender,Home,39.66,0.25,0.51,50,0.65,0.49,1
2026-08-27,EU,marketplace,Portable blender,Home,26.79,0.26,0.45,50,0.65,0.49,1
2026-08-27,EU,news,Portable blender,Home,15.99,0.27,0.49,50,0.65,0.49,1
2026-08-27,IN,search,Waterless skincare,Beauty,67.81,0.52,0.75,37,0.42,0.31,1
2026-08-27,IN,reddit,Waterless skincare,Beauty,46.4,0.49,0.73,37,0.42,0.31,1
2026-08-27,IN,youtube,Waterless skincare,Beauty,92.75,0.49,0.71,37,0.42,0.31,1
2026-08-27,IN,marketplace,Waterless skincare,Beauty,59.91,0.57,0.71,37,0.42,0.31,1
2026-08-27,IN,news,Waterless skincare,Beauty,35.52,0.52,0.7,37,0.42,0.31,1
2026-08-27,IN,search,Smart hydration bottle,Electronics,44.94,0.51,0.71,37,0.42,0.31,1
2026-08-27,IN,reddit,Smart hydration bottle,Electronics,37.16,0.45,0.72,37,0.42,0.31,1
2026-08-27,IN,youtube,Smart hydration bottle,Electronics,59.89,0.45,0.71,37,0.42,0.31,1
2026-08-27,IN,marketplace,Smart hydration bottle,Electronics,42.27,0.5,0.68,37,0.42,0.31,1
2026-08-27,IN,news,Smart hydration bottle,Electronics,25.26,0.5,0.65,37,0.42,0.31,1
2026-08-27,IN,search,Walking pad,Fitness,34.73,0.36,0.55,50,0.65,0.49,1
2026-08-27,IN,reddit,Walking pad,Fitness,23.98,0.38,0.56,50,0.65,0.49,1
2026-08-27,IN,youtube,Walking pad,Fitness,45.05,0.36,0.55,50,0.65,0.49,1
2026-08-27,IN,marketplace,Walking pad,Fitness,30.14,0.35,0.58,50,0.65,0.49,1
2026-08-27,IN,news,Walking pad,Fitness,19.37,0.35,0.55,50,0.65,0.49,1
2026-08-27,IN,search,Millet snacks,Food,52.6,0.45,0.72,37,0.42,0.31,1
2026-08-27,IN,reddit,Millet snacks,Food,42.11,0.46,0.79,37,0.42,0.31,1
2026-08-27,IN,youtube,Millet snacks,Food,69.0,0.42,0.73,37,0.42,0.31,1
2026-08-27,IN,marketplace,Millet snacks,Food,50.32,0.44,0.79,37,0.42,0.31,1
2026-08-27,IN,news,Millet snacks,Food,29.46,0.49,0.76,37,0.42,0.31,1
2026-08-27,IN,search,Portable blender,Home,28.43,0.27,0.44,50,0.65,0.49,1
2026-08-27,IN,reddit,Portable blender,Home,21.12,0.35,0.46,50,0.65,0.49,1
2026-08-27,IN,youtube,Portable blender,Home,37.76,0.27,0.45,50,0.65,0.49,1
2026-08-27,IN,marketplace,Portable blender,Home,24.65,0.32,0.45,50,0.65,0.49,1
2026-08-27,IN,news,Portable blender,Home,14.28,0.32,0.5,50,0.65,0.49,1
2026-08-28,US,search,Waterless skincare,Beauty,57.3,0.54,0.75,37,0.42,0.31,1
2026-08-28,US,reddit,Waterless skincare,Beauty,44.01,0.51,0.76,37,0.42,0.31,1
2026-08-28,US,youtube,Waterless skincare,Beauty,78.25,0.51,0.72,37,0.42,0.31,1
2026-08-28,US,marketplace,Waterless skincare,Beauty,49.23,0.51,0.7,37,0.42,0.31,1
2026-08-28,US,news,Waterless skincare,Beauty,29.59,0.46,0.72,37,0.42,0.31,1
2026-08-28,US,search,Smart hydration bottle,Electronics,55.08,0.53,0.72,37,0.42,0.31,1
2026-08-28,US,reddit,Smart hydration bottle,Electronics,41.83,0.53,0.64,37,0.42,0.31,1
2026-08-28,US,youtube,Smart hydration bottle,Electronics,72.37,0.45,0.68,37,0.42,0.31,1
2026-08-28,US,marketplace,Smart hydration bottle,Electronics,48.35,0.51,0.69,37,0.42,0.31,1
2026-08-28,US,news,Smart hydration bottle,Electronics,29.48,0.51,0.71,37,0.42,0.31,1
2026-08-28,US,search,Walking pad,Fitness,35.39,0.37,0.56,51,0.66,0.49,1
2026-08-28,US,reddit,Walking pad,Fitness,28.39,0.37,0.54,51,0.66,0.49,1
2026-08-28,US,youtube,Walking pad,Fitness,51.16,0.34,0.6,51,0.66,0.49,1
2026-08-28,US,marketplace,Walking pad,Fitness,33.8,0.38,0.54,51,0.66,0.49,1
2026-08-28,US,news,Walking pad,Fitness,20.81,0.34,0.57,51,0.66,0.49,1
2026-08-28,US,search,Millet snacks,Food,40.96,0.5,0.79,37,0.42,0.31,1
2026-08-28,US,reddit,Millet snacks,Food,33.04,0.4,0.78,37,0.42,0.31,1
2026-08-28,US,youtube,Millet snacks,Food,53.04,0.47,0.73,37,0.42,0.31,1
2026-08-28,US,marketplace,Millet snacks,Food,39.78,0.4,0.76,37,0.42,0.31,1
2026-08-28,US,news,Millet snacks,Food,22.6,0.43,0.76,37,0.42,0.31,1
2026-08-28,US,search,Portable blender,Home,27.41,0.25,0.51,51,0.66,0.49,1
2026-08-28,US,reddit,Portable blender,Home,21.54,0.27,0.5,51,0.66,0.49,1
2026-08-28,US,youtube,Portable blender,Home,38.85,0.27,0.46,51,0.66,0.49,1
2026-08-28,US,marketplace,Portable blender,Home,22.98,0.32,0.46,51,0.66,0.49,1
2026-08-28,US,news,Portable blender,Home,15.69,0.28,0.43,51,0.66,0.49,1
2026-08-28,GB,search,Waterless skincare,Beauty,57.01,0.56,0.68,37,0.42,0.31,1
2026-08-28,GB,reddit,Waterless skincare,Beauty,45.79,0.5,0.75,37,0.42,0.31,1
2026-08-28,GB,youtube,Waterless skincare,Beauty,79.27,0.58,0.72,37,0.42,0.31,1
2026-08-28,GB,marketplace,Waterless skincare,Beauty,53.89,0.52,0.69,37,0.42,0.31,1
2026-08-28,GB,news,Waterless skincare,Beauty,33.61,0.52,0.76,37,0.42,0.31,1
2026-08-28,GB,search,Smart hydration bottle,Electronics,47.84,0.45,0.68,37,0.42,0.31,1
2026-08-28,GB,reddit,Smart hydration bottle,Electronics,33.24,0.45,0.73,37,0.42,0.31,1
2026-08-28,GB,youtube,Smart hydration bottle,Electronics,64.25,0.48,0.7,37,0.42,0.31,1
2026-08-28,GB,marketplace,Smart hydration bottle,Electronics,39.56,0.52,0.64,37,0.42,0.31,1
2026-08-28,GB,news,Smart hydration bottle,Electronics,26.68,0.53,0.68,37,0.42,0.31,1
2026-08-28,GB,search,Walking pad,Fitness,36.0,0.36,0.56,51,0.66,0.49,1
2026-08-28,GB,reddit,Walking pad,Fitness,29.7,0.43,0.54,51,0.66,0.49,1
2026-08-28,GB,youtube,Walking pad,Fitness,53.9,0.37,0.58,51,0.66,0.49,1
2026-08-28,GB,marketplace,Walking pad,Fitness,35.44,0.39,0.59,51,0.66,0.49,1
2026-08-28,GB,news,Walking pad,Fitness,22.04,0.34,0.57,51,0.66,0.49,1
2026-08-28,GB,search,Millet snacks,Food,43.11,0.49,0.79,37,0.42,0.31,1
2026-08-28,GB,reddit,Millet snacks,Food,29.82,0.5,0.78,37,0.42,0.31,1
2026-08-28,GB,youtube,Millet snacks,Food,52.29,0.46,0.77,37,0.42,0.31,1
2026-08-28,GB,marketplace,Millet snacks,Food,38.22,0.46,0.76,37,0.42,0.31,1
2026-08-28,GB,news,Millet snacks,Food,21.23,0.42,0.78,37,0.42,0.31,1
2026-08-28,GB,search,Portable blender,Home,25.42,0.31,0.48,51,0.66,0.49,1
2026-08-28,GB,reddit,Portable blender,Home,21.72,0.32,0.46,51,0.66,0.49,1
2026-08-28,GB,youtube,Portable blender,Home,39.28,0.25,0.47,51,0.66,0.49,1
2026-08-28,GB,marketplace,Portable blender,Home,25.6,0.24,0.44,51,0.66,0.49,1
2026-08-28,GB,news,Portable blender,Home,15.87,0.28,0.47,51,0.66,0.49,1
2026-08-28,EU,search,Waterless skincare,Beauty,61.88,0.5,0.72,37,0.42,0.31,1
2026-08-28,EU,reddit,Waterless skincare,Beauty,49.69,0.51,0.77,37,0.42,0.31,1
2026-08-28,EU,youtube,Waterless skincare,Beauty,88.07,0.53,0.74,37,0.42,0.31,1
2026-08-28,EU,marketplace,Waterless skincare,Beauty,57.21,0.47,0.71,37,0.42,0.31,1
2026-08-28,EU,news,Waterless skincare,Beauty,35.21,0.5,0.71,37,0.42,0.31,1
2026-08-28,EU,search,Smart hydration bottle,Electronics,47.19,0.45,0.73,37,0.42,0.31,1
2026-08-28,EU,reddit,Smart hydration bottle,Electronics,33.79,0.48,0.69,37,0.42,0.31,1
2026-08-28,EU,youtube,Smart hydration bottle,Electronics,57.09,0.45,0.68,37,0.42,0.31,1
2026-08-28,EU,marketplace,Smart hydration bottle,Electronics,41.52,0.47,0.7,37,0.42,0.31,1
2026-08-28,EU,news,Smart hydration bottle,Electronics,24.79,0.43,0.72,37,0.42,0.31,1
2026-08-28,EU,search,Walking pad,Fitness,34.03,0.36,0.51,51,0.66,0.49,1
2026-08-28,EU,reddit,Walking pad,Fitness,23.81,0.34,0.51,51,0.66,0.49,1
2026-08-28,EU,youtube,Walking pad,Fitness,44.66,0.43,0.56,51,0.66,0.49,1
2026-08-28,EU,marketplace,Walking pad,Fitness,28.46,0.34,0.54,51,0.66,0.49,1
2026-08-28,EU,news,Walking pad,Fitness,18.81,0.32,0.54,51,0.66,0.49,1
2026-08-28,EU,search,Millet snacks,Food,41.98,0.43,0.76,37,0.42,0.31,1
2026-08-28,EU,reddit,Millet snacks,Food,31.76,0.4,0.78,37,0.42,0.31,1
2026-08-28,EU,youtube,Millet snacks,Food,55.58,0.43,0.71,37,0.42,0.31,1
2026-08-28,EU,marketplace,Millet snacks,Food,37.11,0.39,0.78,37,0.42,0.31,1
2026-08-28,EU,news,Millet snacks,Food,22.71,0.38,0.79,37,0.42,0.31,1
2026-08-28,EU,search,Portable blender,Home,29.0,0.24,0.46,51,0.66,0.49,1
2026-08-28,EU,reddit,Portable blender,Home,22.7,0.34,0.48,51,0.66,0.49,1
2026-08-28,EU,youtube,Portable blender,Home,37.48,0.25,0.51,51,0.66,0.49,1
2026-08-28,EU,marketplace,Portable blender,Home,27.14,0.33,0.5,51,0.66,0.49,1
2026-08-28,EU,news,Portable blender,Home,15.93,0.29,0.53,51,0.66,0.49,1
2026-08-28,IN,search,Waterless skincare,Beauty,62.75,0.46,0.69,37,0.42,0.31,1
2026-08-28,IN,reddit,Waterless skincare,Beauty,49.43,0.49,0.73,37,0.42,0.31,1
2026-08-28,IN,youtube,Waterless skincare,Beauty,89.19,0.54,0.71,37,0.42,0.31,1
2026-08-28,IN,marketplace,Waterless skincare,Beauty,58.75,0.49,0.69,37,0.42,0.31,1
2026-08-28,IN,news,Waterless skincare,Beauty,33.92,0.58,0.74,37,0.42,0.31,1
2026-08-28,IN,search,Smart hydration bottle,Electronics,49.89,0.47,0.7,37,0.42,0.31,1
2026-08-28,IN,reddit,Smart hydration bottle,Electronics,34.71,0.52,0.65,37,0.42,0.31,1
2026-08-28,IN,youtube,Smart hydration bottle,Electronics,67.83,0.42,0.66,37,0.42,0.31,1
2026-08-28,IN,marketplace,Smart hydration bottle,Electronics,40.81,0.43,0.67,37,0.42,0.31,1
2026-08-28,IN,news,Smart hydration bottle,Electronics,27.05,0.52,0.71,37,0.42,0.31,1
2026-08-28,IN,search,Walking pad,Fitness,34.87,0.37,0.53,51,0.66,0.49,1
2026-08-28,IN,reddit,Walking pad,Fitness,24.14,0.35,0.54,51,0.66,0.49,1
2026-08-28,IN,youtube,Walking pad,Fitness,43.35,0.31,0.5,51,0.66,0.49,1
2026-08-28,IN,marketplace,Walking pad,Fitness,30.65,0.39,0.6,51,0.66,0.49,1
2026-08-28,IN,news,Walking pad,Fitness,16.88,0.42,0.52,51,0.66,0.49,1
2026-08-28,IN,search,Millet snacks,Food,56.33,0.38,0.75,37,0.42,0.31,1
2026-08-28,IN,reddit,Millet snacks,Food,39.72,0.47,0.74,37,0.42,0.31,1
2026-08-28,IN,youtube,Millet snacks,Food,67.83,0.4,0.8,37,0.42,0.31,1
2026-08-28,IN,marketplace,Millet snacks,Food,48.29,0.48,0.81,37,0.42,0.31,1
2026-08-28,IN,news,Millet snacks,Food,29.35,0.43,0.73,37,0.42,0.31,1
2026-08-28,IN,search,Portable blender,Home,29.06,0.3,0.49,51,0.66,0.49,1
2026-08-28,IN,reddit,Portable blender,Home,21.62,0.26,0.47,51,0.66,0.49,1
2026-08-28,IN,youtube,Portable blender,Home,34.58,0.31,0.46,51,0.66,0.49,1
2026-08-28,IN,marketplace,Portable blender,Home,24.12,0.28,0.48,51,0.66,0.49,1
2026-08-28,IN,news,Portable blender,Home,15.62,0.31,0.51,51,0.66,0.49,1
